0.0000 1 1 0.0002
0.0001 1.6703 1.6703 0
0.0002 1.8911 1.8911 0.0008
0.0003 1.9643 1.9643 0.0002
0.0004 1.9878 1.9878 0.0001
0.0005 1.9961 1.9961 0
0.0006 1.9993 1.9993 0
0.0007 2.0002 2.0002 0
0.0008 2.0003 2.0003 0.0001
0.0009 2.0004 2.0004 0
0.0010 2.0005 2.0005 0
0.0011 2.0008 2.0008 0.0002
0.0012 2.0014 2.0014 0
0.0013 2.0018 2.0018 0.0003
0.0014 2.0021 2.0021 0.0002
0.0015 2.0025 2.0025 0.0001
0.0016 2.0029 2.0031 0.0002
0.0017 2.0031 2.0032 0.0001
0.0018 2.0037 2.0038 0
0.0019 2.0048 2.0049 0
0.0020 2.0056 2.0061 0
0.0021 2.0062 2.0071 0
0.0022 2.0063 2.0074 0
0.0023 2.0071 2.0086 0
0.0024 2.0073 2.0094 0
0.0025 2.0082 2.0105 0
0.0026 2.0095 2.0131 0
0.0027 2.0105 2.0147 0.0001
0.0028 2.0127 2.0183 0.0002
0.0029 2.014 2.0219 0
0.0030 2.0151 2.0251 0
0.0031 2.0166 2.0289 0.0002
0.0032 2.0183 2.034 0.0002
0.0033 2.02 2.0382 0
0.0034 2.0215 2.0442 0
0.0035 2.023 2.0506 0
0.0036 2.0247 2.059 0
0.0037 2.0265 2.0702 0
0.0038 2.0279 2.0793 0
0.0039 2.0301 2.0934 0
0.0040 2.0318 2.104 0.0002
0.0041 2.0349 2.1208 0
0.0042 2.0383 2.1387 0
0.0043 2.0405 2.1544 0.0001
0.0044 2.0435 2.1784 0.0002
0.0045 2.0456 2.2027 0
0.0046 2.0493 2.2322 0.0002
0.0047 2.0524 2.2592 0
0.0048 2.0558 2.2901 0
0.0049 2.0595 2.3271 0.0003
0.0050 2.0643 2.3615 0
0.0051 2.0688 2.4005 0
0.0052 2.0727 2.4417 0
0.0053 2.0766 2.4922 0.0001
0.0054 2.0824 2.5457 0.0001
0.0055 2.0866 2.6045 0
0.0056 2.0902 2.6582 0.0001
0.0057 2.0959 2.7233 0.0002
0.0058 2.1001 2.7906 0
0.0059 2.1052 2.8577 0
0.0060 2.1106 2.9267 0.0001
0.0061 2.116 3.0066 0.0001
0.0062 2.1212 3.0908 0
0.0063 2.1258 3.1762 0
0.0064 2.1316 3.2671 0.0002
0.0065 2.1374 3.3599 0
0.0066 2.1433 3.4534 0.0002
0.0067 2.1504 3.5501 0
0.0068 2.157 3.6485 0.0001
0.0069 2.1653 3.7513 0
0.0070 2.172 3.8622 0.0001
0.0071 2.1792 3.974 0
0.0072 2.1861 4.0927 0.0005
0.0073 2.1922 4.215 0.0004
0.0074 2.1999 4.332 0
0.0075 2.2057 4.4468 0
0.0076 2.2149 4.5766 0.0001
0.0077 2.2231 4.7116 0
0.0078 2.2299 4.8495 0
0.0079 2.2372 4.9912 0
0.0080 2.2461 5.129 0
0.0081 2.2546 5.2627 0
0.0082 2.2633 5.3977 0
0.0083 2.2721 5.5447 0.0002
0.0084 2.2803 5.6855 0
0.0085 2.29 5.8348 0
0.0086 2.2976 5.9708 0
0.0087 2.3066 6.1232 0
0.0088 2.3158 6.2848 0.0001
0.0089 2.3243 6.44 0
0.0090 2.3335 6.5854 0
0.0091 2.3427 6.73 0
0.0092 2.3512 6.8737 0.0006
0.0093 2.3596 7.0292 0.0008
0.0094 2.3687 7.183 0.0001
0.0095 2.3784 7.3295 0
0.0096 2.3867 7.4888 0
0.0097 2.3958 7.6355 0
0.0098 2.4062 7.7666 0
0.0099 2.4146 7.9168 0
0.0100 2.4251 8.0595 0
0.0101 2.4348 8.2109 0
0.0102 2.444 8.3649 0.0001
0.0103 2.4534 8.5155 0
0.0104 2.4623 8.6558 0
0.0105 2.4721 8.8045 0
0.0106 2.4811 8.9691 0
0.0107 2.4908 9.1182 0
0.0108 2.4998 9.2726 0.0003
0.0109 2.5084 9.4303 0
0.0110 2.5185 9.5886 0
0.0111 2.5275 9.7288 0
0.0112 2.5377 9.866 0
0.0113 2.5468 10.0124 0
0.0114 2.5557 10.1487 0
0.0115 2.5649 10.2722 0.0001
0.0116 2.5744 10.4104 0
0.0117 2.5837 10.5514 0
0.0118 2.5915 10.6831 0
0.0119 2.6009 10.8278 0
0.0120 2.6105 10.9728 0
0.0121 2.6194 11.0924 0
0.0122 2.6262 11.2264 0
0.0123 2.6352 11.3506 0
0.0124 2.6439 11.4831 0
0.0125 2.6516 11.6261 0
0.0126 2.6602 11.7357 0
0.0127 2.6698 11.8662 0
0.0128 2.678 11.9949 0
0.0129 2.686 12.1137 0
0.0130 2.6943 12.2458 0
0.0131 2.7012 12.3409 0
0.0132 2.7106 12.4359 0
0.0133 2.7171 12.5337 0
0.0134 2.7241 12.6346 0
0.0135 2.733 12.7044 0
0.0136 2.7393 12.8075 0
0.0137 2.7474 12.9044 0
0.0138 2.7566 12.9742 0.0003
0.0139 2.7644 13.044 0
0.0140 2.7727 13.1331 0
0.0141 2.7784 13.1952 0
0.0142 2.7865 13.2843 0
0.0143 2.7943 13.3469 0
0.0144 2.801 13.4092 0
0.0145 2.8074 13.4779 0.0002
0.0146 2.8132 13.5637 0
0.0147 2.8201 13.6021 0
0.0148 2.827 13.6471 0
0.0149 2.8326 13.7232 0
0.0150 2.8374 13.808 0
0.0151 2.8428 13.8504 0
0.0152 2.8481 13.8981 0
0.0153 2.8538 13.9235 0
0.0154 2.8587 13.9875 0
0.0155 2.8635 14.027 0
0.0156 2.8691 14.0193 0
0.0157 2.8756 14.0386 0
0.0158 2.8809 14.0719 0
0.0159 2.8851 14.0727 0
0.0160 2.8885 14.0739 0
0.0161 2.8925 14.0709 0
0.0162 2.8962 14.0941 0
0.0163 2.9008 14.1043 0
0.0164 2.9036 14.1149 0
0.0165 2.909 14.1516 0
0.0166 2.9118 14.1345 0
0.0167 2.9149 14.0898 0
0.0168 2.9186 14.0777 0
0.0169 2.9222 14.0404 0
0.0170 2.9251 14.0656 0
0.0171 2.9277 14.0431 0
0.0172 2.9313 14.0765 0
0.0173 2.9342 14.089 0
0.0174 2.9373 14.039 0
0.0175 2.9398 14.0176 0
0.0176 2.9433 13.9804 0
0.0177 2.9456 14.0255 0
0.0178 2.948 13.9799 0
0.0179 2.9511 13.9274 0
0.0180 2.9537 13.9082 0
0.0181 2.9568 13.8448 0
0.0182 2.959 13.7795 0
0.0183 2.9614 13.7397 0
0.0184 2.9633 13.7207 0
0.0185 2.9653 13.7056 0
0.0186 2.9676 13.615 0
0.0187 2.9697 13.5697 0
0.0188 2.971 13.528 0
0.0189 2.9723 13.4623 0
0.0190 2.9735 13.4368 0
0.0191 2.9751 13.3253 0
0.0192 2.9765 13.2437 0
0.0193 2.9784 13.1538 0
0.0194 2.9794 13.0467 0
0.0195 2.9805 12.9778 0
0.0196 2.9814 12.9481 0
0.0197 2.9824 12.8594 0
0.0198 2.9834 12.8281 0
0.0199 2.9841 12.7448 0
0.0200 2.9854 12.7152 0
0.0201 2.9868 12.6535 0
0.0202 2.9875 12.583 0
0.0203 2.9883 12.5384 0
0.0204 2.9891 12.5084 0
0.0205 2.9904 12.4584 0
0.0206 2.991 12.4405 0
0.0207 2.9922 12.3818 0
0.0208 2.9926 12.2534 0
0.0209 2.9933 12.1457 0
0.0210 2.9942 12.0865 0
0.0211 2.9947 12.0494 0
0.0212 2.9951 12.0185 0
0.0213 2.9952 11.9536 0
0.0214 2.9958 11.9449 0
0.0215 2.9962 11.8747 0
0.0216 2.9964 11.8068 0
0.0217 2.9965 11.7475 0
0.0218 2.997 11.7176 0
0.0219 2.9973 11.6718 0
0.0220 2.9976 11.6113 0
0.0221 2.9978 11.5819 0
0.0222 2.998 11.576 0
0.0223 2.9983 11.4984 0
0.0224 2.9986 11.512 0
0.0225 2.9993 11.4385 0
0.0226 2.9994 11.4616 0
0.0227 2.9999 11.4424 0
0.0228 3.0003 11.4447 0
0.0229 3.0008 11.4146 0
0.0230 3.001 11.4276 0
0.0231 3.0012 11.4174 0
0.0232 3.0013 11.3993 0
0.0233 3.0018 11.3794 0
0.0234 3.0021 11.3422 0
0.0235 3.0022 11.3357 0
0.0236 3.0025 11.3714 0
0.0237 3.0027 11.4011 0
0.0238 3.0028 11.4587 0
0.0239 3.0031 11.4817 0
0.0240 3.0032 11.5033 0
0.0241 3.0033 11.5251 0
0.0242 3.0034 11.5592 0
0.0243 3.0036 11.5713 0
0.0244 3.0036 11.6599 0
0.0245 3.0036 11.6673 0
0.0246 3.004 11.6863 0
0.0247 3.0044 11.7194 0
0.0248 3.0046 11.7501 0
0.0249 3.0047 11.7721 0
0.0250 3.0048 11.8069 0
0.0251 3.005 11.8204 0
0.0252 3.0053 11.8821 0
0.0253 3.0053 11.9012 0
0.0254 3.0055 11.9271 0
0.0255 3.0058 11.9651 0
0.0256 3.0059 12.0239 0
0.0257 3.0061 12.0827 0
0.0258 3.0062 12.1681 0
0.0259 3.0064 12.2336 0
0.0260 3.0064 12.3254 0
0.0261 3.0066 12.3631 0
0.0262 3.0066 12.4455 0
0.0263 3.0069 12.5511 0
0.0264 3.0069 12.6399 0
0.0265 3.0069 12.7262 0
0.0266 3.007 12.8098 0
0.0267 3.0075 12.8808 0
0.0268 3.0079 12.9639 0
0.0269 3.008 13.0299 0
0.0270 3.0082 13.1199 0
0.0271 3.0085 13.2022 0
0.0272 3.0087 13.3098 0
0.0273 3.0089 13.4242 0
0.0274 3.0094 13.5288 0
0.0275 3.0098 13.65 0
0.0276 3.0099 13.718 0
0.0277 3.0099 13.8226 0
0.0278 3.0101 13.9449 0
0.0279 3.0101 14.0834 0
0.0280 3.0105 14.1796 0
0.0281 3.0106 14.2718 0
0.0282 3.011 14.3705 0
0.0283 3.0114 14.4756 0
0.0284 3.0115 14.5784 0
0.0285 3.0118 14.7244 0
0.0286 3.0119 14.836 0
0.0287 3.0121 14.9782 0
0.0288 3.0124 15.0879 0
0.0289 3.0125 15.2414 0
0.0290 3.0126 15.3683 0
0.0291 3.013 15.4789 0
0.0292 3.0132 15.5938 0
0.0293 3.0133 15.7396 0
0.0294 3.0134 15.8775 0
0.0295 3.0137 16.0075 0
0.0296 3.0142 16.1427 0
0.0297 3.0144 16.265 0
0.0298 3.0146 16.4138 0
0.0299 3.0148 16.5421 0
0.0300 3.0149 16.6798 0
0.0301 3.015 16.8064 0
0.0302 3.0153 16.9321 0
0.0303 3.0158 17.0815 0
0.0304 3.0164 17.2224 0
0.0305 3.0167 17.3537 0
0.0306 3.0167 17.4774 0
0.0307 3.017 17.634 0
0.0308 3.0172 17.8025 0
0.0309 3.0174 17.9186 0
0.0310 3.0176 18.0547 0
0.0311 3.0178 18.203 0
0.0312 3.0185 18.3588 0
0.0313 3.019 18.5037 0
0.0314 3.0193 18.6537 0
0.0315 3.0196 18.7904 0
0.0316 3.02 18.9379 0
0.0317 3.0204 19.0804 0
0.0318 3.0207 19.2367 0
0.0319 3.0213 19.3976 0
0.0320 3.0217 19.5514 0
0.0321 3.0222 19.6848 0
0.0322 3.0225 19.8374 0
0.0323 3.0231 19.9778 0
0.0324 3.0238 20.1392 0
0.0325 3.0243 20.2779 0
0.0326 3.0247 20.4279 0
0.0327 3.025 20.5597 0
0.0328 3.0253 20.6972 0
0.0329 3.0259 20.8282 0
0.0330 3.0262 20.9654 0
0.0331 3.0263 21.1096 0
0.0332 3.0267 21.2834 0
0.0333 3.0274 21.4408 0
0.0334 3.0279 21.6097 0
0.0335 3.0283 21.7563 0
0.0336 3.029 21.8981 0
0.0337 3.0294 22.0519 0
0.0338 3.0299 22.1899 0
0.0339 3.0301 22.3184 0
0.0340 3.0308 22.4395 0
0.0341 3.0311 22.586 0
0.0342 3.0314 22.7214 0
0.0343 3.0322 22.8542 0
0.0344 3.0328 22.9826 0
0.0345 3.034 23.1128 0
0.0346 3.0344 23.265 0
0.0347 3.035 23.426 0
0.0348 3.0355 23.5741 0
0.0349 3.0362 23.7212 0
0.0350 3.0365 23.8831 0
0.0351 3.0374 24.0264 0
0.0352 3.0378 24.1698 0
0.0353 3.0385 24.3136 0
0.0354 3.0388 24.433 0
0.0355 3.0395 24.5798 0
0.0356 3.04 24.7306 0
0.0357 3.0404 24.8668 0
0.0358 3.0409 25.02 0
0.0359 3.0416 25.1526 0
0.0360 3.0423 25.289 0
0.0361 3.0427 25.419 0
0.0362 3.0431 25.5742 0
0.0363 3.0437 25.7336 0
0.0364 3.0441 25.8713 0
0.0365 3.0453 26.0313 0
0.0366 3.0462 26.1783 0
0.0367 3.0472 26.3075 0
0.0368 3.0475 26.4495 0
0.0369 3.0483 26.5966 0
0.0370 3.0495 26.7421 0
0.0371 3.0503 26.8981 0
0.0372 3.051 27.0409 0
0.0373 3.0519 27.1719 0
0.0374 3.0527 27.3293 0
0.0375 3.0534 27.4667 0
0.0376 3.0541 27.6061 0
0.0377 3.0546 27.7495 0
0.0378 3.0555 27.9084 0
0.0379 3.0562 28.036 0
0.0380 3.0574 28.1734 0
0.0381 3.0589 28.3302 0
0.0382 3.0605 28.4729 0
0.0383 3.0616 28.5987 0
0.0384 3.063 28.7145 0
0.0385 3.0636 28.8825 0
0.0386 3.0647 29.0251 0
0.0387 3.0656 29.1709 0
0.0388 3.0664 29.3017 0
0.0389 3.0673 29.4175 0
0.0390 3.0676 29.5396 0
0.0391 3.0683 29.6761 0
0.0392 3.0693 29.7964 0
0.0393 3.0704 29.9209 0
0.0394 3.0715 30.044 0
0.0395 3.0727 30.1455 0
0.0396 3.0736 30.2823 0
0.0397 3.0747 30.406 0
0.0398 3.0758 30.5473 0
0.0399 3.0771 30.6817 0
0.0400 3.078 30.8182 0
0.0401 3.0786 30.9242 0
0.0402 3.0798 31.0627 0
0.0403 3.0811 31.1742 0
0.0404 3.0818 31.3016 0
0.0405 3.083 31.437 0
0.0406 3.0841 31.5742 0
0.0407 3.0851 31.7151 0
0.0408 3.0866 31.8159 0
0.0409 3.0875 31.9332 0
0.0410 3.089 32.0565 0
0.0411 3.0908 32.1709 0
0.0412 3.0919 32.303 0
0.0413 3.0932 32.4238 0
0.0414 3.0942 32.5708 0
0.0415 3.0952 32.7136 0
0.0416 3.0965 32.8298 0
0.0417 3.0983 32.9895 0
0.0418 3.0999 33.1065 0
0.0419 3.1014 33.1963 0
0.0420 3.1025 33.3241 0
0.0421 3.1043 33.4392 0
0.0422 3.1067 33.5301 0
0.0423 3.1085 33.6407 0
0.0424 3.1104 33.7606 0
0.0425 3.1116 33.8963 0
0.0426 3.1129 33.9879 0
0.0427 3.1147 34.1037 0
0.0428 3.1165 34.2267 0
0.0429 3.1183 34.3609 0
0.0430 3.1193 34.5118 0
0.0431 3.1209 34.6498 0
0.0432 3.1227 34.7282 0
0.0433 3.1246 34.8367 0
0.0434 3.1263 34.9571 0
0.0435 3.1272 35.0432 0
0.0436 3.129 35.1715 0
0.0437 3.1302 35.2467 0
0.0438 3.1323 35.3294 0
0.0439 3.1338 35.4382 0
0.0440 3.1349 35.5588 0
0.0441 3.1374 35.6412 0
0.0442 3.1396 35.7493 0
0.0443 3.1409 35.8774 0
0.0444 3.1427 35.9776 0
0.0445 3.1441 36.0695 0
0.0446 3.1468 36.1531 0
0.0447 3.1495 36.2703 0
0.0448 3.1512 36.3788 0
0.0449 3.1531 36.4592 0
0.0450 3.1552 36.5536 0
0.0451 3.1569 36.6728 0
0.0452 3.1589 36.7817 0
0.0453 3.1597 36.9047 0
0.0454 3.1619 36.9957 0
0.0455 3.1638 37.079 0
0.0456 3.166 37.1461 0
0.0457 3.1681 37.2357 0
0.0458 3.1704 37.3297 0
0.0459 3.1731 37.4055 0
0.0460 3.175 37.5471 0
0.0461 3.1768 37.6456 0
0.0462 3.179 37.758 0
0.0463 3.181 37.8413 0
0.0464 3.1828 37.9491 0
0.0465 3.1846 38.0167 0
0.0466 3.1874 38.0855 0
0.0467 3.19 38.1863 0
0.0468 3.1923 38.2888 0
0.0469 3.1945 38.3619 0
0.0470 3.196 38.4315 0
0.0471 3.1979 38.5126 0
0.0472 3.1998 38.6164 0
0.0473 3.2024 38.6833 0
0.0474 3.2052 38.7437 0
0.0475 3.207 38.8374 0
0.0476 3.2096 38.9203 0
0.0477 3.2128 39.0304 0
0.0478 3.2148 39.1156 0
0.0479 3.2175 39.2196 0
0.0480 3.2196 39.3223 0
0.0481 3.2218 39.4148 0
0.0482 3.224 39.4611 0
0.0483 3.2263 39.5316 0
0.0484 3.2285 39.634 0
0.0485 3.2308 39.7537 0
0.0486 3.2335 39.8077 0
0.0487 3.236 39.8867 0
0.0488 3.2369 39.9944 0
0.0489 3.2391 40.0469 0
0.0490 3.2422 40.0952 0
0.0491 3.2449 40.1378 0
0.0492 3.2477 40.1857 0
0.0493 3.2502 40.2627 0
0.0494 3.254 40.2757 0
0.0495 3.2564 40.3521 0
0.0496 3.2587 40.4585 0
0.0497 3.2614 40.5027 0
0.0498 3.2644 40.561 0
0.0499 3.2668 40.6342 0
0.0500 3.2701 40.7415 0
0.0501 3.2719 40.8047 0
0.0502 3.2742 40.8135 0
0.0503 3.2771 40.8575 0
0.0504 3.281 40.9209 0
0.0505 3.2841 41.0351 0
0.0506 3.2868 41.0843 0
0.0507 3.2894 41.1432 0
0.0508 3.2925 41.2255 0
0.0509 3.2943 41.2739 0
0.0510 3.2972 41.3436 0
0.0511 3.2994 41.4177 0
0.0512 3.3025 41.4865 0
0.0513 3.305 41.5445 0
0.0514 3.308 41.6143 0
0.0515 3.3116 41.6722 0
0.0516 3.3141 41.7426 0
0.0517 3.3173 41.8221 0
0.0518 3.3205 41.8616 0
0.0519 3.3232 41.9092 0
0.0520 3.3266 41.9348 0
0.0521 3.3285 42.0075 0
0.0522 3.3311 42.0256 0
0.0523 3.3333 42.115 0
0.0524 3.3372 42.1049 0
0.0525 3.3403 42.1506 0
0.0526 3.3446 42.1542 0
0.0527 3.3486 42.1812 0
0.0528 3.3517 42.2087 0
0.0529 3.3546 42.28 0
0.0530 3.3584 42.3487 0
0.0531 3.3617 42.393 0
0.0532 3.3644 42.4136 0
0.0533 3.3678 42.453 0
0.0534 3.3711 42.4981 0
0.0535 3.3745 42.5107 0
0.0536 3.3771 42.5616 0
0.0537 3.3803 42.5951 0
0.0538 3.3834 42.6308 0
0.0539 3.3861 42.6573 0
0.0540 3.3905 42.6682 0
0.0541 3.3931 42.7169 0
0.0542 3.3963 42.7592 0
0.0543 3.3997 42.8491 0
0.0544 3.4032 42.8573 0
0.0545 3.406 42.8795 0
0.0546 3.4094 42.8984 0
0.0547 3.4124 42.9279 0
0.0548 3.4153 42.9112 0
0.0549 3.4178 42.9563 0
0.0550 3.4217 43.0011 0
0.0551 3.4243 43.0424 0
0.0552 3.4268 43.073 0
0.0553 3.4296 43.1406 0
0.0554 3.4329 43.2037 0
0.0555 3.436 43.207 0
0.0556 3.4399 43.2222 0
0.0557 3.4433 43.2159 0
0.0558 3.4474 43.2032 0
0.0559 3.4506 43.2841 0
0.0560 3.4539 43.2737 0
0.0561 3.4569 43.351 0
0.0562 3.4603 43.3606 0
0.0563 3.4625 43.4106 0
0.0564 3.4657 43.4359 0
0.0565 3.4689 43.4917 0
0.0566 3.472 43.4974 0
0.0567 3.4759 43.4882 0
0.0568 3.4798 43.4696 0
0.0569 3.4825 43.4974 0
0.0570 3.4856 43.5293 0
0.0571 3.4896 43.5311 0
0.0572 3.4935 43.5321 0
0.0573 3.4975 43.575 0
0.0574 3.5018 43.56 0
0.0575 3.505 43.5876 0
0.0576 3.5084 43.6468 0
0.0577 3.512 43.6727 0
0.0578 3.5151 43.7232 0
0.0579 3.5197 43.7426 0
0.0580 3.5239 43.7516 0
0.0581 3.5271 43.7929 0
0.0582 3.5308 43.7555 0
0.0583 3.5335 43.7707 0
0.0584 3.5365 43.8428 0
0.0585 3.5393 43.8731 0
0.0586 3.5426 43.9369 0
0.0587 3.5452 43.9674 0
0.0588 3.5491 43.9549 0
0.0589 3.5526 43.9595 0
0.0590 3.556 43.9095 0
0.0591 3.5592 43.9381 0
0.0592 3.5628 43.9506 0
0.0593 3.5664 43.9961 0
0.0594 3.5696 43.9913 0
0.0595 3.5733 43.9916 0
0.0596 3.5766 43.9722 0
0.0597 3.5804 44.0077 0
0.0598 3.5838 44.022 0
0.0599 3.5873 44.0291 0
0.0600 3.5913 44.0579 0
0.0601 3.5945 44.0466 0
0.0602 3.5966 44.0859 0
0.0603 3.5996 44.0284 0
0.0604 3.603 44.1067 0
0.0605 3.6066 44.0844 0
0.0606 3.6105 44.0193 0
0.0607 3.6134 44.0285 0
0.0608 3.6171 44.1092 0
0.0609 3.6193 44.075 0
0.0610 3.6223 44.0835 0
0.0611 3.625 44.118 0
0.0612 3.6285 44.0938 0
0.0613 3.6319 44.0915 0
0.0614 3.6346 44.1254 0
0.0615 3.6372 44.1036 0
0.0616 3.6416 44.0685 0
0.0617 3.6458 44.0078 0
0.0618 3.6489 44.0079 0
0.0619 3.6528 43.9532 0
0.0620 3.656 44.0326 0
0.0621 3.6592 44.0849 0
0.0622 3.6631 44.0935 0
0.0623 3.6676 44.0735 0
0.0624 3.6705 44.066 0
0.0625 3.674 44.0759 0
0.0626 3.6781 44.0711 0
0.0627 3.6825 44.0536 0
0.0628 3.6862 44.0374 0
0.0629 3.6902 44.0187 0
0.0630 3.6933 43.98 0
0.0631 3.6969 43.9895 0
0.0632 3.7007 43.978 0
0.0633 3.7044 43.9094 0
0.0634 3.7079 43.8832 0
0.0635 3.7115 43.8732 0
0.0636 3.7142 43.9076 0
0.0637 3.7172 43.9656 0
0.0638 3.7202 43.9431 0
0.0639 3.7238 43.9943 0
0.0640 3.7269 43.978 0
0.0641 3.7298 44.0298 0
0.0642 3.734 44.0272 0
0.0643 3.7372 44.0496 0
0.0644 3.7394 44.1602 0
0.0645 3.7416 44.1848 0
0.0646 3.7438 44.2122 0
0.0647 3.7472 44.186 0
0.0648 3.7513 44.1826 0
0.0649 3.7545 44.1013 0
0.0650 3.7573 44.1176 0
0.0651 3.7595 44.1476 0
0.0652 3.762 44.1641 0
0.0653 3.7646 44.1317 0
0.0654 3.7672 44.1219 0
0.0655 3.7704 44.1138 0
0.0656 3.7733 44.0791 0
0.0657 3.7756 44.0683 0
0.0658 3.7776 44.1281 0
0.0659 3.7803 44.1029 0
0.0660 3.7835 44.0967 0
0.0661 3.7867 44.1206 0
0.0662 3.7891 44.0978 0
0.0663 3.7918 44.0888 0
0.0664 3.7947 44.1144 0
0.0665 3.7972 44.1236 0
0.0666 3.7999 44.1145 0
0.0667 3.8023 44.0914 0
0.0668 3.8058 44.1165 0
0.0669 3.8077 44.1298 0
0.0670 3.8112 44.1126 0
0.0671 3.8139 44.086 0
0.0672 3.8174 44.1075 0
0.0673 3.8192 44.126 0
0.0674 3.8216 44.1271 0
0.0675 3.8247 44.1914 0
0.0676 3.8274 44.1862 0
0.0677 3.8295 44.2393 0
0.0678 3.8317 44.2301 0
0.0679 3.8345 44.2736 0
0.0680 3.8362 44.2896 0
0.0681 3.8386 44.3065 0
0.0682 3.8413 44.3157 0
0.0683 3.843 44.3456 0
0.0684 3.8448 44.375 0
0.0685 3.8471 44.3464 0
0.0686 3.8497 44.3529 0
0.0687 3.8522 44.3333 0
0.0688 3.8542 44.3699 0
0.0689 3.8564 44.3873 0
0.0690 3.8591 44.3544 0
0.0691 3.8612 44.3849 0
0.0692 3.8637 44.3906 0
0.0693 3.8666 44.4368 0
0.0694 3.869 44.3714 0
0.0695 3.8712 44.3011 0
0.0696 3.8738 44.353 0
0.0697 3.8755 44.402 0
0.0698 3.8777 44.4339 0
0.0699 3.8788 44.487 0
0.0700 3.8807 44.5142 0
0.0701 3.8831 44.4232 0
0.0702 3.8852 44.4569 0
0.0703 3.8867 44.4984 0
0.0704 3.8888 44.5084 0
0.0705 3.8907 44.5231 0
0.0706 3.8927 44.5305 0
0.0707 3.8952 44.5105 0
0.0708 3.8969 44.573 0
0.0709 3.8994 44.617 0
0.0710 3.9016 44.6623 0
0.0711 3.9026 44.695 0
0.0712 3.9039 44.7342 0
0.0713 3.9054 44.7279 0
0.0714 3.9069 44.7294 0
0.0715 3.909 44.7381 0
0.0716 3.9104 44.7591 0
0.0717 3.9125 44.7798 0
0.0718 3.9135 44.7869 0
0.0719 3.9158 44.8181 0
0.0720 3.917 44.8648 0
0.0721 3.9186 44.9495 0
0.0722 3.92 44.993 0
0.0723 3.9216 45.0477 0
0.0724 3.9233 45.0498 0
0.0725 3.9243 45.1033 0
0.0726 3.9259 45.1313 0
0.0727 3.9269 45.1294 0
0.0728 3.9286 45.1591 0
0.0729 3.9296 45.2029 0
0.0730 3.9313 45.229 0
0.0731 3.9338 45.252 0
0.0732 3.9353 45.3264 0
0.0733 3.9372 45.3458 0
0.0734 3.9395 45.3524 0
0.0735 3.941 45.4297 0
0.0736 3.942 45.4858 0
0.0737 3.9439 45.5361 0
0.0738 3.9452 45.5597 0
0.0739 3.9462 45.6054 0
0.0740 3.9479 45.6672 0
0.0741 3.9493 45.7169 0
0.0742 3.9507 45.7703 0
0.0743 3.9518 45.7852 0
0.0744 3.9529 45.8356 0
0.0745 3.9539 45.8661 0
0.0746 3.9544 45.9407 0
0.0747 3.9548 46.0106 0
0.0748 3.9556 46.0491 0
0.0749 3.9565 46.0575 0
0.0750 3.9576 46.1077 0
0.0751 3.9583 46.1339 0
0.0752 3.9594 46.1658 0
0.0753 3.9606 46.2275 0
0.0754 3.9615 46.2573 0
0.0755 3.9625 46.3001 0
0.0756 3.9642 46.319 0
0.0757 3.9647 46.3815 0
0.0758 3.9661 46.4512 0
0.0759 3.9672 46.5257 0
0.0760 3.9676 46.5723 0
0.0761 3.9683 46.614 0
0.0762 3.969 46.6616 0
0.0763 3.97 46.7058 0
0.0764 3.9711 46.7695 0
0.0765 3.972 46.8148 0
0.0766 3.9726 46.8822 0
0.0767 3.9731 46.9403 0
0.0768 3.9736 47.0096 0
0.0769 3.9743 47.0601 0
0.0770 3.975 47.0777 0
0.0771 3.9759 47.11 0
0.0772 3.9767 47.1636 0
0.0773 3.9772 47.2409 0
0.0774 3.9777 47.3264 0
0.0775 3.9782 47.3609 0
0.0776 3.9786 47.4036 0
0.0777 3.9791 47.4714 0
0.0778 3.9801 47.4886 0
0.0779 3.9806 47.5687 0
0.0780 3.9809 47.624 0
0.0781 3.9814 47.6961 0
0.0782 3.9824 47.7875 0
0.0783 3.9828 47.8594 0
0.0784 3.9834 47.8732 0
0.0785 3.9838 47.9277 0
0.0786 3.9848 47.9852 0
0.0787 3.9856 48.0171 0
0.0788 3.9859 48.0927 0
0.0789 3.9865 48.1208 0
0.0790 3.9869 48.1873 0
0.0791 3.9875 48.2238 0
0.0792 3.9884 48.3162 0
0.0793 3.989 48.3877 0
0.0794 3.9895 48.4571 0
0.0795 3.9906 48.4999 0
0.0796 3.9912 48.5703 0
0.0797 3.9916 48.625 0
0.0798 3.9926 48.6927 0
0.0799 3.9929 48.7324 0
0.0800 3.993 48.8169 0
0.0801 3.9933 48.8554 0
0.0802 3.9937 48.9567 0
0.0803 3.9941 48.9968 0
0.0804 3.9945 49.0549 0
0.0805 3.9951 49.1261 0
0.0806 3.9954 49.2246 0
0.0807 3.9957 49.2676 0
0.0808 3.9963 49.3495 0
0.0809 3.9969 49.422 0
0.0810 3.9975 49.4603 0
0.0811 3.9978 49.5451 0
0.0812 3.9978 49.5924 0
0.0813 3.998 49.6499 0
0.0814 3.998 49.7163 0
0.0815 3.9987 49.7982 0
0.0816 3.9991 49.8536 0
0.0817 3.9996 49.9423 0
0.0818 3.9999 50.0536 0.0004
0.0819 4.0004 50.0918 0
0.0820 4.0006 50.1406 0
0.0821 4.0011 50.2084 0
0.0822 4.0014 50.2434 0
0.0823 4.0017 50.2946 0
0.0824 4.0017 50.3903 0
0.0825 4.0021 50.4355 0
0.0826 4.0026 50.4939 0
0.0827 4.0029 50.5618 0
0.0828 4.003 50.6092 0
0.0829 4.0032 50.6784 0
0.0830 4.0035 50.7364 0
0.0831 4.0039 50.7824 0
0.0832 4.0041 50.8533 0
0.0833 4.0042 50.9376 0
0.0834 4.0044 51.0275 0
0.0835 4.0049 51.0926 0
0.0836 4.0051 51.1167 0
0.0837 4.0054 51.1924 0
0.0838 4.0055 51.2909 0
0.0839 4.0056 51.3352 0
0.0840 4.0058 51.4098 0
0.0841 4.0061 51.4757 0
0.0842 4.0062 51.5587 0
0.0843 4.0063 51.6739 0
0.0844 4.0071 51.7115 0
0.0845 4.0074 51.7957 0
0.0846 4.0076 51.8916 0
0.0847 4.0079 51.9488 0
0.0848 4.0079 52.0393 0
0.0849 4.008 52.1042 0
0.0850 4.0085 52.1764 0
0.0851 4.0087 52.2345 0
0.0852 4.009 52.3059 0
0.0853 4.009 52.3578 0
0.0854 4.0093 52.4293 0
0.0855 4.0095 52.4471 0
0.0856 4.0096 52.5345 0
0.0857 4.0098 52.6089 0
0.0858 4.0099 52.6923 0
0.0859 4.0103 52.814 0
0.0860 4.0103 52.886 0
0.0861 4.0106 52.9527 0
0.0862 4.0108 53.0121 0
0.0863 4.011 53.0835 0
0.0864 4.011 53.1496 0
0.0865 4.0114 53.2003 0
0.0866 4.0116 53.259 0
0.0867 4.0119 53.2896 0
0.0868 4.012 53.3504 0
0.0869 4.012 53.4302 0
0.0870 4.0123 53.4982 0
0.0871 4.0124 53.5575 0
0.0872 4.0126 53.6466 0
0.0873 4.013 53.7119 0
0.0874 4.0132 53.7911 0
0.0875 4.0132 53.8805 0
0.0876 4.0134 53.9612 0
0.0877 4.0136 54.0395 0
0.0878 4.0137 54.0903 0
0.0879 4.0139 54.1579 0
0.0880 4.0141 54.2189 0
0.0881 4.0141 54.3013 0
0.0882 4.0143 54.3626 0
0.0883 4.0144 54.4243 0
0.0884 4.0148 54.4782 0
0.0885 4.0148 54.5716 0
0.0886 4.0151 54.6526 0
0.0887 4.0155 54.7098 0
0.0888 4.0156 54.8104 0
0.0889 4.0157 54.9072 0
0.0890 4.0159 54.9764 0
0.0891 4.016 55.0177 0
0.0892 4.0163 55.1056 0
0.0893 4.0166 55.1847 0
0.0894 4.0169 55.2365 0
0.0895 4.017 55.2719 0
0.0896 4.0174 55.3253 0
0.0897 4.0179 55.3875 0
0.0898 4.018 55.4697 0
0.0899 4.0184 55.532 0
0.0900 4.0188 55.6068 0
0.0901 4.0192 55.6655 0
0.0902 4.0193 55.7805 0
0.0903 4.0195 55.8264 0
0.0904 4.02 55.8886 0
0.0905 4.0202 55.9428 0
0.0906 4.0203 56.0241 0
0.0907 4.0206 56.07 0
0.0908 4.0207 56.1323 0
0.0909 4.0209 56.1736 0
0.0910 4.0212 56.2738 0
0.0911 4.0212 56.3564 0
0.0912 4.0216 56.4113 0
0.0913 4.022 56.4763 0
0.0914 4.0223 56.58 0
0.0915 4.0227 56.6306 0
0.0916 4.0229 56.7094 0
0.0917 4.023 56.8009 0
0.0918 4.0235 56.8582 0
0.0919 4.0237 56.9261 0
0.0920 4.0241 56.9984 0
0.0921 4.0242 57.0836 0
0.0922 4.0243 57.1568 0
0.0923 4.0247 57.2319 0
0.0924 4.0251 57.2746 0
0.0925 4.0256 57.3269 0
0.0926 4.0262 57.3643 0
0.0927 4.0266 57.4374 0
0.0928 4.0267 57.4897 0
0.0929 4.0274 57.5162 0.0002
0.0930 4.0275 57.5597 0
0.0931 4.0279 57.6097 0
0.0932 4.0281 57.7029 0
0.0933 4.0286 57.7568 0
0.0934 4.0291 57.8385 0
0.0935 4.0294 57.9189 0
0.0936 4.0295 57.9992 0
0.0937 4.0299 58.0536 0
0.0938 4.03 58.1469 0
0.0939 4.0303 58.1891 0
0.0940 4.0303 58.2461 0
0.0941 4.0306 58.3038 0
0.0942 4.0312 58.3534 0
0.0943 4.0317 58.4102 0
0.0944 4.0319 58.4894 0
0.0945 4.032 58.6019 0
0.0946 4.0325 58.6621 0
0.0947 4.0328 58.7095 0
0.0948 4.0333 58.7894 0
0.0949 4.0337 58.8133 0
0.0950 4.0339 58.8927 0
0.0951 4.0343 58.937 0
0.0952 4.0349 58.9891 0
0.0953 4.0351 59.0288 0
0.0954 4.0354 59.0878 0
0.0955 4.0357 59.1342 0
0.0956 4.0359 59.2217 0
0.0957 4.0363 59.2891 0
0.0958 4.0368 59.373 0
0.0959 4.0369 59.4602 0
0.0960 4.0374 59.5047 0
0.0961 4.0378 59.5665 0
0.0962 4.0383 59.6376 0
0.0963 4.0386 59.6717 0
0.0964 4.0393 59.7529 0
0.0965 4.0395 59.8257 0
0.0966 4.0397 59.9163 0
0.0967 4.0401 59.9759 0
0.0968 4.0405 60.0348 0
0.0969 4.0411 60.105 0
0.0970 4.0414 60.2034 0
0.0971 4.0417 60.2723 0
0.0972 4.0417 60.2997 0
0.0973 4.0421 60.3507 0
0.0974 4.0425 60.4116 0
0.0975 4.0432 60.4597 0
0.0976 4.0435 60.5464 0
0.0977 4.044 60.5876 0
0.0978 4.0443 60.6497 0
0.0979 4.0452 60.7012 0
0.0980 4.0456 60.7677 0
0.0981 4.0462 60.8285 0.0002
0.0982 4.0465 60.9013 0
0.0983 4.0469 60.9472 0
0.0984 4.0473 61.0131 0
0.0985 4.0476 61.0789 0
0.0986 4.0483 61.1661 0
0.0987 4.0487 61.2134 0
0.0988 4.0491 61.2546 0
0.0989 4.0495 61.348 0
0.0990 4.0497 61.4393 0
0.0991 4.0504 61.5009 0
0.0992 4.0509 61.5902 0
0.0993 4.0516 61.6587 0
0.0994 4.0519 61.6513 0
0.0995 4.0523 61.7256 0
0.0996 4.0531 61.7533 0
0.0997 4.0539 61.8008 0
0.0998 4.0543 61.8591 0
0.0999 4.0548 61.9376 0
0.1000 4.0554 61.9748 0.0002
0.1001 4.0559 62.0815 0.0004
0.1002 4.0569 62.134 0
0.1003 4.0572 62.2087 0.0001
0.1004 4.0576 62.2661 0
0.1005 4.0582 62.358 0.0002
0.1006 4.0591 62.4246 0.0004
0.1007 4.0591 62.4858 0
0.1008 4.0593 62.5482 0.0002
0.1009 4.0597 62.6049 0.0001
0.1010 4.0603 62.647 0.0001
0.1011 4.0607 62.7287 0.0002
0.1012 4.0613 62.7644 0.0001
0.1013 4.0617 62.7918 0.0003
0.1014 4.0623 62.8814 0
0.1015 4.0631 62.9737 0
0.1016 4.0638 63.0206 0.0004
0.1017 4.0645 63.0751 0
0.1018 4.0651 63.1365 0
0.1019 4.0658 63.1911 0
0.1020 4.0665 63.2142 0
0.1021 4.0674 63.2533 0.0003
0.1022 4.0681 63.2857 0.0001
0.1023 4.0688 63.335 0.0002
0.1024 4.0692 63.3611 0.0002
0.1025 4.0695 63.4316 0
0.1026 4.0704 63.4898 0
0.1027 4.0707 63.571 0
0.1028 4.0709 63.6585 0
0.1029 4.0715 63.723 0
0.1030 4.0727 63.7661 0
0.1031 4.0732 63.8299 0
0.1032 4.0744 63.8842 0.0001
0.1033 4.0751 63.9402 0.0001
0.1034 4.0759 64.0073 0.0002
0.1035 4.0764 64.0828 0
0.1036 4.0775 64.1448 0.0002
0.1037 4.0783 64.209 0.0001
0.1038 4.079 64.2568 0
0.1039 4.0795 64.313 0
0.1040 4.0801 64.3663 0.0003
0.1041 4.0807 64.3851 0.0004
0.1042 4.0815 64.4246 0
0.1043 4.082 64.4854 0.0001
0.1044 4.0829 64.5342 0.0008
0.1045 4.0835 64.5884 0
0.1046 4.0842 64.6549 0
0.1047 4.0854 64.707 0
0.1048 4.0862 64.7785 0.0003
0.1049 4.0869 64.8421 0
0.1050 4.0874 64.9186 0.0001
0.1051 4.0885 64.9933 0.0001
0.1052 4.0894 65.0129 0
0.1053 4.0901 65.0983 0
0.1054 4.0913 65.1477 0
0.1055 4.0927 65.2218 0.0001
0.1056 4.0933 65.2585 0.0003
0.1057 4.0941 65.3292 0
0.1058 4.0948 65.3937 0
0.1059 4.0961 65.4377 0
0.1060 4.0963 65.5201 0
0.1061 4.097 65.5539 0
0.1062 4.0977 65.5984 0
0.1063 4.0986 65.6337 0.0001
0.1064 4.0994 65.6672 0
0.1065 4.1002 65.7255 0.0001
0.1066 4.1011 65.7508 0.0003
0.1067 4.1016 65.8048 0.0002
0.1068 4.1027 65.8332 0
0.1069 4.1037 65.8776 0.0001
0.1070 4.1043 65.9445 0.0001
0.1071 4.1046 66.0234 0.0002
0.1072 4.1049 66.0935 0
0.1073 4.1062 66.1221 0
0.1074 4.1068 66.1936 0.0001
0.1075 4.1071 66.2917 0.0002
0.1076 4.1085 66.3318 0
0.1077 4.1097 66.3635 0.0001
0.1078 4.1107 66.4047 0.0003
0.1079 4.1115 66.4622 0
0.1080 4.1124 66.4819 0
0.1081 4.1135 66.5185 0
0.1082 4.1145 66.5833 0
0.1083 4.1153 66.6264 0
0.1084 4.1162 66.6974 0
0.1085 4.1169 66.7626 0.0003
0.1086 4.1186 66.8173 0.0001
0.1087 4.119 66.9013 0.0002
0.1088 4.1199 66.9303 0.0001
0.1089 4.1208 66.9586 0
0.1090 4.1222 67.0243 0
0.1091 4.1233 67.0762 0
0.1092 4.124 67.1238 0.0001
0.1093 4.1256 67.1225 0
0.1094 4.1271 67.1648 0
0.1095 4.1281 67.2415 0.0002
0.1096 4.1292 67.3172 0
0.1097 4.13 67.3597 0
0.1098 4.1309 67.4461 0
0.1099 4.1319 67.5112 0
0.1100 4.133 67.5537 0
0.1101 4.1344 67.588 0.0005
0.1102 4.1359 67.6196 0
0.1103 4.1369 67.7052 0.0002
0.1104 4.1378 67.75 0
0.1105 4.1387 67.7866 0.0003
0.1106 4.1394 67.856 0.0003
0.1107 4.1408 67.9011 0
0.1108 4.1419 67.9572 0
0.1109 4.1424 68.028 0
0.1110 4.1438 68.0585 0.0002
0.1111 4.1453 68.0851 0
0.1112 4.1467 68.1859 0.0002
0.1113 4.1482 68.2305 0
0.1114 4.1496 68.319 0.0002
0.1115 4.151 68.3605 0
0.1116 4.1524 68.4159 0
0.1117 4.1534 68.456 0.0001
0.1118 4.1549 68.5001 0
0.1119 4.1563 68.5468 0
0.1120 4.1575 68.6001 0.0001
0.1121 4.1589 68.6343 0
0.1122 4.16 68.6927 0
0.1123 4.1611 68.7337 0
0.1124 4.1619 68.791 0
0.1125 4.1634 68.8306 0
0.1126 4.1651 68.8942 0.0003
0.1127 4.1657 68.9339 0
0.1128 4.1667 69.0069 0.0007
0.1129 4.1677 69.0212 0
0.1130 4.1688 69.0756 0
0.1131 4.1703 69.1358 0
0.1132 4.1716 69.2117 0.0001
0.1133 4.1727 69.2802 0
0.1134 4.1739 69.302 0.0004
0.1135 4.1758 69.3446 0
0.1136 4.177 69.4001 0
0.1137 4.1779 69.4379 0
0.1138 4.1796 69.4693 0
0.1139 4.1812 69.5345 0
0.1140 4.1833 69.5779 0.0003
0.1141 4.1848 69.6329 0
0.1142 4.1861 69.6899 0.0004
0.1143 4.1872 69.7403 0.0003
0.1144 4.1884 69.81 0.0004
0.1145 4.19 69.8672 0
0.1146 4.1922 69.8879 0
0.1147 4.1942 69.9153 0
0.1148 4.1952 70.0152 0
0.1149 4.1968 70.0997 0.0003
0.1150 4.1986 70.1258 0
0.1151 4.1995 70.1592 0
0.1152 4.2008 70.1955 0.0001
0.1153 4.2016 70.2806 0.0003
0.1154 4.2032 70.3264 0.0001
0.1155 4.2046 70.3693 0
0.1156 4.2062 70.4285 0
0.1157 4.2082 70.4707 0.0001
0.1158 4.2102 70.5187 0.0003
0.1159 4.2112 70.5309 0
0.1160 4.213 70.568 0.0002
0.1161 4.2151 70.5765 0
0.1162 4.2168 70.6388 0
0.1163 4.2184 70.6365 0.0001
0.1164 4.2197 70.696 0.0005
0.1165 4.2214 70.7616 0
0.1166 4.2232 70.8181 0
0.1167 4.2247 70.8853 0
0.1168 4.2261 70.948 0
0.1169 4.2276 71.025 0
0.1170 4.2295 71.0607 0.0002
0.1171 4.2315 71.0782 0.0001
0.1172 4.2334 71.1183 0
0.1173 4.2348 71.1426 0.0002
0.1174 4.2361 71.2082 0
0.1175 4.2375 71.2843 0.0002
0.1176 4.2388 71.3423 0.0005
0.1177 4.2407 71.401 0.0001
0.1178 4.2427 71.4712 0.0001
0.1179 4.245 71.5037 0
0.1180 4.2465 71.5307 0
0.1181 4.248 71.5644 0
0.1182 4.2496 71.6176 0.0001
0.1183 4.2511 71.6638 0.0001
0.1184 4.2523 71.7314 0
0.1185 4.2549 71.7521 0
0.1186 4.2566 71.8048 0
0.1187 4.2576 71.8477 0
0.1188 4.2594 71.92 0
0.1189 4.2613 71.9875 0
0.1190 4.2627 72.0418 0.0005
0.1191 4.2643 72.0928 0.0007
0.1192 4.2669 72.1011 0
0.1193 4.269 72.1277 0
0.1194 4.2714 72.1545 0
0.1195 4.2738 72.2413 0.0002
0.1196 4.2753 72.3229 0.0004
0.1197 4.2771 72.3696 0
0.1198 4.2793 72.4318 0
0.1199 4.2811 72.4769 0.0001
0.1200 4.283 72.5131 0.0004
0.1201 4.285 72.5533 0
0.1202 4.2865 72.6095 0
0.1203 4.2886 72.6405 0
0.1204 4.2902 72.7319 0.0008
0.1205 4.2924 72.7933 0
0.1206 4.2944 72.8047 0
0.1207 4.2967 72.8837 0.0001
0.1208 4.2992 72.9294 0
0.1209 4.3011 73.0004 0
0.1210 4.303 73.0406 0
0.1211 4.3045 73.0881 0
0.1212 4.3072 73.0664 0
0.1213 4.3098 73.0864 0.0004
0.1214 4.3116 73.1591 0.0002
0.1215 4.3139 73.1936 0.0002
0.1216 4.3164 73.2239 0.0002
0.1217 4.3184 73.2739 0.0001
0.1218 4.3204 73.328 0
0.1219 4.3225 73.3527 0
0.1220 4.3242 73.3996 0.0003
0.1221 4.3258 73.4529 0
0.1222 4.3283 73.5182 0
0.1223 4.3304 73.5715 0
0.1224 4.3326 73.6062 0.0001
0.1225 4.3341 73.6609 0.0001
0.1226 4.3358 73.7101 0.0003
0.1227 4.3377 73.7382 0.0001
0.1228 4.3396 73.8029 0
0.1229 4.3416 73.8587 0
0.1230 4.3433 73.9355 0.0001
0.1231 4.3472 73.9787 0.0003
0.1232 4.3493 73.9533 0.0001
0.1233 4.3515 73.9941 0.0004
0.1234 4.3537 74.0243 0.0003
0.1235 4.3559 74.0859 0
0.1236 4.3579 74.0856 0
0.1237 4.3597 74.131 0.0003
0.1238 4.3619 74.1744 0
0.1239 4.3643 74.1929 0.0003
0.1240 4.3657 74.299 0
0.1241 4.3676 74.3266 0.0003
0.1242 4.3699 74.3957 0.0001
0.1243 4.3725 74.4252 0.0002
0.1244 4.3749 74.466 0
0.1245 4.3769 74.5233 0
0.1246 4.379 74.6139 0
0.1247 4.3817 74.6231 0.0009
0.1248 4.3833 74.6934 0.0003
0.1249 4.3854 74.7427 0
0.1250 4.3878 74.811 0
0.1251 4.3902 74.8245 0
0.1252 4.3921 74.8731 0
0.1253 4.3947 74.9589 0.0002
0.1254 4.3969 75.0153 0.0003
0.1255 4.4001 75.0241 0.0001
0.1256 4.4026 75.0644 0.0002
0.1257 4.4047 75.0905 0.0003
0.1258 4.4071 75.132 0.0002
0.1259 4.4091 75.2033 0.0004
0.1260 4.4115 75.2065 0.0001
0.1261 4.4132 75.2934 0.0002
0.1262 4.4166 75.3148 0
0.1263 4.4186 75.385 0.0002
0.1264 4.42 75.4389 0
0.1265 4.4225 75.419 0.0003
0.1266 4.4244 75.4557 0.0002
0.1267 4.4266 75.5073 0.0006
0.1268 4.4292 75.5112 0.0001
0.1269 4.4321 75.511 0
0.1270 4.4345 75.5577 0.0002
0.1271 4.4367 75.6076 0.0005
0.1272 4.4385 75.6278 0.0001
0.1273 4.4411 75.6664 0.0001
0.1274 4.4429 75.7104 0.0002
0.1275 4.445 75.8007 0.0003
0.1276 4.4477 75.8284 0
0.1277 4.4501 75.8785 0.0001
0.1278 4.4517 75.9305 0.0001
0.1279 4.4542 75.9566 0.0001
0.1280 4.4571 75.9747 0
0.1281 4.4599 76.0356 0.0002
0.1282 4.4629 76.1071 0
0.1283 4.4652 76.128 0
0.1284 4.4667 76.1837 0.0001
0.1285 4.4687 76.2391 0.0002
0.1286 4.4706 76.2395 0
0.1287 4.474 76.2687 0.0006
0.1288 4.4758 76.3049 0
0.1289 4.4779 76.312 0
0.1290 4.4807 76.3675 0.0003
0.1291 4.4831 76.4294 0.0001
0.1292 4.4856 76.4955 0
0.1293 4.4878 76.5376 0
0.1294 4.4906 76.6191 0.0004
0.1295 4.4924 76.6806 0.0001
0.1296 4.4951 76.7072 0
0.1297 4.4971 76.812 0.0002
0.1298 4.4997 76.8239 0.0002
0.1299 4.5019 76.8062 0
0.1300 4.5047 76.8549 0.0002
0.1301 4.508 76.8576 0.0001
0.1302 4.51 76.915 0
0.1303 4.5119 76.9772 0.0002
0.1304 4.5147 76.9886 0
0.1305 4.5171 77.0287 0
0.1306 4.52 77.047 0
0.1307 4.5221 77.1094 0
0.1308 4.5244 77.1307 0.0001
0.1309 4.5267 77.1805 0
0.1310 4.5292 77.2074 0
0.1311 4.5325 77.2178 0.0003
0.1312 4.5353 77.2668 0
0.1313 4.5377 77.3144 0
0.1314 4.5403 77.3896 0
0.1315 4.5429 77.4245 0
0.1316 4.5457 77.4734 0
0.1317 4.5478 77.4852 0.0003
0.1318 4.5511 77.5059 0.0001
0.1319 4.5535 77.5562 0.0001
0.1320 4.5559 77.5667 0.0002
0.1321 4.5583 77.6194 0.0001
0.1322 4.5604 77.6915 0.0003
0.1323 4.5629 77.7132 0.0001
0.1324 4.5655 77.7282 0.0002
0.1325 4.5676 77.8222 0
0.1326 4.5706 77.8894 0.0001
0.1327 4.5731 77.9345 0
0.1328 4.576 77.9569 0.0001
0.1329 4.5788 77.9864 0
0.1330 4.582 78.0435 0
0.1331 4.5841 78.1236 0.0001
0.1332 4.5861 78.1593 0.0001
0.1333 4.5893 78.1503 0.0001
0.1334 4.5918 78.2037 0.0004
0.1335 4.5942 78.2674 0
0.1336 4.5973 78.2446 0.0001
0.1337 4.5995 78.331 0
0.1338 4.6012 78.379 0
0.1339 4.6037 78.4248 0
0.1340 4.6071 78.4184 0.0001
0.1341 4.6093 78.4629 0
0.1342 4.6115 78.4787 0.0001
0.1343 4.6152 78.4768 0.0001
0.1344 4.6177 78.543 0
0.1345 4.6211 78.5708 0.0001
0.1346 4.624 78.6119 0.0003
0.1347 4.6266 78.6563 0
0.1348 4.6288 78.683 0
0.1349 4.6318 78.7232 0
0.1350 4.6348 78.7421 0
0.1351 4.6371 78.7293 0.0001
0.1352 4.6394 78.7702 0.0008
0.1353 4.6419 78.8004 0
0.1354 4.644 78.8337 0.0001
0.1355 4.6468 78.9354 0
0.1356 4.6489 78.9664 0
0.1357 4.6527 78.9312 0.0005
0.1358 4.6551 78.9507 0
0.1359 4.6572 78.9518 0.0004
0.1360 4.6598 78.9791 0.0002
0.1361 4.6626 79.0057 0.0001
0.1362 4.6653 78.997 0.0001
0.1363 4.6671 79.0309 0
0.1364 4.6696 79.0785 0.0003
0.1365 4.6717 79.135 0
0.1366 4.6732 79.2039 0
0.1367 4.6755 79.2362 0.0002
0.1368 4.6772 79.2597 0.0001
0.1369 4.6803 79.3627 0.0001
0.1370 4.6827 79.4337 0.0001
0.1371 4.6853 79.5117 0.0003
0.1372 4.6883 79.4943 0.0001
0.1373 4.6901 79.5761 0.0003
0.1374 4.6928 79.6032 0.0001
0.1375 4.6955 79.6954 0
0.1376 4.6978 79.69 0.0002
0.1377 4.7008 79.6868 0
0.1378 4.7036 79.6869 0.0002
0.1379 4.7062 79.6624 0.0003
0.1380 4.7088 79.675 0.0002
0.1381 4.7116 79.689 0.0003
0.1382 4.7141 79.7308 0
0.1383 4.7157 79.7829 0.0001
0.1384 4.7193 79.7906 0.0005
0.1385 4.7218 79.8373 0.0001
0.1386 4.7242 79.898 0
0.1387 4.7261 79.9629 0.0007
0.1388 4.7277 80.0568 0.0003
0.1389 4.7305 80.0715 0
0.1390 4.7321 80.1024 0.0001
0.1391 4.7342 80.1528 0.0003
0.1392 4.7362 80.1841 0
0.1393 4.7404 80.1822 0.0001
0.1394 4.7424 80.2303 0.0001
0.1395 4.7453 80.1922 0.0002
0.1396 4.747 80.2747 0
0.1397 4.75 80.2935 0
0.1398 4.7528 80.2816 0
0.1399 4.7549 80.3045 0
0.1400 4.7573 80.2722 0.0004
0.1401 4.7596 80.2882 0
0.1402 4.7626 80.3024 0.0001
0.1403 4.765 80.4126 0.0001
0.1404 4.7668 80.4094 0.0002
0.1405 4.7688 80.4403 0.0002
0.1406 4.7706 80.4605 0.0001
0.1407 4.7721 80.518 0.0003
0.1408 4.7741 80.5545 0.0003
0.1409 4.7774 80.5495 0
0.1410 4.7804 80.499 0.0001
0.1411 4.7832 80.5394 0
0.1412 4.7853 80.5996 0.0001
0.1413 4.7877 80.6304 0.0002
0.1414 4.79 80.6758 0
0.1415 4.7926 80.6744 0.0004
0.1416 4.7939 80.7799 0
0.1417 4.7963 80.8279 0
0.1418 4.7989 80.7798 0.0001
0.1419 4.8015 80.7558 0.0003
0.1420 4.8035 80.8206 0
0.1421 4.805 80.8769 0
0.1422 4.8069 80.99 0.0001
0.1423 4.8087 81.0348 0.0003
0.1424 4.8108 81.0124 0.0002
0.1425 4.813 80.9984 0
0.1426 4.8153 81.0345 0.0001
0.1427 4.8176 81.0247 0
0.1428 4.8196 81.1084 0.0001
0.1429 4.8215 81.1789 0
0.1430 4.824 81.2741 0.0001
0.1431 4.8256 81.2778 0.0004
0.1432 4.8271 81.3295 0.0001
0.1433 4.8295 81.347 0.0002
0.1434 4.8311 81.3863 0.0002
0.1435 4.8334 81.3558 0.0001
0.1436 4.836 81.3586 0.0001
0.1437 4.8375 81.4456 0
0.1438 4.84 81.4481 0
0.1439 4.8417 81.509 0.0004
0.1440 4.8435 81.4749 0
0.1441 4.8445 81.5034 0
0.1442 4.8465 81.5368 0
0.1443 4.8483 81.5668 0.0003
0.1444 4.8502 81.5855 0.0001
0.1445 4.851 81.5985 0
0.1446 4.8528 81.6302 0
0.1447 4.855 81.6141 0.0002
0.1448 4.8577 81.6129 0.0002
0.1449 4.8595 81.5184 0
0.1450 4.8608 81.5713 0
0.1451 4.8624 81.5965 0.0001
0.1452 4.8641 81.6532 0.0001
0.1453 4.8658 81.6618 0
0.1454 4.868 81.7043 0.0002
0.1455 4.8697 81.726 0
0.1456 4.8717 81.7499 0.0004
0.1457 4.8728 81.7789 0
0.1458 4.8743 81.8649 0.0002
0.1459 4.876 81.9063 0
0.1460 4.8774 81.9543 0
0.1461 4.8794 81.9895 0
0.1462 4.88 82.0116 0
0.1463 4.8816 81.9587 0.0003
0.1464 4.8832 82.0769 0
0.1465 4.8843 82.0579 0
0.1466 4.8857 82.143 0.0001
0.1467 4.8874 82.1921 0
0.1468 4.8889 82.1971 0
0.1469 4.891 82.2195 0
0.1470 4.8928 82.2582 0.0002
0.1471 4.8943 82.2599 0
0.1472 4.8954 82.2995 0.0001
0.1473 4.8963 82.3238 0.0002
0.1474 4.8979 82.3428 0
0.1475 4.8998 82.3771 0.0001
0.1476 4.9012 82.3854 0
0.1477 4.903 82.3828 0.0003
0.1478 4.9043 82.452 0.0003
0.1479 4.9065 82.5141 0
0.1480 4.9076 82.557 0
0.1481 4.9094 82.5286 0
0.1482 4.9108 82.5455 0.0001
0.1483 4.912 82.6335 0.0008
0.1484 4.9128 82.6942 0.0001
0.1485 4.914 82.7457 0
0.1486 4.9153 82.7909 0.0003
0.1487 4.916 82.8747 0
0.1488 4.9175 82.8882 0.0003
0.1489 4.9189 82.8597 0
0.1490 4.9203 82.854 0
0.1491 4.9212 82.912 0.0001
0.1492 4.9231 82.9505 0.0001
0.1493 4.9242 83.0079 0.0003
0.1494 4.9252 83.0509 0.0001
0.1495 4.9262 83.1075 0
0.1496 4.928 83.1611 0
0.1497 4.9292 83.1419 0.0001
0.1498 4.9302 83.218 0
0.1499 4.9317 83.1363 0.0001
0.1500 4.9325 83.1148 0
0.1501 4.9346 83.125 0.0003
0.1502 4.9362 83.1576 0.0002
0.1503 4.937 83.1609 0
0.1504 4.9381 83.2737 0.0001
0.1505 4.9388 83.3765 0
0.1506 4.9394 83.4176 0.0003
0.1507 4.9406 83.4439 0
0.1508 4.9413 83.5422 0
0.1509 4.9429 83.4771 0
0.1510 4.9438 83.4965 0
0.1511 4.945 83.4872 0.0001
0.1512 4.9467 83.495 0.0001
0.1513 4.9478 83.5948 0.0003
0.1514 4.9484 83.5945 0.0001
0.1515 4.9496 83.6004 0.0006
0.1516 4.9504 83.6158 0.0002
0.1517 4.9514 83.5984 0
0.1518 4.9523 83.6356 0
0.1519 4.9528 83.7117 0.0001
0.1520 4.9538 83.7664 0.0001
0.1521 4.9549 83.788 0
0.1522 4.9564 83.7641 0.0004
0.1523 4.9571 83.829 0.0003
0.1524 4.958 83.8136 0.0001
0.1525 4.959 83.9488 0.0003
0.1526 4.9601 83.9799 0.0002
0.1527 4.9609 83.9808 0
0.1528 4.9614 83.9906 0
0.1529 4.9626 83.9737 0.0001
0.1530 4.9637 84.0572 0
0.1531 4.9648 84.0139 0
0.1532 4.966 84.0039 0.0001
0.1533 4.9672 84.0999 0.0004
0.1534 4.9682 84.0786 0
0.1535 4.9689 84.183 0.0005
0.1536 4.9692 84.2067 0
0.1537 4.9705 84.1684 0.0001
0.1538 4.9716 84.2466 0
0.1539 4.9727 84.2915 0
0.1540 4.9733 84.2895 0.0002
0.1541 4.9739 84.3829 0
0.1542 4.9746 84.4709 0.0008
0.1543 4.9747 84.5479 0.0005
0.1544 4.9755 84.6214 0.0004
0.1545 4.9756 84.609 0
0.1546 4.9767 84.6674 0.0001
0.1547 4.9778 84.6231 0.0001
0.1548 4.9786 84.6547 0.0008
0.1549 4.979 84.7087 0
0.1550 4.9792 84.7233 0
0.1551 4.9801 84.787 0
0.1552 4.9814 84.828 0
0.1553 4.9826 84.7892 0
0.1554 4.983 84.8253 0.0002
0.1555 4.9834 84.8593 0
0.1556 4.9837 84.8615 0
0.1557 4.9847 84.8944 0.0002
0.1558 4.9854 84.9735 0.0001
0.1559 4.9859 84.9839 0
0.1560 4.9866 85.1331 0
0.1561 4.9874 85.1195 0.0002
0.1562 4.9878 85.0952 0.0001
0.1563 4.9883 85.1469 0.0001
0.1564 4.9889 85.213 0.0001
0.1565 4.989 85.2906 0
0.1566 4.9894 85.3146 0.0004
0.1567 4.9899 85.2855 0
0.1568 4.9901 85.3833 0
0.1569 4.9905 85.4635 0
0.1570 4.991 85.5264 0
0.1571 4.9918 85.5527 0.0002
0.1572 4.9924 85.5842 0.0002
0.1573 4.9933 85.5774 0.0002
0.1574 4.9938 85.5796 0
0.1575 4.9942 85.66 0.0004
0.1576 4.9946 85.6699 0.0001
0.1577 4.9949 85.7551 0
0.1578 4.9956 85.7428 0
0.1579 4.9962 85.7487 0
0.1580 4.9967 85.7522 0.0001
0.1581 4.997 85.8144 0
0.1582 4.9976 85.849 0.0003
0.1583 4.9982 85.8483 0.0001
0.1584 4.9988 85.8574 0.0001
0.1585 4.9998 85.8791 0.0006
0.1586 5.0003 86.015 0
0.1587 5.0006 86.1057 0
0.1588 5.0011 86.0926 0
0.1589 5.0015 86.173 0.0001
0.1590 5.0021 86.2706 0
0.1591 5.0023 86.4203 0
0.1592 5.0025 86.432 0.0002
0.1593 5.0027 86.2676 0
0.1594 5.0031 86.316 0.0003
0.1595 5.0033 86.3135 0.0001
0.1596 5.0036 86.4436 0.0001
0.1597 5.0041 86.4832 0
0.1598 5.0043 86.5593 0.0004
0.1599 5.0048 86.5525 0
0.1600 5.0053 86.6663 0
0.1601 5.0057 86.6642 0
0.1602 5.0063 86.696 0
0.1603 5.0066 86.7642 0.0001
0.1604 5.007 86.8214 0
0.1605 5.0075 86.8498 0.0002
0.1606 5.0079 86.7838 0.0004
0.1607 5.0081 86.9088 0
0.1608 5.0085 86.971 0
0.1609 5.0087 87.0476 0
0.1610 5.0091 87.1077 0
0.1611 5.0094 87.1279 0.0001
0.1612 5.0097 87.1683 0.0002
0.1613 5.0101 87.2555 0
0.1614 5.0103 87.2643 0
0.1615 5.0105 87.3712 0
0.1616 5.0108 87.3766 0.0008
0.1617 5.0112 87.4087 0
0.1618 5.0116 87.4164 0.0002
0.1619 5.0123 87.4921 0
0.1620 5.0127 87.5041 0
0.1621 5.0129 87.5592 0.0001
0.1622 5.0134 87.6494 0
0.1623 5.0137 87.7643 0.0002
0.1624 5.0138 87.8069 0
0.1625 5.014 87.8246 0.0001
0.1626 5.0146 87.9196 0
0.1627 5.015 87.8794 0.0001
0.1628 5.0152 87.9544 0
0.1629 5.0155 87.9855 0.0004
0.1630 5.0155 88.0306 0
0.1631 5.0157 88.1876 0.0001
0.1632 5.0159 88.1802 0
0.1633 5.0159 88.2667 0
0.1634 5.0162 88.3233 0
0.1635 5.0165 88.2932 0
0.1636 5.0167 88.3577 0
0.1637 5.0167 88.3903 0.0002
0.1638 5.0171 88.5428 0
0.1639 5.0175 88.5704 0
0.1640 5.0177 88.5881 0
0.1641 5.0179 88.611 0
0.1642 5.0183 88.7169 0.0001
0.1643 5.0185 88.7745 0.0001
0.1644 5.0186 88.873 0.0007
0.1645 5.0191 88.8956 0
0.1646 5.0195 88.8357 0
0.1647 5.0198 88.922 0
0.1648 5.0201 89.0045 0.0003
0.1649 5.0206 88.9625 0.0003
0.1650 5.0209 89.108 0.0001
0.1651 5.0211 89.1332 0
0.1652 5.0211 89.1591 0.0002
0.1653 5.0214 89.3402 0
0.1654 5.0216 89.2491 0
0.1655 5.0219 89.3706 0.0002
0.1656 5.0223 89.3493 0.0001
0.1657 5.0225 89.3629 0.0001
0.1658 5.0233 89.4598 0
0.1659 5.0235 89.5184 0
0.1660 5.0237 89.5672 0.0005
0.1661 5.0243 89.6879 0.0005
0.1662 5.0244 89.7805 0.0002
0.1663 5.0248 89.861 0.0005
0.1664 5.025 89.9025 0.0001
0.1665 5.0254 89.8522 0.0002
0.1666 5.0259 89.9431 0.0001
0.1667 5.0263 90.1044 0
0.1668 5.0267 90.149 0
0.1669 5.027 90.2228 0.0002
0.1670 5.0274 90.2754 0.0001
0.1671 5.0278 90.295 0.0001
0.1672 5.0281 90.3576 0.0002
0.1673 5.0283 90.3698 0.0004
0.1674 5.0287 90.5176 0.0001
0.1675 5.029 90.5113 0.0003
0.1676 5.0297 90.5278 0
0.1677 5.0298 90.5925 0
0.1678 5.0304 90.7527 0.0002
0.1679 5.0307 90.8082 0
0.1680 5.0311 90.7808 0
0.1681 5.0313 90.8507 0.0002
0.1682 5.0316 90.8758 0.0002
0.1683 5.0319 90.8622 0.0005
0.1684 5.0325 90.9711 0.0006
0.1685 5.0329 91.0163 0.0005
0.1686 5.0334 90.9968 0.0002
0.1687 5.0339 91.0117 0.0002
0.1688 5.0341 91.1109 0.0001
0.1689 5.0341 91.2054 0.0003
0.1690 5.0347 91.265 0.0002
0.1691 5.0349 91.2861 0
0.1692 5.0354 91.5004 0.0004
0.1693 5.0357 91.5397 0.001
0.1694 5.0359 91.6054 0.0005
0.1695 5.0363 91.6425 0.0003
0.1696 5.0368 91.6554 0.0001
0.1697 5.0371 91.6393 0.0003
0.1698 5.0376 91.7219 0.0003
0.1699 5.0381 91.8515 0.0001
0.1700 5.039 91.9974 0
0.1701 5.0397 92.0144 0.0001
0.1702 5.0403 92.109 0.0009
0.1703 5.0407 92.1394 0.0002
0.1704 5.0411 92.1858 0.0003
0.1705 5.0414 92.2201 0.0004
0.1706 5.0417 92.2406 0.0003
0.1707 5.0421 92.2753 0.0002
0.1708 5.0427 92.3297 0.0003
0.1709 5.0434 92.3856 0.0003
0.1710 5.0435 92.5149 0
0.1711 5.044 92.5737 0
0.1712 5.0444 92.6832 0.0004
0.1713 5.0448 92.8909 0.0003
0.1714 5.0456 92.9129 0.0005
0.1715 5.0461 92.9445 0.0007
0.1716 5.0464 92.9309 0.0003
0.1717 5.0469 92.9764 0.0001
0.1718 5.0471 93.1118 0.0001
0.1719 5.0475 93.2546 0.0001
0.1720 5.0477 93.3224 0.0003
0.1721 5.0482 93.379 0.0012
0.1722 5.0487 93.5225 0.0014
0.1723 5.049 93.649 0.0009
0.1724 5.0494 93.6358 0.0005
0.1725 5.0499 93.7114 0.0002
0.1726 5.05 93.7661 0.0002
0.1727 5.0504 93.8625 0
0.1728 5.0506 93.9367 0
0.1729 5.0506 93.9329 0
0.1730 5.0508 93.8981 0.0003
0.1731 5.0511 94.1078 0.0006
0.1732 5.0518 94.2128 0.0006
0.1733 5.0523 94.3588 0.001
0.1734 5.0528 94.2682 0.0001
0.1735 5.0531 94.2919 0.0001
0.1736 5.0535 94.3804 0.0001
0.1737 5.0543 94.5925 0
0.1738 5.0554 94.6283 0.0006
0.1739 5.056 94.731 0.0001
0.1740 5.0566 94.8892 0.0002
0.1741 5.057 94.9551 0.0003
0.1742 5.0581 95.003 0.0005
0.1743 5.0583 95.0551 0.0003
0.1744 5.0587 95.1264 0.0001
0.1745 5.0592 95.1288 0.0004
0.1746 5.0599 95.1969 0
0.1747 5.0604 95.2594 0
0.1748 5.061 95.3165 0.0002
0.1749 5.0613 95.4202 0
0.1750 5.062 95.5149 0.0001
0.1751 5.0625 95.7476 0
0.1752 5.0629 95.7698 0
0.1753 5.0632 95.776 0
0.1754 5.0635 95.9022 0
0.1755 5.0641 95.9638 0
0.1756 5.065 96.1169 0
0.1757 5.0653 96.2601 0.0004
0.1758 5.0655 96.413 0.0001
0.1759 5.0661 96.3925 0
0.1760 5.0669 96.4427 0.0001
0.1761 5.0674 96.4346 0
0.1762 5.068 96.5479 0.0002
0.1763 5.0689 96.5987 0.0004
0.1764 5.0694 96.6532 0.0001
0.1765 5.07 96.7045 0
0.1766 5.0704 96.8325 0.0001
0.1767 5.0709 96.9831 0.0001
0.1768 5.0714 97.0189 0.0005
0.1769 5.0717 97.1704 0
0.1770 5.0725 97.3596 0.0001
0.1771 5.0727 97.3484 0
0.1772 5.0734 97.4784 0.0002
0.1773 5.074 97.4514 0.0001
0.1774 5.0747 97.593 0
0.1775 5.0751 97.7334 0.0007
0.1776 5.0756 97.9293 0
0.1777 5.0761 97.9854 0
0.1778 5.0769 98.068 0.0001
0.1779 5.0774 98.1121 0
0.1780 5.0785 98.2015 0.0003
0.1781 5.0788 98.3167 0.0001
0.1782 5.0798 98.3538 0.0002
0.1783 5.0804 98.4547 0.0001
0.1784 5.0809 98.6251 0.0004
0.1785 5.082 98.6234 0.0001
0.1786 5.0825 98.7558 0.0001
0.1787 5.0832 98.8361 0.0001
0.1788 5.0836 98.9232 0.0001
0.1789 5.0837 99.0884 0.0002
0.1790 5.0847 99.1894 0.0001
0.1791 5.0854 99.1644 0
0.1792 5.0859 99.2642 0.0005
0.1793 5.0864 99.4396 0.0005
0.1794 5.0873 99.4173 0.0006
0.1795 5.0876 99.5784 0.0001
0.1796 5.0889 99.5833 0
0.1797 5.0897 99.7433 0
0.1798 5.0908 99.8466 0
0.1799 5.0918 99.8954 0.0002
0.1800 5.0926 100.011 0.0003
0.1801 5.0937 100.129 0
0.1802 5.0951 100.269 0
0.1803 5.0961 100.326 0.0001
0.1804 5.0969 100.334 0
0.1805 5.0976 100.331 0.0001
0.1806 5.0983 100.44 0
0.1807 5.099 100.547 0.0003
0.1808 5.0998 100.683 0
0.1809 5.1006 100.842 0
0.1810 5.1013 101.033 0.0001
0.1811 5.1022 101.052 0
0.1812 5.1026 101.162 0.0001
0.1813 5.1031 101.225 0.0004
0.1814 5.1037 101.317 0.0001
0.1815 5.1041 101.431 0.0002
0.1816 5.1045 101.512 0.0003
0.1817 5.1052 101.537 0.0001
0.1818 5.1058 101.742 0.0001
0.1819 5.1066 101.857 0.0001
0.1820 5.1077 101.965 0
0.1821 5.1083 102.075 0
0.1822 5.1091 102.101 0.0002
0.1823 5.1104 102.175 0.0004
0.1824 5.1112 102.332 0.0001
0.1825 5.1117 102.471 0.0001
0.1826 5.1129 102.591 0.0001
0.1827 5.1136 102.759 0.0003
0.1828 5.114 102.772 0.0002
0.1829 5.1146 102.82 0
0.1830 5.1154 102.916 0
0.1831 5.1164 103.003 0
0.1832 5.117 103.191 0
0.1833 5.1176 103.343 0
0.1834 5.1183 103.49 0.0001
0.1835 5.1189 103.451 0.0001
0.1836 5.1194 103.513 0
0.1837 5.1205 103.685 0.0003
0.1838 5.1214 103.791 0.0003
0.1839 5.122 103.789 0
0.1840 5.1231 103.969 0
0.1841 5.1238 104.074 0
0.1842 5.1246 104.235 0.0004
0.1843 5.1254 104.382 0.0001
0.1844 5.1264 104.441 0.0005
0.1845 5.1276 104.624 0.0002
0.1846 5.1286 104.559 0.0001
0.1847 5.13 104.735 0
0.1848 5.1305 104.923 0.0001
0.1849 5.1314 104.974 0
0.1850 5.1325 105.128 0.0003
0.1851 5.1338 105.223 0.0001
0.1852 5.1348 105.377 0.0003
0.1853 5.1358 105.579 0.0002
0.1854 5.1379 105.656 0
0.1855 5.1385 105.743 0.0004
0.1856 5.1394 105.87 0.0001
0.1857 5.1401 105.881 0
0.1858 5.1411 105.965 0
0.1859 5.1423 106.012 0.0001
0.1860 5.1432 106.209 0
0.1861 5.1438 106.321 0.0001
0.1862 5.1448 106.514 0
0.1863 5.1455 106.611 0
0.1864 5.147 106.687 0.0003
0.1865 5.1476 106.77 0.0001
0.1866 5.149 106.884 0.0004
0.1867 5.1501 106.981 0.0002
0.1868 5.1516 107.084 0
0.1869 5.1527 107.267 0.0001
0.1870 5.1543 107.351 0.0003
0.1871 5.1552 107.388 0
0.1872 5.1558 107.501 0.0003
0.1873 5.1568 107.678 0.0002
0.1874 5.1582 107.79 0.0007
0.1875 5.1595 107.892 0.0001
0.1876 5.1602 107.994 0.0004
0.1877 5.1614 108.16 0.0001
0.1878 5.1625 108.325 0
0.1879 5.1644 108.398 0.0001
0.1880 5.1651 108.498 0.0001
0.1881 5.1658 108.719 0
0.1882 5.1665 108.791 0.0003
0.1883 5.1672 108.906 0
0.1884 5.1679 109.041 0
0.1885 5.1692 109.181 0.0004
0.1886 5.1705 109.339 0.0003
0.1887 5.1713 109.481 0
0.1888 5.1728 109.57 0.0001
0.1889 5.1741 109.718 0.0002
0.1890 5.1749 109.886 0
0.1891 5.1761 109.924 0.0005
0.1892 5.1772 110.09 0.0001
0.1893 5.1787 110.157 0
0.1894 5.1802 110.294 0.0002
0.1895 5.1818 110.441 0.0001
0.1896 5.1836 110.546 0.0002
0.1897 5.1849 110.674 0
0.1898 5.1862 110.82 0.0001
0.1899 5.1875 110.912 0
0.1900 5.1885 111.098 0.0001
0.1901 5.1892 111.263 0.0002
0.1902 5.1907 111.307 0
0.1903 5.1916 111.495 0.0007
0.1904 5.1927 111.584 0.0003
0.1905 5.1941 111.707 0.0001
0.1906 5.1952 111.831 0.0001
0.1907 5.1965 111.985 0.0006
0.1908 5.1975 112.25 0.0002
0.1909 5.199 112.398 0
0.1910 5.2002 112.452 0
0.1911 5.2013 112.58 0
0.1912 5.2027 112.706 0.0003
0.1913 5.2041 112.753 0
0.1914 5.2056 112.839 0.0001
0.1915 5.2066 112.994 0.0002
0.1916 5.208 112.962 0.0001
0.1917 5.2098 113.165 0.0001
0.1918 5.2112 113.309 0
0.1919 5.2125 113.496 0
0.1920 5.2135 113.725 0.0005
0.1921 5.2151 113.856 0
0.1922 5.2162 113.88 0.0001
0.1923 5.2173 114.058 0.0003
0.1924 5.2191 114.142 0.0001
0.1925 5.2205 114.307 0.0003
0.1926 5.2226 114.451 0
0.1927 5.2239 114.565 0.0005
0.1928 5.2257 114.725 0.0002
0.1929 5.2277 114.851 0
0.1930 5.2292 115.014 0
0.1931 5.2305 115.181 0.0002
0.1932 5.2321 115.27 0
0.1933 5.2332 115.371 0.0001
0.1934 5.2347 115.459 0.0002
0.1935 5.2362 115.537 0.0001
0.1936 5.2377 115.625 0.0002
0.1937 5.2388 115.809 0.0001
0.1938 5.2401 115.905 0.0003
0.1939 5.241 116.046 0.0001
0.1940 5.2421 116.2 0
0.1941 5.2435 116.267 0.0001
0.1942 5.2454 116.493 0
0.1943 5.2459 116.765 0.0001
0.1944 5.2469 116.913 0.0001
0.1945 5.2487 117.04 0.0001
0.1946 5.2502 117.232 0
0.1947 5.2515 117.303 0
0.1948 5.2522 117.45 0
0.1949 5.2532 117.62 0.0001
0.1950 5.255 117.802 0
0.1951 5.2565 117.891 0.0004
0.1952 5.259 118.039 0.0001
0.1953 5.2609 118.185 0
0.1954 5.262 118.343 0
0.1955 5.2641 118.484 0.0001
0.1956 5.2661 118.646 0
0.1957 5.2681 118.725 0.0002
0.1958 5.2701 118.835 0.0004
0.1959 5.2717 119.005 0.0006
0.1960 5.2733 119.104 0
0.1961 5.275 119.234 0
0.1962 5.2771 119.338 0
0.1963 5.2794 119.416 0.0005
0.1964 5.2814 119.548 0
0.1965 5.284 119.558 0.0002
0.1966 5.2862 119.71 0
0.1967 5.2878 119.843 0.0004
0.1968 5.2892 119.998 0.0001
0.1969 5.2904 120.059 0
0.1970 5.2919 120.245 0.0001
0.1971 5.2932 120.492 0.0004
0.1972 5.2946 120.558 0
0.1973 5.2969 120.656 0
0.1974 5.2981 120.962 0.0004
0.1975 5.2998 121.07 0.0001
0.1976 5.3017 121.282 0
0.1977 5.303 121.319 0.0001
0.1978 5.3041 121.586 0
0.1979 5.3063 121.732 0
0.1980 5.3076 121.81 0
0.1981 5.3096 121.924 0
0.1982 5.3111 122.082 0.0004
0.1983 5.3124 122.187 0.0002
0.1984 5.314 122.308 0.0003
0.1985 5.3158 122.415 0.0001
0.1986 5.3169 122.635 0.0004
0.1987 5.3187 122.786 0
0.1988 5.3207 122.963 0
0.1989 5.3225 123.121 0
0.1990 5.3243 123.343 0
0.1991 5.3257 123.53 0.0005
0.1992 5.3283 123.555 0
0.1993 5.33 123.639 0
0.1994 5.3308 123.817 0.0002
0.1995 5.3329 123.944 0
0.1996 5.335 124.127 0.0002
0.1997 5.3366 124.31 0
0.1998 5.3384 124.445 0
0.1999 5.3397 124.573 0
0.2000 5.3432 124.671 0.0001
0.2001 5.3444 124.734 0
0.2002 5.3465 124.87 0
0.2003 5.3481 125.075 0
0.2004 5.3498 125.088 0
0.2005 5.3522 125.115 0
0.2006 5.3537 125.407 0
0.2007 5.3558 125.553 0
0.2008 5.358 125.552 0
0.2009 5.3601 125.775 0
0.2010 5.362 125.926 0
0.2011 5.3641 126.089 0
0.2012 5.3662 126.361 0
0.2013 5.3684 126.412 0
0.2014 5.3701 126.5 0
0.2015 5.3732 126.653 0
0.2016 5.3755 126.862 0.0001
0.2017 5.3776 126.946 0
0.2018 5.3792 127.124 0
0.2019 5.3812 127.233 0
0.2020 5.3828 127.322 0
0.2021 5.3844 127.454 0.0004
0.2022 5.3866 127.634 0
0.2023 5.3887 127.743 0
0.2024 5.3904 127.955 0
0.2025 5.3932 127.991 0
0.2026 5.3953 128.134 0.0003
0.2027 5.3969 128.251 0
0.2028 5.399 128.352 0
0.2029 5.4008 128.333 0.0003
0.2030 5.4035 128.45 0
0.2031 5.4056 128.618 0.0001
0.2032 5.4077 128.699 0
0.2033 5.4094 128.883 0
0.2034 5.4105 129.089 0
0.2035 5.4128 129.309 0
0.2036 5.414 129.495 0
0.2037 5.4159 129.512 0
0.2038 5.418 129.632 0
0.2039 5.4201 129.851 0
0.2040 5.4225 130.012 0
0.2041 5.4253 130.163 0
0.2042 5.4278 130.349 0
0.2043 5.4303 130.5 0
0.2044 5.4322 130.705 0.0001
0.2045 5.4337 130.753 0.0001
0.2046 5.4354 130.921 0.0003
0.2047 5.4371 131.051 0.0001
0.2048 5.4394 131.271 0
0.2049 5.4417 131.478 0.0001
0.2050 5.4439 131.563 0.0001
0.2051 5.4464 131.606 0
0.2052 5.4481 131.77 0
0.2053 5.4513 131.853 0
0.2054 5.4534 131.953 0.0001
0.2055 5.455 132.04 0
0.2056 5.4568 132.266 0
0.2057 5.4585 132.386 0.0001
0.2058 5.4601 132.503 0.0002
0.2059 5.4621 132.586 0
0.2060 5.4641 132.749 0
0.2061 5.4668 132.892 0.0006
0.2062 5.4686 133.007 0
0.2063 5.47 133.184 0.0001
0.2064 5.4726 133.172 0
0.2065 5.4749 133.214 0
0.2066 5.4772 133.313 0.0001
0.2067 5.4797 133.359 0
0.2068 5.4821 133.572 0
0.2069 5.4834 133.74 0.0001
0.2070 5.4859 134.01 0
0.2071 5.4883 134.099 0
0.2072 5.4906 134.282 0
0.2073 5.4927 134.495 0
0.2074 5.4945 134.583 0
0.2075 5.497 134.8 0
0.2076 5.4994 134.823 0
0.2077 5.5015 134.963 0.0001
0.2078 5.504 135.099 0
0.2079 5.5054 135.177 0.0003
0.2080 5.5076 135.255 0
0.2081 5.5104 135.376 0
0.2082 5.5125 135.481 0.0001
0.2083 5.5154 135.624 0
0.2084 5.5176 135.736 0
0.2085 5.5208 135.752 0.0001
0.2086 5.5231 135.884 0
0.2087 5.526 135.999 0.0001
0.2088 5.5277 136.227 0
0.2089 5.5303 136.267 0.0001
0.2090 5.5327 136.346 0
0.2091 5.5347 136.436 0
0.2092 5.5377 136.536 0.0001
0.2093 5.5393 136.7 0
0.2094 5.5414 136.787 0
0.2095 5.5437 136.836 0.0002
0.2096 5.5453 137.093 0
0.2097 5.5479 137.175 0
0.2098 5.5498 137.222 0.0001
0.2099 5.5523 137.405 0
0.2100 5.5546 137.511 0.0003
0.2101 5.5564 137.663 0.0002
0.2102 5.5593 137.801 0.0001
0.2103 5.5616 137.976 0
0.2104 5.5636 138.057 0
0.2105 5.5653 138.101 0
0.2106 5.5673 138.339 0
0.2107 5.5691 138.412 0.0001
0.2108 5.5714 138.442 0.0001
0.2109 5.5739 138.629 0
0.2110 5.5762 138.673 0
0.2111 5.5783 138.85 0
0.2112 5.58 139.041 0.0001
0.2113 5.5818 139.287 0.0001
0.2114 5.5844 139.384 0.0003
0.2115 5.587 139.464 0
0.2116 5.5894 139.675 0
0.2117 5.5918 139.732 0
0.2118 5.5934 139.822 0
0.2119 5.5963 139.866 0
0.2120 5.5988 140.082 0
0.2121 5.601 140.201 0
0.2122 5.603 140.224 0.0001
0.2123 5.6057 140.347 0
0.2124 5.6082 140.383 0
0.2125 5.6095 140.618 0
0.2126 5.6121 140.744 0
0.2127 5.6147 140.869 0
0.2128 5.6173 140.852 0
0.2129 5.6197 141.059 0
0.2130 5.6213 141.05 0
0.2131 5.6233 141.13 0
0.2132 5.6255 141.198 0.0001
0.2133 5.6284 141.186 0
0.2134 5.6315 141.394 0
0.2135 5.6339 141.426 0
0.2136 5.6364 141.4 0.0001
0.2137 5.6389 141.611 0
0.2138 5.6416 141.825 0
0.2139 5.6437 141.845 0
0.2140 5.6457 141.953 0
0.2141 5.6492 142.004 0.0004
0.2142 5.6511 142.177 0
0.2143 5.6533 142.272 0.0001
0.2144 5.6557 142.188 0.0001
0.2145 5.6586 142.266 0
0.2146 5.6605 142.484 0
0.2147 5.6633 142.397 0.0003
0.2148 5.6656 142.586 0
0.2149 5.6683 142.753 0
0.2150 5.6702 142.811 0
0.2151 5.6724 142.826 0
0.2152 5.6748 142.768 0.0001
0.2153 5.6768 143.018 0.0006
0.2154 5.6795 143.031 0
0.2155 5.6818 143.055 0
0.2156 5.6839 143.176 0
0.2157 5.6857 143.196 0.0001
0.2158 5.6878 143.438 0
0.2159 5.6909 143.566 0
0.2160 5.6922 143.632 0.0001
0.2161 5.695 143.594 0.0004
0.2162 5.698 143.619 0.0001
0.2163 5.6997 143.823 0.0001
0.2164 5.7019 143.953 0
0.2165 5.7044 144.101 0
0.2166 5.7067 144.145 0
0.2167 5.709 144.083 0
0.2168 5.7122 144.146 0
0.2169 5.7139 144.335 0
0.2170 5.7169 144.425 0.0001
0.2171 5.7194 144.601 0.0002
0.2172 5.721 144.734 0
0.2173 5.723 144.644 0
0.2174 5.7254 144.672 0
0.2175 5.7279 144.646 0.0002
0.2176 5.7296 144.769 0
0.2177 5.7317 144.749 0
0.2178 5.734 144.95 0
0.2179 5.7362 145.064 0.0002
0.2180 5.7387 145.209 0
0.2181 5.7407 145.128 0
0.2182 5.7426 145.272 0.0001
0.2183 5.7443 145.385 0.0002
0.2184 5.7463 145.615 0.0001
0.2185 5.7491 145.751 0
0.2186 5.7518 145.855 0
0.2187 5.7538 145.855 0.0002
0.2188 5.7562 145.912 0.0001
0.2189 5.7581 146.05 0.0001
0.2190 5.76 145.846 0.0005
0.2191 5.7622 145.906 0.0002
0.2192 5.7635 146.259 0
0.2193 5.7655 146.186 0.0002
0.2194 5.7671 146.069 0.0001
0.2195 5.77 146.277 0.0001
0.2196 5.7719 146.369 0
0.2197 5.773 146.597 0
0.2198 5.7749 146.6 0
0.2199 5.7775 146.435 0
0.2200 5.7795 146.445 0
0.2201 5.7823 146.494 0
0.2202 5.784 146.442 0.0001
0.2203 5.7859 146.372 0.0008
0.2204 5.7877 146.466 0
0.2205 5.7898 146.564 0
0.2206 5.7913 146.657 0
0.2207 5.7929 146.715 0.0002
0.2208 5.7951 146.919 0.0001
0.2209 5.7966 146.977 0
0.2210 5.7987 146.932 0
0.2211 5.8012 147.036 0
0.2212 5.8028 147.017 0.0002
0.2213 5.8051 147.095 0.0002
0.2214 5.8066 147.201 0.0003
0.2215 5.808 147.351 0
0.2216 5.8095 147.456 0.0001
0.2217 5.8116 147.646 0.0006
0.2218 5.8133 147.958 0.0002
0.2219 5.8149 148.162 0
0.2220 5.8169 148.262 0
0.2221 5.8182 148.19 0.0001
0.2222 5.8211 148.223 0
0.2223 5.8231 148.224 0
0.2224 5.8247 148.456 0
0.2225 5.8279 148.438 0
0.2226 5.8304 148.374 0
0.2227 5.8325 148.398 0.0003
0.2228 5.8345 148.303 0
0.2229 5.8362 148.359 0.0002
0.2230 5.8375 148.49 0.0001
0.2231 5.8387 148.666 0
0.2232 5.8407 148.659 0.0002
0.2233 5.8424 148.604 0
0.2234 5.8447 148.894 0.0001
0.2235 5.8462 148.811 0
0.2236 5.8475 148.897 0.0003
0.2237 5.8498 148.807 0
0.2238 5.851 148.762 0
0.2239 5.8523 148.739 0
0.2240 5.8539 148.847 0
0.2241 5.8554 148.893 0
0.2242 5.8573 148.941 0
0.2243 5.8587 149.022 0.0001
0.2244 5.8604 149.095 0
0.2245 5.8619 149.303 0.0001
0.2246 5.864 149.234 0
0.2247 5.865 149.406 0
0.2248 5.8672 149.385 0.0004
0.2249 5.8686 149.491 0
0.2250 5.8704 149.661 0
0.2251 5.8716 149.682 0.0001
0.2252 5.8731 149.676 0
0.2253 5.8745 149.626 0
0.2254 5.8754 149.786 0.0001
0.2255 5.8771 149.849 0
0.2256 5.8784 150.09 0.0001
0.2257 5.8799 150.215 0.0003
0.2258 5.881 150.382 0.0001
0.2259 5.8828 150.443 0.0002
0.2260 5.8837 150.277 0
0.2261 5.8848 150.471 0.0001
0.2262 5.8861 150.292 0.0001
0.2263 5.8871 150.684 0
0.2264 5.8887 150.638 0.0002
0.2265 5.8901 150.492 0
0.2266 5.8917 150.551 0.0001
0.2267 5.8935 150.624 0
0.2268 5.895 150.81 0
0.2269 5.8965 150.67 0.0001
0.2270 5.8978 151.06 0.0003
0.2271 5.8995 151.106 0
0.2272 5.9011 151.011 0
0.2273 5.9024 151.103 0
0.2274 5.9035 151.218 0
0.2275 5.9051 151.213 0
0.2276 5.9064 151.195 0.0001
0.2277 5.9078 151.278 0
0.2278 5.9091 151.396 0.0001
0.2279 5.9108 151.299 0.0001
0.2280 5.9114 151.299 0
0.2281 5.9129 151.533 0
0.2282 5.9144 151.631 0
0.2283 5.9159 151.896 0.0001
0.2284 5.917 151.96 0.0001
0.2285 5.9182 152.028 0.0001
0.2286 5.9197 151.976 0
0.2287 5.9204 151.984 0
0.2288 5.9217 152.032 0.0004
0.2289 5.9239 152.033 0.0001
0.2290 5.9252 152.053 0.0003
0.2291 5.9261 152.167 0.0001
0.2292 5.9277 152.278 0.0003
0.2293 5.9289 152.258 0
0.2294 5.9305 152.503 0
0.2295 5.9312 152.742 0
0.2296 5.9325 152.869 0.0005
0.2297 5.9334 152.949 0
0.2298 5.9342 152.596 0
0.2299 5.935 152.599 0
0.2300 5.936 152.557 0.0001
0.2301 5.9368 152.745 0
0.2302 5.9386 152.444 0.0001
0.2303 5.9393 152.527 0
0.2304 5.9405 152.769 0
0.2305 5.941 152.924 0.0001
0.2306 5.9423 152.745 0
0.2307 5.9434 152.77 0.0001
0.2308 5.945 152.928 0
0.2309 5.9462 153.102 0
0.2310 5.9471 153.261 0
0.2311 5.9486 153.28 0.0001
0.2312 5.9491 153.214 0.0005
0.2313 5.9498 153.249 0
0.2314 5.9507 153.251 0
0.2315 5.952 153.36 0
0.2316 5.9531 153.076 0.0001
0.2317 5.9542 153.188 0
0.2318 5.9551 153.592 0.0007
0.2319 5.9565 153.575 0.0004
0.2320 5.9573 153.729 0.0001
0.2321 5.9586 153.547 0.0001
0.2322 5.9598 153.613 0.0001
0.2323 5.9609 153.788 0
0.2324 5.9619 153.877 0.0001
0.2325 5.9629 153.914 0
0.2326 5.9636 154.128 0
0.2327 5.9644 154.312 0
0.2328 5.9657 154.221 0.0001
0.2329 5.9662 154.181 0
0.2330 5.9675 154.186 0
0.2331 5.9683 154.31 0
0.2332 5.9692 154.425 0
0.2333 5.9697 154.514 0.0001
0.2334 5.9707 154.806 0
0.2335 5.9715 154.885 0.0003
0.2336 5.9724 154.884 0.0005
0.2337 5.9735 154.875 0.0004
0.2338 5.9745 155.227 0
0.2339 5.9754 155.312 0.0002
0.2340 5.9761 155.239 0.0002
0.2341 5.9776 155.156 0.0001
0.2342 5.9785 155.118 0
0.2343 5.9792 155.17 0
0.2344 5.9804 155.176 0
0.2345 5.9808 155.258 0
0.2346 5.9813 155.243 0.0001
0.2347 5.9821 155.186 0
0.2348 5.983 155.348 0
0.2349 5.9844 155.422 0
0.2350 5.9851 155.659 0.0002
0.2351 5.9856 155.971 0
0.2352 5.9866 156.079 0
0.2353 5.9872 156.351 0
0.2354 5.9881 156.371 0
0.2355 5.9892 156.41 0
0.2356 5.9896 156.386 0
0.2357 5.9903 156.391 0
0.2358 5.991 156.512 0
0.2359 5.9916 156.638 0.0001
0.2360 5.9921 156.912 0
0.2361 5.9931 156.956 0
0.2362 5.9937 157.04 0.0001
0.2363 5.9939 157.019 0
0.2364 5.9947 156.965 0.0002
0.2365 5.9951 157.295 0.0002
0.2366 5.9961 157.178 0.0004
0.2367 5.9968 157.218 0
0.2368 5.9972 157.482 0
0.2369 5.9977 157.921 0.0001
0.2370 5.9983 158.177 0
0.2371 5.9991 157.939 0.0002
0.2372 5.9995 158.083 0.0004
0.2373 6 158.099 0
0.2374 6.0006 158.077 0
0.2375 6.0008 158.37 0
0.2376 6.0011 158.748 0
0.2377 6.0021 158.58 0.0001
0.2378 6.0027 158.6 0
0.2379 6.0032 158.722 0
0.2380 6.0041 158.738 0
0.2381 6.0042 159.013 0
0.2382 6.0051 159.06 0.0001
0.2383 6.0058 159.309 0
0.2384 6.0065 159.488 0.0002
0.2385 6.0069 159.681 0
0.2386 6.0073 159.69 0
0.2387 6.0073 159.578 0.0004
0.2388 6.008 159.832 0
0.2389 6.0092 159.903 0
0.2390 6.0095 159.913 0
0.2391 6.0097 160.132 0
0.2392 6.0106 160.293 0.0003
0.2393 6.011 160.424 0.0001
0.2394 6.0113 160.507 0
0.2395 6.012 160.224 0
0.2396 6.0124 160.554 0
0.2397 6.013 160.471 0
0.2398 6.0135 160.556 0.0001
0.2399 6.0144 160.767 0
0.2400 6.015 160.776 0.0004
0.2401 6.0157 160.748 0.0002
0.2402 6.0165 160.674 0
0.2403 6.0167 160.991 0
0.2404 6.017 161.16 0
0.2405 6.0177 161.234 0.0001
0.2406 6.0181 161.47 0
0.2407 6.0185 161.92 0
0.2408 6.0189 161.871 0
0.2409 6.0195 161.927 0.0001
0.2410 6.0202 162.216 0.0001
0.2411 6.0209 162.199 0.0002
0.2412 6.0216 162.468 0
0.2413 6.0219 162.754 0
0.2414 6.022 162.847 0
0.2415 6.0225 163.115 0.0001
0.2416 6.0227 163.515 0
0.2417 6.0233 163.334 0
0.2418 6.0237 163.551 0.0001
0.2419 6.024 163.792 0
0.2420 6.0243 163.961 0.0001
0.2421 6.025 163.966 0
0.2422 6.0253 163.878 0
0.2423 6.0259 164.062 0
0.2424 6.0263 164.165 0.0002
0.2425 6.0264 164.178 0.0002
0.2426 6.0272 164.363 0.0001
0.2427 6.0279 164.451 0
0.2428 6.0285 164.822 0
0.2429 6.0287 165.022 0
0.2430 6.0292 165.075 0
0.2431 6.0294 165.08 0.0001
0.2432 6.0298 165.314 0.0004
0.2433 6.0301 165.426 0
0.2434 6.0307 165.476 0.0001
0.2435 6.031 165.861 0
0.2436 6.0314 165.914 0
0.2437 6.0318 166.172 0
0.2438 6.032 166.128 0
0.2439 6.0322 166.507 0
0.2440 6.0326 166.891 0
0.2441 6.0335 167.132 0
0.2442 6.0337 167.456 0.0001
0.2443 6.0337 167.414 0.0001
0.2444 6.0341 167.48 0
0.2445 6.0348 167.682 0
0.2446 6.035 168.032 0.0001
0.2447 6.0356 168.141 0.0002
0.2448 6.0356 168.369 0
0.2449 6.0359 168.43 0
0.2450 6.036 168.676 0
0.2451 6.0366 168.897 0.0001
0.2452 6.0376 168.723 0.0004
0.2453 6.0378 168.805 0
0.2454 6.0381 169.24 0
0.2455 6.0386 169.501 0
0.2456 6.0391 169.671 0.0001
0.2457 6.0399 169.949 0
0.2458 6.0403 170.029 0
0.2459 6.0404 170.202 0.0001
0.2460 6.0407 170.513 0.0001
0.2461 6.0409 170.725 0.0001
0.2462 6.0411 170.851 0
0.2463 6.0418 171.089 0
0.2464 6.0423 171.286 0
0.2465 6.0425 171.315 0
0.2466 6.0428 171.466 0.0002
0.2467 6.0432 171.609 0
0.2468 6.0435 171.754 0.0002
0.2469 6.0441 171.92 0
0.2470 6.0448 171.85 0
0.2471 6.0451 172.226 0.0001
0.2472 6.0456 172.333 0.001
0.2473 6.0459 172.833 0.0001
0.2474 6.0464 172.904 0.0001
0.2475 6.0468 173.191 0
0.2476 6.0471 173.459 0.0003
0.2477 6.0476 173.809 0.0001
0.2478 6.0482 174.029 0.0001
0.2479 6.0487 174.086 0.0004
0.2480 6.0492 174.203 0.0001
0.2481 6.0495 174.516 0
0.2482 6.0499 174.764 0
0.2483 6.0507 174.729 0.0004
0.2484 6.0509 175.048 0.0001
0.2485 6.0512 175.046 0
0.2486 6.0519 175.322 0
0.2487 6.0527 175.499 0.0001
0.2488 6.0532 175.692 0
0.2489 6.0534 176.15 0.0001
0.2490 6.0536 176.389 0
0.2491 6.054 176.853 0.0001
0.2492 6.0544 177.162 0
0.2493 6.055 177.633 0
0.2494 6.0555 177.565 0
0.2495 6.0555 177.577 0
0.2496 6.056 177.874 0
0.2497 6.0563 178.088 0
0.2498 6.0568 178.207 0.0001
0.2499 6.0574 178.358 0
0.2500 6.0576 178.689 0
0.2501 6.0582 179.115 0
0.2502 6.0585 179.087 0
0.2503 6.0588 179.185 0
0.2504 6.0588 179.342 0
0.2505 6.0599 179.575 0.0001
0.2506 6.0606 179.872 0
0.2507 6.0614 180.066 0
0.2508 6.0617 180.119 0
0.2509 6.062 180.377 0.0001
0.2510 6.0625 180.595 0.0001
0.2511 6.063 180.795 0
0.2512 6.0635 180.904 0.0001
0.2513 6.0639 181.21 0
0.2514 6.0643 181.672 0
0.2515 6.0651 182.218 0
0.2516 6.0655 182.621 0.0001
0.2517 6.0658 182.865 0
0.2518 6.0665 183.169 0.0001
0.2519 6.0667 183.297 0
0.2520 6.0674 183.097 0
0.2521 6.0677 183.305 0
0.2522 6.0682 183.651 0
0.2523 6.0685 184.001 0
0.2524 6.069 184.236 0
0.2525 6.0698 184.432 0
0.2526 6.07 184.662 0.0004
0.2527 6.0705 185.154 0.0005
0.2528 6.0714 185.37 0.0001
0.2529 6.072 185.553 0
0.2530 6.0728 185.748 0.0001
0.2531 6.0734 185.796 0
0.2532 6.0743 185.792 0
0.2533 6.0755 185.968 0.0005
0.2534 6.0763 186.414 0
0.2535 6.0772 186.792 0
0.2536 6.0776 187.007 0
0.2537 6.0782 187.461 0.0002
0.2538 6.0792 187.523 0
0.2539 6.0795 187.716 0
0.2540 6.0805 187.823 0
0.2541 6.0814 188 0
0.2542 6.0822 188.279 0
0.2543 6.083 188.702 0
0.2544 6.0836 188.951 0.0001
0.2545 6.0841 189.339 0
0.2546 6.0847 189.634 0
0.2547 6.0849 189.848 0
0.2548 6.0855 190.071 0
0.2549 6.0859 190.224 0.0001
0.2550 6.0867 190.471 0
0.2551 6.0878 190.727 0
0.2552 6.0882 190.895 0.0003
0.2553 6.0889 191.386 0
0.2554 6.0896 191.652 0
0.2555 6.0902 192.015 0.0001
0.2556 6.0909 192.266 0.0002
0.2557 6.0914 192.404 0
0.2558 6.0918 192.555 0
0.2559 6.0926 192.783 0
0.2560 6.0932 193.113 0
0.2561 6.0938 193.247 0.0001
0.2562 6.0944 193.649 0.0002
0.2563 6.0954 193.881 0
0.2564 6.0959 194.449 0
0.2565 6.0969 194.569 0.0002
0.2566 6.0979 194.605 0.0004
0.2567 6.0983 194.891 0
0.2568 6.0989 195.461 0.0004
0.2569 6.0998 195.588 0
0.2570 6.1004 195.855 0.0001
0.2571 6.1011 196.253 0.0001
0.2572 6.1019 196.742 0
0.2573 6.1026 197.024 0.0005
0.2574 6.1033 197.271 0
0.2575 6.1043 197.4 0
0.2576 6.1054 197.822 0
0.2577 6.1057 198.268 0.0003
0.2578 6.1063 198.593 0
0.2579 6.1069 198.773 0
0.2580 6.1073 198.919 0
0.2581 6.108 199.116 0
0.2582 6.1085 199.516 0
0.2583 6.1087 199.957 0.0001
0.2584 6.1095 200.188 0
0.2585 6.1099 200.608 0.0002
0.2586 6.1109 200.621 0.0001
0.2587 6.1118 200.933 0.0001
0.2588 6.1126 201.042 0.0001
0.2589 6.1133 201.531 0
0.2590 6.1138 201.804 0
0.2591 6.1141 202.003 0.0004
0.2592 6.1144 202.389 0
0.2593 6.1151 202.749 0.0001
0.2594 6.1158 203.089 0
0.2595 6.1165 203.498 0
0.2596 6.1169 203.712 0
0.2597 6.1177 203.761 0.0002
0.2598 6.1187 204.218 0.0003
0.2599 6.1197 204.586 0
0.2600 6.1204 204.836 0
0.2601 6.1219 204.982 0
0.2602 6.1228 205.299 0.0001
0.2603 6.1241 205.626 0
0.2604 6.1255 205.863 0
0.2605 6.1265 206.049 0.0001
0.2606 6.1271 206.404 0
0.2607 6.1283 206.714 0
0.2608 6.1293 207.017 0.0001
0.2609 6.1305 207.289 0
0.2610 6.1311 207.556 0
0.2611 6.1325 207.837 0
0.2612 6.1332 208.114 0
0.2613 6.1341 208.342 0
0.2614 6.1348 208.932 0.0004
0.2615 6.1358 209.133 0.0003
0.2616 6.1365 209.586 0
0.2617 6.1378 209.52 0.0006
0.2618 6.1393 209.978 0.0003
0.2619 6.1402 210.216 0.0002
0.2620 6.1411 210.394 0
0.2621 6.142 210.628 0.0001
0.2622 6.143 211.041 0
0.2623 6.1441 211.476 0
0.2624 6.1448 211.835 0
0.2625 6.1461 212.081 0.0001
0.2626 6.1471 212.495 0
0.2627 6.1483 212.618 0
0.2628 6.1498 212.784 0
0.2629 6.1511 213.161 0.0001
0.2630 6.1522 213.439 0
0.2631 6.1529 213.635 0.0004
0.2632 6.1539 214.024 0.0003
0.2633 6.1548 214.446 0
0.2634 6.1558 214.678 0.0001
0.2635 6.1568 215.224 0
0.2636 6.1582 215.327 0
0.2637 6.1593 215.706 0
0.2638 6.1601 216.2 0
0.2639 6.161 216.553 0
0.2640 6.1619 216.968 0.0003
0.2641 6.1638 217.311 0.0001
0.2642 6.1656 217.575 0.0001
0.2643 6.1666 217.899 0
0.2644 6.1676 218.273 0.0003
0.2645 6.1689 218.458 0
0.2646 6.1704 218.684 0
0.2647 6.1713 219.031 0.0001
0.2648 6.1725 219.162 0
0.2649 6.1733 219.324 0
0.2650 6.1741 219.594 0
0.2651 6.1747 220.05 0
0.2652 6.1765 220.467 0.0001
0.2653 6.1778 220.89 0
0.2654 6.1794 221.13 0
0.2655 6.1808 221.506 0.0001
0.2656 6.1819 221.92 0.0002
0.2657 6.1838 222.021 0.0001
0.2658 6.1848 222.393 0
0.2659 6.1856 222.788 0
0.2660 6.1871 222.939 0
0.2661 6.1883 223.388 0.0001
0.2662 6.1893 223.645 0.0001
0.2663 6.1905 223.911 0.0001
0.2664 6.192 224.201 0
0.2665 6.1934 224.522 0
0.2666 6.1946 224.715 0.0003
0.2667 6.1955 225.198 0.0001
0.2668 6.1968 225.523 0.0001
0.2669 6.1979 226.05 0
0.2670 6.1992 226.41 0
0.2671 6.2013 226.681 0.0003
0.2672 6.2023 227.044 0.0001
0.2673 6.2031 227.284 0.0002
0.2674 6.2039 227.63 0.0001
0.2675 6.2053 227.709 0
0.2676 6.2068 227.907 0
0.2677 6.2079 228.446 0
0.2678 6.2092 228.805 0
0.2679 6.2099 229.053 0
0.2680 6.2117 229.616 0.0004
0.2681 6.2124 229.76 0
0.2682 6.2143 229.926 0.0002
0.2683 6.2152 230.453 0
0.2684 6.2167 230.812 0
0.2685 6.2181 231.201 0.0002
0.2686 6.2187 231.457 0.0001
0.2687 6.2196 231.894 0.0002
0.2688 6.221 232.399 0
0.2689 6.2224 232.624 0.0001
0.2690 6.2239 233.021 0
0.2691 6.2255 233.49 0.0003
0.2692 6.2272 233.84 0
0.2693 6.2281 234.01 0
0.2694 6.23 234.148 0
0.2695 6.2321 234.62 0
0.2696 6.2333 235.188 0
0.2697 6.2352 235.286 0.0001
0.2698 6.2366 235.425 0
0.2699 6.2386 235.65 0.0004
0.2700 6.2403 235.971 0.0001
0.2701 6.242 236.403 0
0.2702 6.2435 236.799 0
0.2703 6.2444 237.09 0
0.2704 6.2464 237.373 0
0.2705 6.2479 237.802 0
0.2706 6.2493 237.84 0.0001
0.2707 6.2503 238.038 0
0.2708 6.2523 238.483 0
0.2709 6.2539 238.989 0
0.2710 6.2553 239.385 0.0001
0.2711 6.2575 239.493 0
0.2712 6.2587 239.824 0
0.2713 6.2597 239.973 0
0.2714 6.2615 240.24 0
0.2715 6.2627 240.728 0
0.2716 6.264 240.946 0
0.2717 6.2656 241.353 0
0.2718 6.2674 241.54 0.0002
0.2719 6.2696 241.906 0.0004
0.2720 6.2713 242.316 0
0.2721 6.2727 242.601 0
0.2722 6.2742 242.952 0
0.2723 6.2763 243.267 0
0.2724 6.2783 243.466 0.0001
0.2725 6.2806 243.943 0
0.2726 6.2818 244.231 0.0002
0.2727 6.2839 244.61 0.0003
0.2728 6.2865 244.733 0
0.2729 6.2879 245.01 0
0.2730 6.2902 245.435 0.0001
0.2731 6.2923 245.632 0
0.2732 6.2943 245.769 0.0002
0.2733 6.2961 246.233 0
0.2734 6.2983 246.475 0
0.2735 6.3007 246.965 0.0001
0.2736 6.3023 247.159 0
0.2737 6.3036 247.565 0
0.2738 6.3057 247.807 0
0.2739 6.3073 248.206 0
0.2740 6.3094 248.362 0
0.2741 6.3121 248.462 0.0003
0.2742 6.3137 248.834 0
0.2743 6.3147 249.321 0.0001
0.2744 6.3158 249.56 0
0.2745 6.3176 250.013 0
0.2746 6.3195 250.356 0.0007
0.2747 6.3215 250.846 0
0.2748 6.3236 251.112 0
0.2749 6.3259 251.278 0.0001
0.2750 6.3272 251.541 0
0.2751 6.3287 251.684 0
0.2752 6.33 251.895 0.0001
0.2753 6.3317 252.242 0
0.2754 6.3337 252.847 0.0001
0.2755 6.3355 253.177 0
0.2756 6.3374 253.541 0
0.2757 6.3395 253.536 0
0.2758 6.3405 253.952 0.0001
0.2759 6.3423 254.079 0.0001
0.2760 6.3442 254.487 0
0.2761 6.3468 254.673 0
0.2762 6.3494 254.915 0.0003
0.2763 6.3514 255.479 0
0.2764 6.3532 255.82 0
0.2765 6.3551 256.283 0
0.2766 6.3569 256.561 0.0002
0.2767 6.3581 256.96 0.0003
0.2768 6.3606 257.15 0
0.2769 6.363 257.307 0.0001
0.2770 6.365 257.476 0
0.2771 6.3673 257.855 0
0.2772 6.3695 258.022 0.0003
0.2773 6.3718 258.205 0
0.2774 6.3732 258.47 0.0001
0.2775 6.3758 258.65 0.0002
0.2776 6.3775 259.01 0
0.2777 6.3795 259.321 0
0.2778 6.3816 259.577 0
0.2779 6.3841 259.986 0
0.2780 6.3868 260.088 0
0.2781 6.3899 260.436 0
0.2782 6.3917 260.856 0
0.2783 6.3944 260.878 0
0.2784 6.3974 261.103 0.0001
0.2785 6.4001 261.326 0
0.2786 6.4023 261.754 0
0.2787 6.4036 262.154 0
0.2788 6.4056 262.486 0.0001
0.2789 6.4074 262.504 0
0.2790 6.4093 262.543 0
0.2791 6.4116 262.85 0
0.2792 6.414 263.37 0.0001
0.2793 6.4158 263.694 0
0.2794 6.4183 263.839 0.0001
0.2795 6.4209 264.136 0
0.2796 6.4227 264.33 0
0.2797 6.4247 264.703 0.0001
0.2798 6.4274 264.952 0.0001
0.2799 6.43 265.055 0
0.2800 6.4318 265.379 0
0.2801 6.4352 265.447 0
0.2802 6.4374 265.873 0
0.2803 6.439 266.001 0
0.2804 6.4402 266.489 0
0.2805 6.4423 266.942 0
0.2806 6.4447 267.48 0
0.2807 6.4469 267.55 0
0.2808 6.4495 267.957 0.0004
0.2809 6.4511 268.32 0
0.2810 6.4532 268.76 0
0.2811 6.4557 268.95 0.0001
0.2812 6.4579 269.05 0
0.2813 6.4596 269.228 0.0003
0.2814 6.4626 269.097 0.0001
0.2815 6.4646 269.434 0
0.2816 6.4673 269.819 0
0.2817 6.4693 270.183 0.0005
0.2818 6.4709 270.153 0
0.2819 6.473 270.741 0.0001
0.2820 6.475 270.708 0
0.2821 6.4779 271.137 0
0.2822 6.4806 271.221 0
0.2823 6.4818 271.911 0
0.2824 6.4845 272.035 0
0.2825 6.4878 272.196 0.0001
0.2826 6.4902 272.446 0
0.2827 6.4931 272.785 0.0001
0.2828 6.4956 272.71 0.0002
0.2829 6.498 273.02 0.0001
0.2830 6.5006 272.803 0
0.2831 6.5024 273.182 0
0.2832 6.5053 273.394 0.0001
0.2833 6.5073 273.828 0
0.2834 6.5104 273.931 0.0003
0.2835 6.513 274.213 0
0.2836 6.5151 274.666 0
0.2837 6.5184 274.483 0
0.2838 6.5205 274.752 0.0001
0.2839 6.5217 274.79 0
0.2840 6.524 275.134 0.0004
0.2841 6.5264 275.125 0
0.2842 6.5283 275.618 0
0.2843 6.5313 275.865 0.0001
0.2844 6.5332 276.145 0
0.2845 6.5354 276.345 0.0005
0.2846 6.5373 276.891 0
0.2847 6.5388 276.996 0
0.2848 6.5416 277.135 0.0001
0.2849 6.5432 277.55 0.0001
0.2850 6.5456 277.976 0
0.2851 6.5481 278.106 0.0001
0.2852 6.5502 278.229 0
0.2853 6.5538 278.287 0.0001
0.2854 6.5567 278.298 0
0.2855 6.5594 278.662 0
0.2856 6.5617 278.827 0.0002
0.2857 6.564 278.965 0.0003
0.2858 6.5652 279.413 0
0.2859 6.5675 279.831 0
0.2860 6.5702 280.031 0
0.2861 6.5726 280.332 0.0002
0.2862 6.5751 280.864 0.0005
0.2863 6.5775 281.111 0
0.2864 6.58 281.01 0.0001
0.2865 6.5825 281.085 0
0.2866 6.5852 281.196 0
0.2867 6.5868 281.421 0
0.2868 6.5894 281.578 0
0.2869 6.5916 281.984 0.0003
0.2870 6.5941 281.974 0
0.2871 6.5971 282.259 0
0.2872 6.5984 282.664 0
0.2873 6.601 282.708 0
0.2874 6.6027 283.095 0.0001
0.2875 6.6051 283.391 0
0.2876 6.6087 283.095 0
0.2877 6.6103 283.603 0
0.2878 6.6124 283.74 0.0004
0.2879 6.6146 284.152 0
0.2880 6.6165 284.204 0
0.2881 6.6185 284.21 0.0001
0.2882 6.6206 284.588 0
0.2883 6.6226 285.19 0
0.2884 6.6258 285.406 0
0.2885 6.6283 285.338 0
0.2886 6.6304 285.486 0
0.2887 6.6327 285.514 0
0.2888 6.6351 286.135 0
0.2889 6.6373 286.495 0.001
0.2890 6.6402 286.152 0.0005
0.2891 6.6419 286.45 0.0002
0.2892 6.6446 286.535 0.0002
0.2893 6.6462 286.957 0.0001
0.2894 6.6478 287.279 0.0004
0.2895 6.6509 287.03 0.0005
0.2896 6.653 287.311 0
0.2897 6.6546 287.596 0.0002
0.2898 6.6571 287.908 0.0001
0.2899 6.66 288.155 0
0.2900 6.6622 288.548 0.0001
0.2901 6.6637 288.626 0
0.2902 6.6672 288.758 0
0.2903 6.6694 288.514 0
0.2904 6.6719 288.563 0
0.2905 6.6745 288.768 0
0.2906 6.6771 288.901 0.0002
0.2907 6.6796 288.966 0
0.2908 6.6814 289.127 0.0004
0.2909 6.684 289.291 0
0.2910 6.686 289.531 0
0.2911 6.6876 289.555 0.0001
0.2912 6.6904 289.631 0
0.2913 6.6933 289.601 0
0.2914 6.6957 289.582 0.0001
0.2915 6.6983 290.032 0
0.2916 6.7011 290.626 0.0001
0.2917 6.7037 290.721 0
0.2918 6.706 290.878 0
0.2919 6.7082 291.133 0.0003
0.2920 6.7104 291.153 0.0002
0.2921 6.713 291.629 0
0.2922 6.7153 291.73 0
0.2923 6.7176 291.761 0
0.2924 6.7199 291.853 0.0001
0.2925 6.7226 292.027 0
0.2926 6.7244 291.877 0
0.2927 6.7273 292.008 0
0.2928 6.7297 292.382 0
0.2929 6.7316 292.21 0.0001
0.2930 6.7336 292.833 0
0.2931 6.7358 293.1 0.0001
0.2932 6.7378 293.437 0
0.2933 6.7393 293.551 0
0.2934 6.7414 294.198 0
0.2935 6.743 294.725 0.0005
0.2936 6.7455 294.637 0.0003
0.2937 6.748 294.924 0
0.2938 6.7501 295.598 0
0.2939 6.7527 295.591 0
0.2940 6.7555 295.508 0
0.2941 6.7567 295.412 0
0.2942 6.759 295.366 0.0001
0.2943 6.761 295.641 0
0.2944 6.7623 296.007 0.0005
0.2945 6.7634 296.186 0.0003
0.2946 6.7657 296.339 0.0001
0.2947 6.7673 296.591 0.0004
0.2948 6.7697 296.796 0
0.2949 6.771 296.682 0
0.2950 6.7736 296.648 0
0.2951 6.7752 297.085 0
0.2952 6.7773 297.092 0.0001
0.2953 6.7797 297.12 0
0.2954 6.7816 297.264 0
0.2955 6.7847 297.193 0.0001
0.2956 6.7871 297.27 0
0.2957 6.7899 297.221 0
0.2958 6.7917 297.303 0
0.2959 6.7944 297.211 0.0002
0.2960 6.7957 297.458 0
0.2961 6.7972 298.071 0.0001
0.2962 6.799 298.135 0
0.2963 6.8008 297.904 0.0001
0.2964 6.8026 298.145 0
0.2965 6.8045 298.464 0
0.2966 6.8065 298.757 0.0001
0.2967 6.8092 298.779 0
0.2968 6.8116 299.195 0
0.2969 6.8139 299.35 0.0005
0.2970 6.8164 299.977 0
0.2971 6.8182 299.825 0.0001
0.2972 6.8196 299.813 0.0004
0.2973 6.821 299.8 0.0001
0.2974 6.823 300.048 0
0.2975 6.8247 300.218 0
0.2976 6.8276 300.223 0.0004
0.2977 6.8291 300.145 0.0001
0.2978 6.8304 300.728 0
0.2979 6.8324 300.705 0
0.2980 6.8344 300.587 0.0001
0.2981 6.8369 300.721 0
0.2982 6.8391 300.512 0.0001
0.2983 6.8409 300.859 0.0007
0.2984 6.8425 301.041 0.0001
0.2985 6.8444 301.26 0.0001
0.2986 6.8458 301.313 0.0007
0.2987 6.8475 301.645 0.0004
0.2988 6.8487 302.299 0.0001
0.2989 6.8502 302.695 0
0.2990 6.8517 302.609 0
0.2991 6.8536 302.722 0.0004
0.2992 6.8551 302.727 0
0.2993 6.8567 303.027 0.0002
0.2994 6.8587 303.315 0.0001
0.2995 6.8612 303.478 0.0001
0.2996 6.8632 303.217 0
0.2997 6.8647 303.33 0
0.2998 6.8664 303.329 0.0001
0.2999 6.8684 303.331 0
0.3000 6.8706 303.715 0.0007
0.3001 6.8725 304.069 0.0001
0.3002 6.8743 303.609 0.0001
0.3003 6.8754 304.013 0.0001
0.3004 6.8769 303.9 0.0001
0.3005 6.8784 304.138 0
0.3006 6.8798 304.623 0.0002
0.3007 6.8814 304.639 0.0001
0.3008 6.8832 304.578 0.0004
0.3009 6.8843 305.001 0
0.3010 6.8854 305.111 0.0005
0.3011 6.8863 305.373 0
0.3012 6.8879 305.458 0.0001
0.3013 6.8895 305.982 0
0.3014 6.8905 306.319 0
0.3015 6.8921 306.598 0
0.3016 6.8938 306.547 0
0.3017 6.8956 307.088 0
0.3018 6.8973 307.351 0
0.3019 6.8988 307.041 0
0.3020 6.9 307.255 0.0002
0.3021 6.9016 307.37 0.0005
0.3022 6.903 307.366 0.0002
0.3023 6.9048 307.284 0.0001
0.3024 6.9061 307.669 0.0002
0.3025 6.9077 307.825 0
0.3026 6.9092 308.42 0.0003
0.3027 6.9105 308.938 0.0001
0.3028 6.9118 308.948 0
0.3029 6.9133 309.337 0
0.3030 6.9146 309.427 0
0.3031 6.9155 309.522 0
0.3032 6.917 309.825 0
0.3033 6.9185 309.624 0.0001
0.3034 6.9197 310.073 0
0.3035 6.9206 309.825 0.0004
0.3036 6.9221 310.031 0
0.3037 6.9242 309.882 0
0.3038 6.9255 310.005 0.0001
0.3039 6.9265 309.984 0
0.3040 6.9284 309.823 0
0.3041 6.9294 310.148 0
0.3042 6.9306 310.128 0.0002
0.3043 6.9317 310.526 0.0001
0.3044 6.9327 311.028 0.0002
0.3045 6.9342 311.552 0.0001
0.3046 6.9348 311.47 0.0003
0.3047 6.936 311.844 0.0004
0.3048 6.9367 312.394 0.0002
0.3049 6.938 312.575 0.0002
0.3050 6.9388 312.466 0
0.3051 6.9396 312.261 0
0.3052 6.9406 312.558 0.0001
0.3053 6.9415 313.383 0.0004
0.3054 6.9429 312.999 0.0001
0.3055 6.944 313.379 0.0001
0.3056 6.9452 313.425 0.0001
0.3057 6.9463 313.556 0
0.3058 6.9471 313.847 0
0.3059 6.9483 314.431 0
0.3060 6.9494 314.482 0
0.3061 6.951 314.495 0
0.3062 6.9515 314.549 0.0002
0.3063 6.9522 314.707 0.0003
0.3064 6.9535 314.604 0
0.3065 6.9546 314.886 0
0.3066 6.9555 315.454 0.0001
0.3067 6.9564 315.832 0
0.3068 6.9573 315.834 0
0.3069 6.9583 315.58 0.0001
0.3070 6.9594 315.948 0
0.3071 6.9608 316.437 0
0.3072 6.9619 317.176 0.0001
0.3073 6.9628 317.546 0
0.3074 6.9643 317.451 0.0001
0.3075 6.9653 317.629 0.0002
0.3076 6.9666 317.869 0.0006
0.3077 6.9673 318.074 0
0.3078 6.9683 318.013 0
0.3079 6.9698 318.252 0
0.3080 6.9714 318.131 0.0003
0.3081 6.9723 318.46 0
0.3082 6.9726 319.247 0.0004
0.3083 6.9738 319.592 0.0001
0.3084 6.9745 319.925 0
0.3085 6.9757 320.63 0.0001
0.3086 6.9765 320.795 0.0002
0.3087 6.9773 320.601 0.0001
0.3088 6.9784 320.475 0
0.3089 6.9791 320.424 0
0.3090 6.9801 320.541 0.0001
0.3091 6.9812 320.691 0.0001
0.3092 6.9826 320.901 0.0001
0.3093 6.9838 321.509 0
0.3094 6.9848 322.061 0
0.3095 6.9855 322.582 0
0.3096 6.9861 322.651 0.0001
0.3097 6.9874 322.492 0.0001
0.3098 6.9879 323.021 0
0.3099 6.9884 323.455 0
0.3100 6.9887 323.591 0
0.3101 6.9895 323.761 0
0.3102 6.9903 323.973 0
0.3103 6.9913 323.936 0
0.3104 6.9917 324.042 0
0.3105 6.9922 324.476 0
0.3106 6.9932 324.687 0.0002
0.3107 6.994 324.776 0
0.3108 6.9947 324.788 0.0001
0.3109 6.9953 324.809 0.0002
0.3110 6.9958 324.97 0.0001
0.3111 6.9968 324.962 0.0002
0.3112 6.9973 325.485 0.0004
0.3113 6.9985 325.761 0
0.3114 6.9995 326.003 0
0.3115 7.0005 325.605 0.0001
0.3116 7.0016 326.22 0.0001
0.3117 7.0024 326.887 0
0.3118 7.0033 326.949 0.0003
0.3119 7.0036 326.894 0.0004
0.3120 7.0046 327.664 0.0001
0.3121 7.0055 327.596 0
0.3122 7.0061 328.192 0.0001
0.3123 7.0069 328.5 0.0001
0.3124 7.0075 329.001 0
0.3125 7.0081 329.516 0
0.3126 7.0089 329.618 0
0.3127 7.0095 330.313 0.0001
0.3128 7.0103 330.684 0
0.3129 7.0108 331.35 0
0.3130 7.0117 331.935 0.0001
0.3131 7.0121 332.606 0.0001
0.3132 7.0128 332.933 0.0002
0.3133 7.0136 333.583 0.0001
0.3134 7.0142 333.476 0.0001
0.3135 7.0152 333.428 0.0001
0.3136 7.0159 333.916 0
0.3137 7.0166 334.354 0
0.3138 7.0173 334.724 0.0002
0.3139 7.0179 335.139 0.0001
0.3140 7.0184 335.405 0
0.3141 7.0188 335.723 0
0.3142 7.0193 335.918 0.0001
0.3143 7.0204 336.26 0
0.3144 7.021 336.636 0
0.3145 7.0215 337.114 0
0.3146 7.0221 336.836 0
0.3147 7.0226 337.027 0.0001
0.3148 7.0232 337.481 0
0.3149 7.024 337.639 0.0001
0.3150 7.0248 337.752 0
0.3151 7.0252 338.185 0
0.3152 7.0262 338.675 0.0001
0.3153 7.0267 339.039 0.0001
0.3154 7.0274 339.003 0.0001
0.3155 7.0278 339.023 0
0.3156 7.0282 339.487 0.0003
0.3157 7.0291 340.149 0
0.3158 7.0292 340.645 0.0001
0.3159 7.0294 341.076 0.0001
0.3160 7.0302 341.391 0
0.3161 7.0309 341.793 0
0.3162 7.0313 342.033 0
0.3163 7.0318 342.097 0.0001
0.3164 7.0326 342.415 0
0.3165 7.0333 342.868 0
0.3166 7.0336 343.211 0
0.3167 7.0347 343.24 0
0.3168 7.035 343.42 0
0.3169 7.0356 343.524 0
0.3170 7.0363 344.203 0
0.3171 7.037 344.724 0
0.3172 7.0375 345.369 0.0001
0.3173 7.0383 345.978 0
0.3174 7.0386 346.202 0
0.3175 7.0396 346.911 0.0003
0.3176 7.0404 347.298 0
0.3177 7.0408 347.403 0
0.3178 7.0418 347.55 0.0001
0.3179 7.0419 347.838 0.0001
0.3180 7.0424 348.071 0.0001
0.3181 7.0433 347.931 0
0.3182 7.0436 348.457 0
0.3183 7.0445 349.263 0
0.3184 7.0451 349.822 0
0.3185 7.0457 350.15 0
0.3186 7.0466 350.444 0.0001
0.3187 7.0472 350.682 0
0.3188 7.0474 351.063 0.0001
0.3189 7.048 351.36 0.0001
0.3190 7.0485 351.962 0
0.3191 7.0491 353.009 0
0.3192 7.0496 353.148 0
0.3193 7.0499 353.538 0.0004
0.3194 7.0506 353.751 0
0.3195 7.0509 354.288 0
0.3196 7.0512 354.374 0.0001
0.3197 7.0517 354.961 0.0002
0.3198 7.0522 355.12 0.0001
0.3199 7.0524 355.886 0
0.3200 7.053 356.506 0.0001
0.3201 7.0535 356.645 0
0.3202 7.0544 356.98 0.0002
0.3203 7.0551 357.522 0
0.3204 7.0565 358.021 0
0.3205 7.0569 358.777 0.0001
0.3206 7.0573 359.113 0
0.3207 7.0579 359.334 0
0.3208 7.0588 360.22 0
0.3209 7.0595 360.737 0.0001
0.3210 7.0598 361.011 0
0.3211 7.0603 361.327 0.0001
0.3212 7.0608 361.352 0
0.3213 7.0618 361.759 0.0003
0.3214 7.062 362.494 0
0.3215 7.0629 362.462 0
0.3216 7.0639 363.043 0.0005
0.3217 7.0646 363.276 0.0001
0.3218 7.0653 363.865 0
0.3219 7.0658 364.319 0
0.3220 7.0669 364.656 0
0.3221 7.0671 365.079 0
0.3222 7.0679 365.553 0
0.3223 7.0688 365.603 0
0.3224 7.0692 365.689 0
0.3225 7.0701 366.104 0.0001
0.3226 7.0708 367.063 0.0003
0.3227 7.0716 367.583 0.0001
0.3228 7.0726 368.244 0
0.3229 7.0737 368.638 0
0.3230 7.0741 369.214 0
0.3231 7.0749 369.222 0.0001
0.3232 7.0754 369.482 0
0.3233 7.0755 369.689 0.0004
0.3234 7.0761 370.151 0
0.3235 7.0768 370.901 0.0001
0.3236 7.0772 371.599 0.0001
0.3237 7.0775 372.418 0
0.3238 7.0783 372.935 0
0.3239 7.0788 373.381 0.0002
0.3240 7.0796 373.721 0.0001
0.3241 7.0805 373.908 0
0.3242 7.0812 374.443 0
0.3243 7.0821 375.062 0
0.3244 7.0825 375.631 0
0.3245 7.0831 376.029 0.0003
0.3246 7.0838 376.096 0.0002
0.3247 7.0844 376.768 0.0001
0.3248 7.0853 377.377 0.0001
0.3249 7.0859 377.986 0
0.3250 7.0865 378.48 0
0.3251 7.0875 379.049 0
0.3252 7.0883 379.338 0
0.3253 7.0892 379.886 0
0.3254 7.0898 380.473 0
0.3255 7.0906 381.091 0
0.3256 7.0917 381.732 0.0001
0.3257 7.0928 382.327 0
0.3258 7.0936 382.546 0.0001
0.3259 7.0947 383.03 0.0001
0.3260 7.0959 383.324 0.0001
0.3261 7.097 383.685 0.0001
0.3262 7.0978 384.423 0.0001
0.3263 7.0987 384.658 0
0.3264 7.0992 384.855 0
0.3265 7.0998 385.517 0
0.3266 7.1005 386.078 0.0003
0.3267 7.1016 386.46 0
0.3268 7.1025 386.906 0
0.3269 7.1035 387.505 0.0004
0.3270 7.1042 388.034 0.0002
0.3271 7.1053 388.486 0
0.3272 7.1062 389.001 0.0001
0.3273 7.107 389.804 0
0.3274 7.1075 389.933 0
0.3275 7.1083 390.366 0.0001
0.3276 7.1097 391.23 0
0.3277 7.1107 391.545 0
0.3278 7.1111 392.328 0.0001
0.3279 7.1124 392.784 0
0.3280 7.1132 393.026 0
0.3281 7.114 393.487 0
0.3282 7.1147 393.935 0
0.3283 7.1157 394.318 0.0007
0.3284 7.1161 394.83 0
0.3285 7.1165 395.18 0.0004
0.3286 7.1174 395.943 0.0007
0.3287 7.118 396.368 0
0.3288 7.1185 397.397 0.0001
0.3289 7.1191 398.13 0.0003
0.3290 7.1199 398.594 0.0001
0.3291 7.1207 398.93 0
0.3292 7.1217 399.507 0.0001
0.3293 7.1231 399.988 0.0001
0.3294 7.1244 400.38 0
0.3295 7.1253 401.152 0
0.3296 7.1258 401.497 0
0.3297 7.1262 402.07 0.0002
0.3298 7.1275 402.741 0.0001
0.3299 7.1282 403.061 0
0.3300 7.1291 403.349 0
0.3301 7.1299 404.152 0
0.3302 7.1309 404.575 0
0.3303 7.132 405.043 0
0.3304 7.1334 405.455 0
0.3305 7.1349 406.154 0.0003
0.3306 7.1362 406.969 0
0.3307 7.1369 407.643 0.0001
0.3308 7.1379 407.397 0
0.3309 7.1386 408.317 0
0.3310 7.1394 408.836 0
0.3311 7.1409 409.133 0
0.3312 7.1416 410.137 0
0.3313 7.1424 410.502 0
0.3314 7.1438 410.57 0.0001
0.3315 7.1443 411.046 0.0002
0.3316 7.1451 411.499 0
0.3317 7.1461 412.067 0
0.3318 7.1472 412.69 0
0.3319 7.1485 413.037 0.0002
0.3320 7.1495 414.221 0
0.3321 7.1507 414.576 0
0.3322 7.1521 415.674 0.0001
0.3323 7.1528 415.898 0
0.3324 7.1538 416.298 0.0001
0.3325 7.1552 416.94 0.0005
0.3326 7.156 417.469 0
0.3327 7.157 418.037 0
0.3328 7.1577 418.621 0
0.3329 7.1586 419.287 0.0001
0.3330 7.1598 419.783 0.0002
0.3331 7.1612 420.329 0
0.3332 7.1626 420.596 0
0.3333 7.1628 421.087 0.0001
0.3334 7.1642 421.547 0.0002
0.3335 7.165 422.22 0
0.3336 7.1661 422.839 0.0001
0.3337 7.1674 423.46 0.0002
0.3338 7.1691 423.772 0
0.3339 7.1709 424.026 0
0.3340 7.1715 425.162 0.0008
0.3341 7.1726 425.626 0
0.3342 7.174 425.72 0
0.3343 7.1754 426.112 0.0001
0.3344 7.1768 426.729 0
0.3345 7.1779 427.191 0
0.3346 7.1795 427.969 0.0001
0.3347 7.1806 428.293 0.0003
0.3348 7.1822 428.973 0.0002
0.3349 7.1842 429.315 0
0.3350 7.1855 429.827 0
0.3351 7.1871 430.284 0.0002
0.3352 7.1884 430.967 0
0.3353 7.1897 431.454 0.0004
0.3354 7.191 431.917 0
0.3355 7.1926 432.363 0
0.3356 7.1939 432.99 0
0.3357 7.195 434.088 0
0.3358 7.1969 434.473 0
0.3359 7.1984 434.991 0
0.3360 7.1999 435.206 0
0.3361 7.2015 435.518 0
0.3362 7.2029 435.569 0.0001
0.3363 7.2041 436.221 0
0.3364 7.2057 436.665 0.0004
0.3365 7.2066 437.267 0.0002
0.3366 7.2079 438.009 0
0.3367 7.2093 439.049 0
0.3368 7.2106 439.468 0.0006
0.3369 7.2117 440.173 0.0001
0.3370 7.2128 440.715 0
0.3371 7.2141 441.051 0.0001
0.3372 7.2157 441.692 0.0001
0.3373 7.2174 441.996 0
0.3374 7.2185 442.265 0
0.3375 7.2205 442.799 0.0003
0.3376 7.2219 443.472 0
0.3377 7.2234 444.048 0
0.3378 7.2245 445.213 0.0002
0.3379 7.2262 445.959 0
0.3380 7.2279 446.403 0.0001
0.3381 7.2296 447.046 0.0002
0.3382 7.2312 447.756 0.0001
0.3383 7.2323 448.265 0.0001
0.3384 7.2337 448.613 0
0.3385 7.2354 448.985 0.0002
0.3386 7.2376 449.209 0.0001
0.3387 7.2385 450.221 0.0001
0.3388 7.2396 450.351 0
0.3389 7.241 450.548 0
0.3390 7.2431 451.01 0.0001
0.3391 7.2451 451.817 0
0.3392 7.2462 452.578 0
0.3393 7.2477 453.093 0.0002
0.3394 7.2492 453.198 0.0001
0.3395 7.2509 453.94 0
0.3396 7.2529 454.607 0
0.3397 7.255 454.962 0.0002
0.3398 7.2558 455.724 0.0003
0.3399 7.257 456.013 0
0.3400 7.2585 456.471 0.0003
0.3401 7.2604 456.91 0
0.3402 7.2619 457.742 0.0003
0.3403 7.2635 458.478 0
0.3404 7.2644 459.279 0
0.3405 7.266 459.907 0
0.3406 7.2681 460.211 0.0002
0.3407 7.2698 460.822 0
0.3408 7.272 461.183 0.0001
0.3409 7.2736 461.806 0.0001
0.3410 7.2755 462.317 0
0.3411 7.2771 463.169 0.0005
0.3412 7.2787 463.659 0
0.3413 7.2811 464.363 0.0001
0.3414 7.2828 465.099 0
0.3415 7.2847 465.108 0
0.3416 7.2863 465.613 0.0001
0.3417 7.2879 465.994 0.0001
0.3418 7.2894 466.611 0
0.3419 7.291 467.137 0.0001
0.3420 7.2923 467.967 0
0.3421 7.2941 468.088 0
0.3422 7.2963 468.039 0.0001
0.3423 7.2982 468.976 0
0.3424 7.2997 469.766 0.0001
0.3425 7.302 469.854 0.0002
0.3426 7.304 470.066 0
0.3427 7.3059 470.732 0
0.3428 7.3074 471.399 0.0001
0.3429 7.3097 471.967 0.0001
0.3430 7.3123 472.03 0
0.3431 7.3145 472.671 0
0.3432 7.3167 473.063 0
0.3433 7.3187 473.789 0.0002
0.3434 7.321 474.516 0.0001
0.3435 7.3234 474.502 0
0.3436 7.3247 474.997 0
0.3437 7.3269 475.498 0
0.3438 7.3284 476.321 0
0.3439 7.3298 476.876 0
0.3440 7.3322 477.342 0
0.3441 7.335 477.653 0
0.3442 7.3372 478.49 0
0.3443 7.3398 478.669 0
0.3444 7.3414 478.781 0.0001
0.3445 7.3431 479.214 0
0.3446 7.3459 479.736 0.0001
0.3447 7.3473 480.002 0.0001
0.3448 7.3507 480.684 0.0001
0.3449 7.3522 481.477 0
0.3450 7.3537 482.064 0
0.3451 7.3557 482.947 0.0001
0.3452 7.3569 483.754 0
0.3453 7.3588 484.169 0
0.3454 7.3607 484.442 0
0.3455 7.3631 485.036 0.0001
0.3456 7.3655 485.485 0
0.3457 7.3672 486.164 0.0001
0.3458 7.3686 487.027 0
0.3459 7.3704 487.585 0.0001
0.3460 7.373 488.139 0.0005
0.3461 7.3749 488.423 0
0.3462 7.3773 488.462 0
0.3463 7.3801 488.678 0.0002
0.3464 7.3823 489.375 0
0.3465 7.384 489.747 0.0001
0.3466 7.3864 490.234 0.0001
0.3467 7.3894 490.759 0.0004
0.3468 7.3915 491.224 0.0001
0.3469 7.3936 492.038 0
0.3470 7.3956 492.308 0
0.3471 7.3975 492.868 0
0.3472 7.3998 493.344 0
0.3473 7.4019 493.394 0.0002
0.3474 7.404 493.771 0.0001
0.3475 7.4058 494.686 0
0.3476 7.4078 495.201 0.0001
0.3477 7.4103 495.416 0.0001
0.3478 7.4124 496.026 0.0001
0.3479 7.4143 496.485 0
0.3480 7.4159 496.767 0
0.3481 7.4179 497.379 0
0.3482 7.4201 497.399 0.0004
0.3483 7.4223 498.39 0
0.3484 7.4241 499.19 0
0.3485 7.4257 499.76 0.0006
0.3486 7.4281 499.617 0
0.3487 7.4306 499.988 0.0001
0.3488 7.4335 500.399 0
0.3489 7.4356 500.823 0
0.3490 7.4379 501.699 0
0.3491 7.4404 502.149 0
0.3492 7.4429 502.1 0.0002
0.3493 7.4463 502.658 0.0003
0.3494 7.4483 502.706 0
0.3495 7.4501 503.113 0.0004
0.3496 7.4524 503.3 0.0001
0.3497 7.4553 504.234 0
0.3498 7.457 504.957 0
0.3499 7.4588 505.532 0.0002
0.3500 7.4615 505.949 0
0.3501 7.4648 506.199 0
0.3502 7.4667 506.738 0.0001
0.3503 7.4686 507.298 0
0.3504 7.4712 507.351 0.0001
0.3505 7.4731 508.072 0.0001
0.3506 7.4749 508.542 0.0001
0.3507 7.4773 508.743 0.0001
0.3508 7.4798 508.997 0
0.3509 7.4823 509.713 0
0.3510 7.4842 509.662 0.0001
0.3511 7.4865 510.339 0
0.3512 7.489 510.675 0.0004
0.3513 7.4908 511.076 0.0001
0.3514 7.4932 511.806 0.0004
0.3515 7.4956 512.635 0.0002
0.3516 7.4981 512.215 0
0.3517 7.5009 513.22 0.0001
0.3518 7.502 514.184 0
0.3519 7.5053 514.552 0
0.3520 7.5072 515.376 0.0002
0.3521 7.5099 515.719 0.0004
0.3522 7.5126 516.176 0.0001
0.3523 7.5157 516.576 0.0002
0.3524 7.518 516.505 0
0.3525 7.5214 516.943 0
0.3526 7.5248 517.189 0
0.3527 7.5272 517.82 0.0001
0.3528 7.5288 518.027 0.0001
0.3529 7.5307 518.367 0
0.3530 7.5326 518.848 0.0001
0.3531 7.5351 519.557 0.0004
0.3532 7.5378 519.729 0
0.3533 7.5406 519.877 0
0.3534 7.5431 519.723 0
0.3535 7.5455 520.333 0
0.3536 7.5475 520.815 0
0.3537 7.5501 521.068 0
0.3538 7.5517 521.331 0.0002
0.3539 7.5537 522.073 0.0001
0.3540 7.5561 522.729 0
0.3541 7.5594 523.141 0
0.3542 7.5617 523.093 0.0001
0.3543 7.5642 523.561 0.0004
0.3544 7.5668 523.993 0
0.3545 7.5683 524.871 0
0.3546 7.5698 525.379 0.0001
0.3547 7.5719 525.877 0
0.3548 7.5739 526.131 0.0001
0.3549 7.5755 526.58 0.0001
0.3550 7.5786 526.585 0.0005
0.3551 7.5822 527.024 0
0.3552 7.5851 527.233 0
0.3553 7.5868 528.053 0
0.3554 7.589 528.71 0
0.3555 7.5929 528.232 0.0002
0.3556 7.5954 528.601 0
0.3557 7.598 529.177 0.0002
0.3558 7.6 530.031 0
0.3559 7.6028 530.231 0.0001
0.3560 7.6041 530.694 0.0001
0.3561 7.6068 530.779 0.0001
0.3562 7.609 530.733 0
0.3563 7.6123 530.889 0.0002
0.3564 7.6149 531.689 0
0.3565 7.6173 531.718 0
0.3566 7.6197 532.453 0
0.3567 7.6219 532.593 0
0.3568 7.6244 532.543 0.0004
0.3569 7.6271 532.834 0
0.3570 7.6295 532.814 0.0001
0.3571 7.6324 533.089 0.0001
0.3572 7.6347 533.439 0.0002
0.3573 7.6376 534.169 0
0.3574 7.6399 534.093 0
0.3575 7.6425 534.567 0
0.3576 7.6452 534.928 0
0.3577 7.6475 535.307 0.0002
0.3578 7.6494 535.315 0.0001
0.3579 7.6522 535.697 0
0.3580 7.654 536.043 0
0.3581 7.6565 537.128 0.0001
0.3582 7.6588 537.295 0.0002
0.3583 7.6626 538.03 0
0.3584 7.6653 538.204 0.0005
0.3585 7.6679 537.958 0
0.3586 7.6694 538.671 0
0.3587 7.6715 539.236 0
0.3588 7.6744 539.309 0
0.3589 7.6766 540.351 0
0.3590 7.679 540.411 0
0.3591 7.6821 540.585 0.0001
0.3592 7.6848 540.803 0
0.3593 7.688 541.079 0.0004
0.3594 7.6907 541.359 0
0.3595 7.6931 541.692 0.0003
0.3596 7.696 541.341 0
0.3597 7.6984 541.517 0.0004
0.3598 7.7008 541.611 0
0.3599 7.7025 542.039 0
0.3600 7.7061 541.926 0
0.3601 7.7087 542.239 0
0.3602 7.7108 542.595 0
0.3603 7.7135 543.119 0
0.3604 7.7156 542.996 0.0001
0.3605 7.7184 543.742 0
0.3606 7.7202 544.303 0
0.3607 7.7225 544.598 0.0001
0.3608 7.725 544.705 0
0.3609 7.7274 545.001 0
0.3610 7.7292 546.223 0
0.3611 7.7308 546.339 0.0001
0.3612 7.7334 546.797 0.0001
0.3613 7.7358 547.305 0
0.3614 7.7378 547.368 0
0.3615 7.7397 547.706 0.0003
0.3616 7.7421 547.361 0.0001
0.3617 7.7449 547.226 0
0.3618 7.7467 548.987 0
0.3619 7.7486 549 0
0.3620 7.7502 548.778 0
0.3621 7.7525 549.334 0
0.3622 7.7548 549.966 0.0002
0.3623 7.757 549.8 0.0002
0.3624 7.7593 550.689 0.0008
0.3625 7.7622 550.747 0.0002
0.3626 7.7645 550.812 0
0.3627 7.7664 551.727 0
0.3628 7.7683 552.81 0
0.3629 7.7698 553.566 0
0.3630 7.7715 553.818 0.0003
0.3631 7.7735 553.416 0
0.3632 7.7761 553.913 0
0.3633 7.7787 553.91 0.0004
0.3634 7.7808 554.307 0.0001
0.3635 7.7833 554.47 0
0.3636 7.7854 554.65 0.0001
0.3637 7.7881 554.73 0.0001
0.3638 7.7908 555.03 0
0.3639 7.7928 555.357 0.0001
0.3640 7.7947 555.778 0
0.3641 7.7974 555.833 0
0.3642 7.7992 556.291 0.0002
0.3643 7.8007 556.395 0.0002
0.3644 7.8043 556.495 0
0.3645 7.8062 557.408 0.0002
0.3646 7.8084 557.537 0.0007
0.3647 7.8102 558.822 0.0001
0.3648 7.8127 558.788 0
0.3649 7.8149 558.582 0
0.3650 7.8169 558.986 0
0.3651 7.8197 559.086 0.0001
0.3652 7.8215 559.266 0.0001
0.3653 7.8234 560.058 0.0002
0.3654 7.8253 560.041 0.0001
0.3655 7.8275 560.319 0.0001
0.3656 7.8296 561.32 0
0.3657 7.8326 560.752 0.0001
0.3658 7.8341 561.468 0
0.3659 7.8361 561.488 0.0001
0.3660 7.8381 561.402 0
0.3661 7.8395 562.226 0.0001
0.3662 7.8418 562.335 0
0.3663 7.8437 562.166 0
0.3664 7.8458 562.842 0
0.3665 7.847 563.473 0.0001
0.3666 7.8488 563.394 0
0.3667 7.8505 563.828 0
0.3668 7.853 564.065 0
0.3669 7.8546 563.846 0
0.3670 7.8566 564.826 0.0001
0.3671 7.8586 565.414 0.0001
0.3672 7.8608 565.239 0
0.3673 7.8625 566.203 0
0.3674 7.8642 567.12 0
0.3675 7.8659 567.409 0.0002
0.3676 7.8677 567.046 0.0006
0.3677 7.8691 568.528 0
0.3678 7.8705 568.522 0
0.3679 7.873 568.538 0
0.3680 7.875 568.912 0.0001
0.3681 7.8767 568.801 0.0001
0.3682 7.8781 568.867 0.0001
0.3683 7.8805 569.012 0.0001
0.3684 7.8827 569.239 0.0004
0.3685 7.8841 569.351 0.0001
0.3686 7.8862 570.335 0.0001
0.3687 7.8879 570.652 0
0.3688 7.8894 570.749 0.0001
0.3689 7.8915 571.029 0.0001
0.3690 7.8931 571.724 0
0.3691 7.8951 572.115 0.0003
0.3692 7.8967 571.8 0.0002
0.3693 7.8983 572.298 0
0.3694 7.9001 573.354 0
0.3695 7.9013 573.656 0
0.3696 7.9024 574.042 0
0.3697 7.9037 574.365 0
0.3698 7.9054 575.201 0
0.3699 7.9069 575.202 0
0.3700 7.9088 574.881 0
0.3701 7.9106 574.927 0.0001
0.3702 7.9129 574.232 0.0001
0.3703 7.9143 574.691 0
0.3704 7.9154 575.126 0.0006
0.3705 7.9174 576.116 0.0001
0.3706 7.9192 576.598 0
0.3707 7.9207 576.908 0.0001
0.3708 7.9219 577.255 0.0003
0.3709 7.9234 577.804 0.0001
0.3710 7.9248 578.031 0.0003
0.3711 7.9262 577.845 0.0004
0.3712 7.9278 578.217 0
0.3713 7.9287 578.715 0
0.3714 7.93 579.491 0
0.3715 7.9319 580.412 0.0001
0.3716 7.9335 580.915 0.0001
0.3717 7.9354 580.915 0
0.3718 7.9363 581.576 0
0.3719 7.9369 581.972 0
0.3720 7.9387 581.303 0.0007
0.3721 7.9405 581.318 0
0.3722 7.942 581.737 0.0002
0.3723 7.9432 582.256 0
0.3724 7.9447 582.923 0
0.3725 7.9458 582.814 0.0001
0.3726 7.9467 583.562 0
0.3727 7.9482 584.311 0.0001
0.3728 7.9492 584.992 0.0001
0.3729 7.9499 585.648 0
0.3730 7.9509 585.37 0
0.3731 7.9521 586.327 0.0001
0.3732 7.9542 585.77 0.0002
0.3733 7.9551 586.824 0.0001
0.3734 7.9567 586.756 0.0001
0.3735 7.9579 587.142 0
0.3736 7.9588 587.089 0
0.3737 7.9597 588.194 0.0004
0.3738 7.9612 588.428 0
0.3739 7.9628 589.225 0
0.3740 7.964 589.394 0.0004
0.3741 7.9649 590.06 0
0.3742 7.9658 590.573 0
0.3743 7.9675 590.24 0.0001
0.3744 7.9687 590.162 0
0.3745 7.9707 590.357 0
0.3746 7.9717 590.751 0.0001
0.3747 7.9733 591.46 0
0.3748 7.975 591.882 0.0001
0.3749 7.9757 592.423 0.0002
0.3750 7.9776 592.312 0
0.3751 7.9791 592.86 0.0001
0.3752 7.9803 593.438 0
0.3753 7.9817 594.156 0.0001
0.3754 7.9827 593.628 0
0.3755 7.9839 593.642 0
0.3756 7.9847 593.513 0.0001
0.3757 7.986 594.031 0.0001
0.3758 7.9871 595.011 0
0.3759 7.9884 594.984 0
0.3760 7.9895 595.832 0
0.3761 7.991 596.434 0
0.3762 7.9919 596.927 0.0001
0.3763 7.9932 597.833 0
0.3764 7.994 598.326 0
0.3765 7.9946 598.549 0
0.3766 7.9959 598.656 0.0001
0.3767 7.9968 599.015 0.0001
0.3768 7.9971 600.341 0.0001
0.3769 7.9981 600.689 0
0.3770 7.999 601.331 0.0001
0.3771 8.0007 602.034 0
0.3772 8.0014 603.011 0.0001
0.3773 8.0026 603.241 0
0.3774 8.0036 603.462 0.0003
0.3775 8.0049 603.217 0
0.3776 8.0057 603.829 0
0.3777 8.0073 604.115 0.0004
0.3778 8.0083 604.501 0
0.3779 8.0098 605.273 0
0.3780 8.0109 605.2 0
0.3781 8.0115 605.282 0
0.3782 8.0126 605.523 0.0001
0.3783 8.0134 606.68 0.0001
0.3784 8.014 607.927 0
0.3785 8.0149 607.989 0.0001
0.3786 8.0155 607.573 0
0.3787 8.0161 607.459 0.0002
0.3788 8.0169 607.83 0.0002
0.3789 8.0181 608.016 0
0.3790 8.0191 608.702 0.0005
0.3791 8.0196 609.937 0.0001
0.3792 8.0206 610.569 0.0001
0.3793 8.0213 611.335 0
0.3794 8.022 611.491 0.0002
0.3795 8.0228 612.472 0
0.3796 8.0236 613.492 0.0001
0.3797 8.0245 614.101 0
0.3798 8.0251 614.592 0.0001
0.3799 8.026 614.819 0
0.3800 8.0262 615.465 0.0001
0.3801 8.0269 616.28 0
0.3802 8.0279 616.872 0.0001
0.3803 8.0291 617.291 0
0.3804 8.0298 618.158 0
0.3805 8.0305 618.141 0.0001
0.3806 8.0313 618.708 0.0001
0.3807 8.0318 619.011 0
0.3808 8.0326 619.146 0
0.3809 8.0331 619.619 0
0.3810 8.0336 620.702 0.0001
0.3811 8.0342 621.303 0.0003
0.3812 8.0346 621.983 0.0001
0.3813 8.0355 622.793 0
0.3814 8.0368 624.197 0
0.3815 8.038 623.981 0
0.3816 8.0391 624.797 0
0.3817 8.0404 624.844 0.0001
0.3818 8.0413 624.919 0
0.3819 8.0418 625.612 0
0.3820 8.0424 626.422 0
0.3821 8.0429 626.143 0
0.3822 8.0437 627.699 0
0.3823 8.0442 628.793 0
0.3824 8.045 628.978 0.0002
0.3825 8.0461 629.479 0.0005
0.3826 8.0466 630.173 0.0002
0.3827 8.0475 630.537 0
0.3828 8.048 630.976 0
0.3829 8.0488 631.387 0.0001
0.3830 8.0494 632.209 0
0.3831 8.0503 632.663 0
0.3832 8.0508 633.207 0.0001
0.3833 8.0516 634.164 0.0002
0.3834 8.0527 635.458 0.0002
0.3835 8.0534 635.617 0
0.3836 8.0537 636.991 0.0003
0.3837 8.0547 637.166 0
0.3838 8.0558 637.875 0.0002
0.3839 8.0563 637.586 0
0.3840 8.0573 638.647 0.0001
0.3841 8.0579 638.52 0.0001
0.3842 8.0585 639.78 0
0.3843 8.0595 639.99 0.0004
0.3844 8.0603 641.072 0
0.3845 8.0617 641.415 0.0002
0.3846 8.0629 643.003 0
0.3847 8.0638 643.843 0.0001
0.3848 8.0644 643.795 0.0002
0.3849 8.0655 645.145 0
0.3850 8.0666 645.558 0.0001
0.3851 8.0675 645.987 0.0004
0.3852 8.069 646.707 0.0002
0.3853 8.0699 647.262 0
0.3854 8.0708 648.352 0.0001
0.3855 8.0714 649.097 0.0002
0.3856 8.0722 649.017 0.0001
0.3857 8.0729 649.517 0.0001
0.3858 8.0739 650.412 0.0004
0.3859 8.0745 651.096 0.0002
0.3860 8.075 652.079 0
0.3861 8.0763 652.416 0.0002
0.3862 8.0771 652.898 0
0.3863 8.0775 653.67 0
0.3864 8.0789 654.135 0
0.3865 8.0805 654.48 0.0006
0.3866 8.0821 655.237 0
0.3867 8.083 655.467 0
0.3868 8.0841 654.703 0.0001
0.3869 8.0852 656.446 0
0.3870 8.0859 657.43 0.0001
0.3871 8.0867 658.546 0.0007
0.3872 8.0873 659.144 0.0005
0.3873 8.0879 659.839 0.0001
0.3874 8.0897 660.551 0
0.3875 8.0904 661.379 0
0.3876 8.091 661.501 0.0001
0.3877 8.0916 662.004 0
0.3878 8.0923 663.407 0
0.3879 8.0936 663.899 0
0.3880 8.0945 665.125 0.0001
0.3881 8.0949 666.642 0
0.3882 8.0956 666.424 0.0001
0.3883 8.0967 665.73 0
0.3884 8.0974 667.571 0
0.3885 8.0986 668.52 0.0002
0.3886 8.0994 669.776 0
0.3887 8.1005 669.93 0
0.3888 8.101 671.024 0.0001
0.3889 8.1022 672.101 0.0001
0.3890 8.1029 672.764 0
0.3891 8.104 673.798 0.0004
0.3892 8.1049 673.721 0
0.3893 8.1062 674.064 0
0.3894 8.1067 674.958 0.0001
0.3895 8.1076 675.841 0.0004
0.3896 8.1082 676.735 0
0.3897 8.1096 677.55 0.0002
0.3898 8.1104 677.754 0.0002
0.3899 8.1112 678.511 0.0001
0.3900 8.1118 679.473 0.0001
0.3901 8.1128 679.786 0
0.3902 8.1145 680.655 0.0003
0.3903 8.1159 681.833 0
0.3904 8.1167 682.35 0
0.3905 8.1177 683.43 0.0002
0.3906 8.1195 684.37 0.0001
0.3907 8.1202 684.752 0
0.3908 8.1209 685.279 0.0001
0.3909 8.1217 686.22 0
0.3910 8.1222 687.598 0.0001
0.3911 8.123 687.754 0
0.3912 8.1243 688.697 0.0001
0.3913 8.1253 689.468 0.0004
0.3914 8.126 690.504 0
0.3915 8.1269 691.797 0.0001
0.3916 8.1279 691.873 0.0001
0.3917 8.1297 692.606 0
0.3918 8.1308 693.198 0.0002
0.3919 8.1319 694.354 0.0006
0.3920 8.1322 695.33 0.0001
0.3921 8.133 697.183 0.0001
0.3922 8.1343 697.608 0.0002
0.3923 8.1355 698.043 0.0001
0.3924 8.1365 698.574 0
0.3925 8.1368 699.354 0
0.3926 8.138 700.235 0
0.3927 8.1393 701.278 0
0.3928 8.1397 702.125 0
0.3929 8.141 702.411 0
0.3930 8.1416 702.497 0
0.3931 8.1424 704.075 0.0001
0.3932 8.1435 705.976 0.0005
0.3933 8.1448 706.76 0.0001
0.3934 8.1461 707.112 0.0005
0.3935 8.1467 707.347 0.0001
0.3936 8.1476 708.27 0
0.3937 8.1486 709.599 0.0004
0.3938 8.1498 710.138 0.0001
0.3939 8.1507 711.173 0.0003
0.3940 8.1525 711.699 0.0001
0.3941 8.1538 712.192 0.0003
0.3942 8.1556 713.404 0
0.3943 8.1565 714.173 0
0.3944 8.1577 715.276 0.0002
0.3945 8.1588 716.12 0.0001
0.3946 8.16 716.964 0.0001
0.3947 8.1616 718.031 0.0002
0.3948 8.1627 718.729 0.0002
0.3949 8.1643 719.943 0
0.3950 8.1652 721.172 0.0003
0.3951 8.1667 721.811 0.0002
0.3952 8.1685 723.155 0.0002
0.3953 8.1695 723.356 0.0001
0.3954 8.1709 724.371 0
0.3955 8.1721 724.827 0.0001
0.3956 8.1736 725.406 0
0.3957 8.1749 726.439 0.0001
0.3958 8.1767 727.091 0
0.3959 8.1785 727.843 0
0.3960 8.1793 728.405 0
0.3961 8.181 729.074 0.0001
0.3962 8.1822 730.107 0
0.3963 8.1836 730.214 0.0001
0.3964 8.1852 730.736 0.0002
0.3965 8.1866 732.048 0
0.3966 8.1881 733.356 0
0.3967 8.1889 734.325 0.0001
0.3968 8.1902 734.971 0.0001
0.3969 8.1918 735.957 0
0.3970 8.1931 736.865 0.0002
0.3971 8.1941 737.976 0.0001
0.3972 8.196 738.739 0.0003
0.3973 8.1975 739.373 0.0002
0.3974 8.1993 739.981 0.0002
0.3975 8.2007 740.579 0
0.3976 8.2016 741.873 0.0002
0.3977 8.2028 743.325 0.0001
0.3978 8.2045 744.345 0.0001
0.3979 8.2061 744.975 0.0004
0.3980 8.2082 745.31 0.0007
0.3981 8.2093 746.246 0
0.3982 8.2109 747.34 0
0.3983 8.2118 748.503 0
0.3984 8.2134 750.18 0
0.3985 8.2151 749.657 0
0.3986 8.2164 751.205 0.0003
0.3987 8.2179 751.231 0.0001
0.3988 8.2197 752.55 0.0002
0.3989 8.2213 753.176 0
0.3990 8.2228 753.518 0
0.3991 8.225 754.454 0.0004
0.3992 8.2269 754.896 0
0.3993 8.2285 755.645 0
0.3994 8.2299 756.908 0
0.3995 8.2314 757.966 0.0001
0.3996 8.233 758.988 0.0002
0.3997 8.2348 759.565 0.0001
0.3998 8.236 760.827 0.0002
0.3999 8.2375 761.23 0
0.4000 8.2384 762.125 0
0.4001 8.241 763.025 0
0.4002 8.2424 764.481 0
0.4003 8.2442 764.567 0
0.4004 8.2461 765.559 0.0001
0.4005 8.2475 766.198 0
0.4006 8.2491 767.39 0
0.4007 8.2509 768.382 0.0003
0.4008 8.2529 769.852 0
0.4009 8.2545 770.261 0
0.4010 8.256 771.051 0
0.4011 8.2575 772.411 0.0001
0.4012 8.2588 773.513 0.0004
0.4013 8.2605 773.851 0.0001
0.4014 8.2622 774.831 0
0.4015 8.2635 775.598 0.0005
0.4016 8.2657 775.9 0.0001
0.4017 8.2675 777.48 0.0001
0.4018 8.2694 778.458 0
0.4019 8.27 779.965 0
0.4020 8.2711 780.879 0.0002
0.4021 8.2729 781.298 0.0001
0.4022 8.275 782.441 0.0003
0.4023 8.2769 783.088 0
0.4024 8.2787 784.388 0.0002
0.4025 8.2816 785.453 0
0.4026 8.2838 785.387 0
0.4027 8.2858 786.738 0.0002
0.4028 8.287 788.448 0.0001
0.4029 8.2892 789.084 0.0001
0.4030 8.2914 789.394 0.0001
0.4031 8.2934 790.359 0
0.4032 8.295 791.239 0
0.4033 8.2964 791.378 0.0002
0.4034 8.2985 791.855 0.0001
0.4035 8.3014 792.644 0.0001
0.4036 8.3027 794.101 0.0001
0.4037 8.3044 794.942 0
0.4038 8.3059 795.52 0.0001
0.4039 8.3076 796.284 0.0002
0.4040 8.3102 796.686 0.0003
0.4041 8.3118 798.079 0
0.4042 8.314 799.521 0.0001
0.4043 8.3153 800.899 0
0.4044 8.3164 801.948 0.0002
0.4045 8.3185 802.954 0.0003
0.4046 8.3201 803.944 0.0001
0.4047 8.3234 804.026 0.0001
0.4048 8.3247 805.349 0
0.4049 8.3269 805.676 0.0001
0.4050 8.3292 807.072 0
0.4051 8.3311 807.415 0.0002
0.4052 8.3332 808.157 0
0.4053 8.3357 808.988 0.0002
0.4054 8.3382 809.061 0
0.4055 8.3409 809.808 0.0002
0.4056 8.3435 810.698 0.0002
0.4057 8.3448 811.153 0.0001
0.4058 8.3476 812.383 0.0002
0.4059 8.3497 813.308 0.0003
0.4060 8.3518 814.557 0.0003
0.4061 8.3537 815.525 0
0.4062 8.3558 816.391 0.0002
0.4063 8.3584 816.982 0.0001
0.4064 8.3607 818.033 0.0001
0.4065 8.3631 818.821 0.0001
0.4066 8.3651 819.645 0
0.4067 8.3671 821.696 0.0002
0.4068 8.3693 823.114 0.0003
0.4069 8.3713 823.482 0.0001
0.4070 8.3736 823.712 0
0.4071 8.3759 823.864 0
0.4072 8.3784 825.475 0
0.4073 8.3811 825.982 0
0.4074 8.3833 826.496 0.0004
0.4075 8.3854 827.599 0.0001
0.4076 8.3872 827.953 0.0002
0.4077 8.3895 828.974 0
0.4078 8.392 830.438 0
0.4079 8.3939 831.007 0.0003
0.4080 8.3963 831.965 0
0.4081 8.3982 833.177 0.0002
0.4082 8.4014 833.236 0
0.4083 8.4041 833.913 0.0001
0.4084 8.4074 834.778 0.0002
0.4085 8.4106 835.149 0.0001
0.4086 8.4124 836.788 0.0002
0.4087 8.4144 837.366 0
0.4088 8.4169 837.504 0
0.4089 8.4188 839.483 0.0001
0.4090 8.4206 840.301 0.0005
0.4091 8.4232 841.283 0.0001
0.4092 8.4256 841.569 0.0006
0.4093 8.4277 842.751 0.0004
0.4094 8.4302 843.844 0.0001
0.4095 8.4325 844.21 0.0006
0.4096 8.435 845.442 0.0002
0.4097 8.4386 846.166 0.0002
0.4098 8.4413 846.017 0.0003
0.4099 8.4427 846.902 0.0001
0.4100 8.4449 848.211 0.0005
0.4101 8.4467 849.031 0.0006
0.4102 8.4496 849.547 0.0002
0.4103 8.4523 850.075 0.0005
0.4104 8.4544 850.551 0.0002
0.4105 8.4572 851.131 0
0.4106 8.4606 852.13 0.0001
0.4107 8.4631 853.134 0.0001
0.4108 8.4647 854.089 0.0001
0.4109 8.4669 854.85 0
0.4110 8.4695 855.664 0
0.4111 8.472 857.012 0.0006
0.4112 8.4746 857.71 0.0001
0.4113 8.4775 858.339 0.0001
0.4114 8.4799 858.827 0
0.4115 8.4824 859.465 0.0001
0.4116 8.4853 859.798 0
0.4117 8.4883 860.552 0
0.4118 8.4915 860.994 0.0001
0.4119 8.4939 861.345 0.0001
0.4120 8.4975 861.546 0.0001
0.4121 8.501 861.338 0.0001
0.4122 8.5028 862.59 0.0002
0.4123 8.5057 863.532 0
0.4124 8.509 864.121 0.0001
0.4125 8.5126 864.439 0.0004
0.4126 8.5143 865.134 0.0001
0.4127 8.5173 865.922 0
0.4128 8.5206 866.934 0.0004
0.4129 8.5232 867.75 0.0002
0.4130 8.5262 869.055 0
0.4131 8.5293 869.51 0.0002
0.4132 8.5328 870.316 0
0.4133 8.5356 870.929 0.0006
0.4134 8.5389 871.557 0.0001
0.4135 8.542 872.735 0.0002
0.4136 8.5447 873.435 0.0005
0.4137 8.5484 874.221 0.0001
0.4138 8.551 874.142 0.0001
0.4139 8.5534 874.536 0
0.4140 8.5559 875.167 0.0004
0.4141 8.5595 875.278 0.0001
0.4142 8.5622 876.24 0.0001
0.4143 8.5648 876.838 0.0002
0.4144 8.5675 876.848 0
0.4145 8.5699 877.72 0.0001
0.4146 8.573 877.723 0
0.4147 8.5751 879.62 0
0.4148 8.5774 880.077 0
0.4149 8.5797 881.518 0.0004
0.4150 8.5827 881.331 0.0002
0.4151 8.5849 882.256 0.0002
0.4152 8.5878 883.001 0.0001
0.4153 8.5894 883.674 0.0001
0.4154 8.5921 884.63 0.0003
0.4155 8.594 885.314 0
0.4156 8.5964 887.057 0
0.4157 8.599 887.966 0
0.4158 8.6011 888.747 0.0002
0.4159 8.6038 888.723 0.0005
0.4160 8.6068 889.945 0
0.4161 8.6089 890.455 0.0002
0.4162 8.6114 890.502 0
0.4163 8.6142 891.062 0.0002
0.4164 8.6175 891.234 0.0003
0.4165 8.6197 892.216 0.0002
0.4166 8.6215 892.648 0.0001
0.4167 8.6243 893.623 0.0003
0.4168 8.6267 895.782 0
0.4169 8.6288 896.123 0.0002
0.4170 8.6309 896.439 0.0002
0.4171 8.6337 897.52 0.0002
0.4172 8.6366 897.047 0
0.4173 8.6386 898.507 0.0002
0.4174 8.6405 898.859 0.0002
0.4175 8.643 899.994 0.0002
0.4176 8.6454 901.152 0.001
0.4177 8.6482 900.862 0.0003
0.4178 8.6501 902.458 0
0.4179 8.653 902.914 0.0005
0.4180 8.6557 903.207 0.0003
0.4181 8.6582 903.988 0.0001
0.4182 8.6604 906.247 0.0007
0.4183 8.6622 907.362 0.0003
0.4184 8.6649 908.312 0.0001
0.4185 8.6681 908.085 0.0001
0.4186 8.6711 908.004 0.0003
0.4187 8.6753 907.369 0.0001
0.4188 8.6781 907.827 0
0.4189 8.6806 907.712 0.0007
0.4190 8.6829 908.404 0
0.4191 8.6871 908.328 0.0002
0.4192 8.6901 908.517 0
0.4193 8.6924 909.831 0.0003
0.4194 8.6948 910.767 0.0004
0.4195 8.6971 911.744 0.0003
0.4196 8.6988 912.343 0.0003
0.4197 8.7011 911.884 0.0002
0.4198 8.7041 912.029 0.0002
0.4199 8.7069 912.833 0.0003
0.4200 8.709 914.281 0.0004
0.4201 8.7121 914.65 0.0006
0.4202 8.7151 914.72 0.0001
0.4203 8.7176 915.32 0.0001
0.4204 8.7208 916.152 0.0003
0.4205 8.7232 916.451 0.0003
0.4206 8.7255 916.781 0.0003
0.4207 8.7282 918.657 0.0001
0.4208 8.7301 919.02 0.0003
0.4209 8.7323 921.127 0.0001
0.4210 8.735 921.584 0
0.4211 8.7371 922.133 0.0007
0.4212 8.7396 923.572 0.0003
0.4213 8.7422 924.763 0.0006
0.4214 8.7453 924.793 0.0011
0.4215 8.7484 924.114 0.0003
0.4216 8.7508 924.678 0.0001
0.4217 8.7529 925.408 0.0006
0.4218 8.7559 925.813 0.0001
0.4219 8.7586 927.216 0.0001
0.4220 8.7613 927.26 0.0001
0.4221 8.7635 927.291 0.0001
0.4222 8.766 926.921 0.0012
0.4223 8.7686 928.208 0.0003
0.4224 8.7709 928.801 0.0004
0.4225 8.7739 929.287 0.0002
0.4226 8.7762 929.952 0.0004
0.4227 8.779 929.816 0.0001
0.4228 8.7807 930.226 0.0004
0.4229 8.7829 930.91 0.0002
0.4230 8.7851 931.17 0
0.4231 8.7866 932.361 0.0001
0.4232 8.7891 932.168 0.0004
0.4233 8.7918 933.283 0.0002
0.4234 8.7947 934.244 0.0002
0.4235 8.7974 936.004 0.0001
0.4236 8.7997 937.017 0.0002
0.4237 8.8025 936.967 0.0001
0.4238 8.805 937.975 0.0001
0.4239 8.8075 938.633 0
0.4240 8.809 938.708 0.0001
0.4241 8.8114 939.952 0.0002
0.4242 8.8132 939.726 0.0003
0.4243 8.8148 939.57 0
0.4244 8.8172 939.713 0.0001
0.4245 8.8196 940.386 0
0.4246 8.8214 941.116 0.0001
0.4247 8.8231 941.105 0.0001
0.4248 8.8251 942.342 0.0006
0.4249 8.8264 942.681 0.0003
0.4250 8.8288 944.24 0.0006
0.4251 8.8312 945.357 0.0004
0.4252 8.8336 944.685 0.0012
0.4253 8.8355 946.264 0.0007
0.4254 8.8379 945.734 0.0015
0.4255 8.8397 947.426 0.0007
0.4256 8.8422 947.692 0.0003
0.4257 8.844 947.986 0
0.4258 8.8462 949.049 0.0003
0.4259 8.849 949.068 0.0002
0.4260 8.8501 949.748 0.0004
0.4261 8.8524 949.695 0.0004
0.4262 8.8553 949.249 0.0004
0.4263 8.8581 949.974 0
0.4264 8.8601 949.598 0.0001
0.4265 8.8623 951.028 0.0003
0.4266 8.8641 951.911 0.0007
0.4267 8.8662 952.581 0
0.4268 8.8683 953.695 0.0004
0.4269 8.871 953.78 0.0005
0.4270 8.873 953.649 0.0001
0.4271 8.8747 954.553 0.0003
0.4272 8.876 956.957 0.0005
0.4273 8.8779 957.002 0.0008
0.4274 8.8798 956.173 0
0.4275 8.8816 956.561 0.0002
0.4276 8.8837 958.432 0.0005
0.4277 8.8856 959.038 0.0007
0.4278 8.8881 960.231 0.0002
0.4279 8.8896 960.534 0.0001
0.4280 8.8918 959.854 0.0003
0.4281 8.8939 960.978 0.0004
0.4282 8.8958 962.678 0.0007
0.4283 8.8976 964.064 0.0003
0.4284 8.8993 964.005 0.0002
0.4285 8.9008 964.539 0.0004
0.4286 8.9021 965.349 0.0001
0.4287 8.9043 966.166 0
0.4288 8.9056 967.48 0.0008
0.4289 8.9081 966.814 0.0005
0.4290 8.9101 967.577 0.0015
0.4291 8.9116 966.954 0.0003
0.4292 8.9132 967.44 0
0.4293 8.9143 967.39 0.0001
0.4294 8.9163 968.563 0.0007
0.4295 8.9181 969.216 0.0002
0.4296 8.9209 970.662 0.0002
0.4297 8.9228 971.076 0.0005
0.4298 8.9246 970.933 0.0007
0.4299 8.9267 970.886 0.0004
0.4300 8.9283 972.236 0
0.4301 8.9298 973.52 0.0005
0.4302 8.9312 974.771 0.0002
0.4303 8.9327 974.488 0.0003
0.4304 8.9347 975.003 0.0002
0.4305 8.9363 975.118 0.0006
0.4306 8.938 976.807 0.0009
0.4307 8.9396 978.693 0.0005
0.4308 8.9412 978.595 0.0001
0.4309 8.9422 979.662 0.0001
0.4310 8.944 979.273 0
0.4311 8.9462 979.845 0.0001
0.4312 8.9477 980.085 0.0005
0.4313 8.9489 980.389 0.0003
0.4314 8.9507 979.798 0.0004
0.4315 8.9527 981.727 0.0002
0.4316 8.9537 982.759 0.0001
0.4317 8.9555 983.463 0
0.4318 8.9568 983.349 0.0004
0.4319 8.9584 984.855 0.0001
0.4320 8.9602 986.729 0.0003
0.4321 8.9618 987.653 0.0005
0.4322 8.9627 988.874 0.0002
0.4323 8.9643 989.402 0.0006
0.4324 8.9661 990.243 0
0.4325 8.9676 990.375 0.0005
0.4326 8.9687 990.192 0.0001
0.4327 8.9698 990.812 0.0013
0.4328 8.9705 992.501 0.0013
0.4329 8.972 992.941 0.0006
0.4330 8.9734 993.115 0.0009
0.4331 8.9745 994.464 0.0002
0.4332 8.976 995.517 0.0003
0.4333 8.9777 996.131 0.001
0.4334 8.9793 995.869 0.0015
0.4335 8.9807 997.598 0.0007
0.4336 8.9826 997.325 0.0002
0.4337 8.9848 996.574 0.0004
0.4338 8.9863 997.178 0.0004
0.4339 8.9883 997.516 0.0005
0.4340 8.9897 998.082 0.0004
0.4341 8.9906 998.114 0.0008
0.4342 8.9919 998.521 0.0012
0.4343 8.9934 998.545 0.0002
0.4344 8.9952 1001.09 0.0001
0.4345 8.9966 1001.26 0.0002
0.4346 8.9976 1002.54 0.0009
0.4347 8.9991 1003.12 0.0007
0.4348 9.0007 1004.02 0.0007
0.4349 9.0016 1004.2 0.0003
0.4350 9.0027 1006.68 0.0002
0.4351 9.0037 1007.01 0.0001
0.4352 9.0048 1007.23 0.0006
0.4353 9.0058 1009.82 0.0007
0.4354 9.0067 1010.7 0.0003
0.4355 9.0081 1009.76 0.0002
0.4356 9.0095 1011.04 0.0002
0.4357 9.0107 1012.46 0.0004
0.4358 9.0118 1012.52 0.0004
0.4359 9.0133 1012.58 0
0.4360 9.0144 1012.72 0.0007
0.4361 9.0154 1013.88 0.0024
0.4362 9.0167 1014.94 0.0002
0.4363 9.018 1015.74 0.0003
0.4364 9.0195 1016.91 0.0002
0.4365 9.0202 1017.81 0.0006
0.4366 9.0217 1019.13 0.0015
0.4367 9.0223 1021.08 0
0.4368 9.0233 1021.23 0.0012
0.4369 9.0248 1021.57 0.0014
0.4370 9.0259 1022.92 0.0008
0.4371 9.0269 1024.39 0.0004
0.4372 9.0279 1025.18 0.001
0.4373 9.0292 1025.63 0.001
0.4374 9.0303 1027.14 0.0002
0.4375 9.031 1028.21 0.0003
0.4376 9.032 1029.01 0.0006
0.4377 9.0331 1028.63 0
0.4378 9.0345 1029.26 0.0004
0.4379 9.0362 1029.5 0.0004
0.4380 9.037 1030.06 0.0002
0.4381 9.0382 1031.5 0.0005
0.4382 9.0399 1031.11 0.0001
0.4383 9.0407 1032.45 0.0004
0.4384 9.0414 1033.05 0.0017
0.4385 9.0425 1033.53 0.0005
0.4386 9.0433 1034.32 0.0008
0.4387 9.0442 1035.66 0.0016
0.4388 9.0448 1036.89 0.0003
0.4389 9.0465 1038.57 0.0003
0.4390 9.0477 1039.74 0.0005
0.4391 9.0487 1040.13 0.0006
0.4392 9.0502 1040.19 0.0024
0.4393 9.0513 1041.31 0.0003
0.4394 9.0525 1041.33 0.0005
0.4395 9.0535 1041.91 0.0002
0.4396 9.0552 1044.24 0
0.4397 9.0564 1045.69 0.0007
0.4398 9.0572 1046.57 0.0002
0.4399 9.0588 1047.31 0.0015
0.4400 9.0596 1048.38 0.0017
0.4401 9.0608 1049.36 0.0015
0.4402 9.0614 1050.17 0.0007
0.4403 9.0624 1051.66 0.0004
0.4404 9.0629 1052.7 0.0005
0.4405 9.0636 1053.24 0.0015
0.4406 9.0643 1054.6 0.0002
0.4407 9.0652 1056.01 0.0008
0.4408 9.0656 1056.05 0.0006
0.4409 9.0661 1058.22 0.0003
0.4410 9.0675 1058.53 0.0001
0.4411 9.068 1059.98 0.0004
0.4412 9.0693 1061.18 0.0006
0.4413 9.0706 1061.22 0.0007
0.4414 9.0714 1062.71 0.0008
0.4415 9.0731 1064.8 0.0004
0.4416 9.0741 1066.2 0.0003
0.4417 9.0753 1066.93 0.0006
0.4418 9.0764 1067.92 0.0006
0.4419 9.0771 1069.97 0.0001
0.4420 9.0782 1071.3 0.0002
0.4421 9.0788 1071.67 0.0007
0.4422 9.0793 1073.39 0.0002
0.4423 9.0808 1073.09 0.0005
0.4424 9.0819 1074.38 0.0006
0.4425 9.0826 1075.43 0.0015
0.4426 9.0836 1076.4 0.0011
0.4427 9.0846 1078.52 0.0005
0.4428 9.0856 1078.52 0.0003
0.4429 9.0869 1079.76 0.0005
0.4430 9.0878 1081.09 0.0004
0.4431 9.0885 1081.9 0.0007
0.4432 9.0891 1082.82 0.0005
0.4433 9.0909 1082.02 0.0006
0.4434 9.0916 1083.18 0.0007
0.4435 9.092 1085.11 0.0003
0.4436 9.0929 1087.07 0.0002
0.4437 9.0935 1088.84 0.0013
0.4438 9.0942 1089.71 0.0016
0.4439 9.0952 1090.42 0.0005
0.4440 9.0962 1092.19 0.0012
0.4441 9.0967 1093.04 0.0008
0.4442 9.0979 1093.61 0.0001
0.4443 9.0993 1095.6 0.0004
0.4444 9.1002 1098 0.0015
0.4445 9.1011 1099.27 0.0006
0.4446 9.1019 1099.72 0.0009
0.4447 9.1028 1101.97 0.0014
0.4448 9.1038 1103.41 0.0026
0.4449 9.1056 1104.73 0.0007
0.4450 9.1071 1106.73 0.0004
0.4451 9.1081 1107.72 0.0013
0.4452 9.1098 1108.86 0.0017
0.4453 9.1109 1109.81 0.0003
0.4454 9.112 1111.05 0.0009
0.4455 9.113 1112.14 0.0008
0.4456 9.1136 1112.25 0.0011
0.4457 9.1148 1113.47 0.0017
0.4458 9.1159 1115.86 0.0004
0.4459 9.1173 1116.09 0.0005
0.4460 9.1185 1117.02 0.0013
0.4461 9.1199 1117.26 0.001
0.4462 9.1216 1119.07 0.0007
0.4463 9.1222 1120.95 0.0004
0.4464 9.1235 1122.36 0.0015
0.4465 9.1241 1123.59 0.0015
0.4466 9.1252 1126.38 0.0008
0.4467 9.1267 1125.89 0.0005
0.4468 9.1282 1126.79 0.0005
0.4469 9.1293 1127.89 0.0006
0.4470 9.1304 1129.12 0.0019
0.4471 9.1308 1130.03 0.0001
0.4472 9.1325 1131.58 0.0009
0.4473 9.1331 1132.22 0.0033
0.4474 9.1346 1133.86 0.0008
0.4475 9.1356 1136.25 0.0007
0.4476 9.1368 1137.37 0.0015
0.4477 9.1377 1138.56 0.0025
0.4478 9.1388 1140.29 0.0029
0.4479 9.1403 1141.7 0.0017
0.4480 9.1417 1144.38 0.0026
0.4481 9.1426 1144.53 0.0001
0.4482 9.1436 1146.05 0.0018
0.4483 9.1446 1147.71 0.0006
0.4484 9.1459 1149.17 0.0009
0.4485 9.1466 1149.76 0.0009
0.4486 9.1474 1151.72 0.0027
0.4487 9.1501 1154.09 0.0024
0.4488 9.1515 1156.06 0.0008
0.4489 9.1531 1157.16 0.0009
0.4490 9.1545 1158.27 0.0002
0.4491 9.1566 1158.85 0.0001
0.4492 9.1578 1158.76 0.0003
0.4493 9.159 1159.87 0.0009
0.4494 9.161 1161.36 0.001
0.4495 9.162 1163.8 0.0006
0.4496 9.1634 1166.04 0.0006
0.4497 9.165 1167.68 0.0002
0.4498 9.166 1167.67 0.0004
0.4499 9.1671 1169.46 0.0011
0.4500 9.1681 1170.46 0.0019
0.4501 9.1696 1172.07 0.0007
0.4502 9.1714 1173.45 0.001
0.4503 9.1733 1176.24 0.001
0.4504 9.1744 1177.35 0.0004
0.4505 9.1759 1179.27 0.0003
0.4506 9.1773 1181.24 0.0003
0.4507 9.1787 1183.01 0.0006
0.4508 9.18 1183.55 0.0003
0.4509 9.1809 1185.08 0.0009
0.4510 9.1823 1187.16 0.0006
0.4511 9.1841 1189.7 0.0005
0.4512 9.1861 1189.6 0.0022
0.4513 9.188 1190.29 0.0032
0.4514 9.1893 1191.72 0.0028
0.4515 9.1907 1192.76 0.0023
0.4516 9.1927 1193.98 0.0029
0.4517 9.1952 1195.69 0.0041
0.4518 9.1967 1197.02 0.0006
0.4519 9.1985 1198.1 0.0011
0.4520 9.2005 1199.28 0.0021
0.4521 9.2023 1200.79 0.0013
0.4522 9.2037 1202.28 0.002
0.4523 9.2052 1204.05 0.0018
0.4524 9.2073 1206.39 0.0026
0.4525 9.2091 1206.83 0.0013
0.4526 9.2108 1208.93 0.0032
0.4527 9.2127 1209.84 0.0007
0.4528 9.2144 1212.85 0.0035
0.4529 9.2156 1213.84 0.0011
0.4530 9.2163 1216.21 0.0009
0.4531 9.218 1218.82 0.0009
0.4532 9.2197 1219.47 0.0007
0.4533 9.2209 1221.26 0.001
0.4534 9.2232 1222.59 0.0011
0.4535 9.2247 1223.68 0.0022
0.4536 9.2264 1225.27 0.0013
0.4537 9.2278 1227.89 0.001
0.4538 9.2292 1228.12 0.0005
0.4539 9.2317 1229.5 0.0003
0.4540 9.2339 1229.49 0.0008
0.4541 9.2358 1231.89 0.0041
0.4542 9.238 1232.4 0.0021
0.4543 9.2398 1234.47 0.0037
0.4544 9.2418 1236.26 0.0022
0.4545 9.2435 1239.46 0.0014
0.4546 9.2455 1240.43 0.0007
0.4547 9.247 1241.48 0.001
0.4548 9.2482 1242.62 0.002
0.4549 9.2495 1244.45 0.0017
0.4550 9.2515 1245.97 0.0055
0.4551 9.2538 1247.22 0.0014
0.4552 9.2559 1249.72 0.0007
0.4553 9.2581 1251.13 0.004
0.4554 9.2593 1252.14 0.0013
0.4555 9.2613 1253.99 0.0019
0.4556 9.2635 1255.92 0.0016
0.4557 9.2652 1257.22 0.0014
0.4558 9.2669 1259.38 0.0018
0.4559 9.2695 1261.44 0.0008
0.4560 9.2717 1262.46 0.0011
0.4561 9.2733 1263.45 0.0011
0.4562 9.2752 1265.52 0.0016
0.4563 9.2765 1267.39 0.0009
0.4564 9.2787 1268.78 0.0007
0.4565 9.2805 1269.99 0.0013
0.4566 9.282 1270.91 0.0023
0.4567 9.284 1273.02 0.0013
0.4568 9.2867 1275.07 0.0021
0.4569 9.2887 1276.5 0.0011
0.4570 9.2912 1277.61 0.0047
0.4571 9.2932 1279.85 0.0013
0.4572 9.2949 1281.09 0.002
0.4573 9.2972 1282.7 0.002
0.4574 9.2989 1283.73 0.0012
0.4575 9.3005 1285.88 0.0012
0.4576 9.3033 1287.16 0.0013
0.4577 9.3061 1287.58 0.0017
0.4578 9.3087 1289.08 0.0025
0.4579 9.3106 1291.13 0.0022
0.4580 9.3131 1292.03 0.0022
0.4581 9.3154 1292.9 0.0009
0.4582 9.3186 1294.67 0.001
0.4583 9.3207 1296.19 0.0022
0.4584 9.3222 1298.64 0.0009
0.4585 9.324 1301.24 0.0034
0.4586 9.3259 1302.56 0.0053
0.4587 9.3289 1303.29 0.0033
0.4588 9.3309 1306.01 0.0014
0.4589 9.3328 1308.19 0.0012
0.4590 9.3358 1307.89 0.0019
0.4591 9.3378 1309.75 0.0009
0.4592 9.3404 1311.73 0.0025
0.4593 9.3416 1315.49 0.0059
0.4594 9.3438 1314.49 0.0055
0.4595 9.3465 1316.46 0.0025
0.4596 9.3487 1318.22 0.0013
0.4597 9.3509 1318.73 0.0018
0.4598 9.3523 1321.2 0.0016
0.4599 9.3544 1322.57 0.0018
0.4600 9.3569 1323.12 0.0027
0.4601 9.3591 1324.9 0.0049
0.4602 9.3608 1328.29 0.0028
0.4603 9.3634 1330.47 0.0023
0.4604 9.3649 1331.89 0.0028
0.4605 9.367 1333.1 0.0039
0.4606 9.3692 1334.18 0.0023
0.4607 9.3717 1335.55 0.0012
0.4608 9.3742 1337.32 0.0044
0.4609 9.3761 1338.14 0.0026
0.4610 9.3782 1339.89 0.0028
0.4611 9.3802 1341.12 0.0027
0.4612 9.383 1342.05 0.0023
0.4613 9.3854 1344.14 0.0024
0.4614 9.3885 1345.91 0.0015
0.4615 9.3915 1346.73 0.002
0.4616 9.3938 1347.49 0.002
0.4617 9.396 1349.66 0.0039
0.4618 9.3978 1351.45 0.006
0.4619 9.4006 1351.84 0.0066
0.4620 9.4032 1353.38 0.0033
0.4621 9.4062 1356.7 0.0041
0.4622 9.4092 1358.21 0.0057
0.4623 9.4118 1359.92 0.0023
0.4624 9.415 1359.77 0.0038
0.4625 9.4189 1358.86 0.0038
0.4626 9.4225 1359.64 0.0035
0.4627 9.4253 1361.76 0.0046
0.4628 9.4272 1364.08 0.0028
0.4629 9.4301 1365.06 0.0031
0.4630 9.4336 1367.57 0.0059
0.4631 9.4354 1369.46 0.0097
0.4632 9.438 1370.8 0.0083
0.4633 9.4404 1371.67 0.005
0.4634 9.4435 1372.01 0.0048
0.4635 9.446 1374.99 0.0153
0.4636 9.4481 1377.25 0.0135
0.4637 9.4518 1378.65 0.0084
0.4638 9.4542 1380.3 0.0091
0.4639 9.4563 1381.84 0.0086
0.4640 9.459 1381.68 0.0045
0.4641 9.4616 1383.04 0.0043
0.4642 9.4643 1384.27 0.0068
0.4643 9.4666 1387 0.0067
0.4644 9.4695 1387.75 0.0049
0.4645 9.4723 1390 0.0071
0.4646 9.4747 1392.81 0.0042
0.4647 9.4769 1392.39 0.004
0.4648 9.4794 1393.18 0.0072
0.4649 9.4807 1396.33 0.0034
0.4650 9.483 1399.05 0.0039
0.4651 9.4854 1401.41 0.0034
0.4652 9.4889 1401.14 0.0059
0.4653 9.4916 1403.49 0.0038
0.4654 9.4944 1404.67 0.0036
0.4655 9.4961 1407.47 0.0054
0.4656 9.4989 1408.55 0.0065
0.4657 9.5014 1409.93 0.0075
0.4658 9.5037 1412.37 0.007
0.4659 9.5068 1414.01 0.0091
0.4660 9.5095 1414.89 0.0043
0.4661 9.5127 1416.4 0.006
0.4662 9.5151 1418.53 0.0061
0.4663 9.5175 1418 0.0073
0.4664 9.5215 1418.35 0.0056
0.4665 9.5246 1418.55 0.0038
0.4666 9.5271 1419.64 0.0057
0.4667 9.5302 1422.13 0.0068
0.4668 9.5326 1423.86 0.007
0.4669 9.5348 1425.04 0.0054
0.4670 9.5377 1427.52 0.0077
0.4671 9.5406 1429.24 0.011
0.4672 9.5442 1430.38 0.0073
0.4673 9.546 1430.5 0.0069
0.4674 9.5489 1431.88 0.0084
0.4675 9.5526 1432.98 0.0071
0.4676 9.5558 1434.25 0.0057
0.4677 9.5585 1435.72 0.0076
0.4678 9.5619 1436.53 0.0094
0.4679 9.5645 1438.41 0.0074
0.4680 9.5683 1439.63 0.0077
0.4681 9.5704 1442.06 0.0097
0.4682 9.5734 1441.91 0.0093
0.4683 9.5759 1444.68 0.0066
0.4684 9.5783 1444.62 0.0105
0.4685 9.581 1446.68 0.0113
0.4686 9.5843 1447.6 0.0112
0.4687 9.5871 1449.35 0.0181
0.4688 9.59 1450.49 0.0089
0.4689 9.5937 1451.55 0.0077
0.4690 9.597 1452.77 0.0093
0.4691 9.6009 1452.68 0.0093
0.4692 9.604 1453.37 0.014
0.4693 9.6061 1455.72 0.0111
0.4694 9.6091 1455.98 0.0105
0.4695 9.6124 1455.84 0.0175
0.4696 9.6153 1456.85 0.0095
0.4697 9.6179 1460.18 0.01
0.4698 9.6213 1461.61 0.011
0.4699 9.6235 1463.42 0.0162
0.4700 9.6258 1466.23 0.0118
0.4701 9.6286 1466.51 0.013
0.4702 9.6311 1468.33 0.014
0.4703 9.6337 1471.03 0.0148
0.4704 9.6368 1471.98 0.012
0.4705 9.6397 1473.13 0.015
0.4706 9.6431 1473.85 0.019
0.4707 9.6454 1475.51 0.016
0.4708 9.6479 1477.26 0.0129
0.4709 9.6512 1477.88 0.0183
0.4710 9.6537 1477.94 0.0145
0.4711 9.6561 1479.69 0.018
0.4712 9.6584 1481.18 0.0146
0.4713 9.6612 1482.26 0.018
0.4714 9.6631 1484.78 0.0174
0.4715 9.6661 1484.16 0.0199
0.4716 9.6687 1485.05 0.0157
0.4717 9.671 1486.58 0.0175
0.4718 9.6737 1488.16 0.0213
0.4719 9.6772 1488.31 0.0239
0.4720 9.6804 1488.6 0.0214
0.4721 9.6822 1491.32 0.0171
0.4722 9.6846 1493.61 0.0223
0.4723 9.6875 1495.87 0.0199
0.4724 9.6901 1498.16 0.023
0.4725 9.6926 1498.59 0.0215
0.4726 9.6944 1500.78 0.0244
0.4727 9.6973 1502.21 0.0205
0.4728 9.7012 1501.42 0.0231
0.4729 9.7043 1502.05 0.0221
0.4730 9.7073 1500.61 0.0215
0.4731 9.7104 1501.55 0.0198
0.4732 9.7123 1503.42 0.0249
0.4733 9.7146 1505.4 0.0256
0.4734 9.7168 1505.61 0.0229
0.4735 9.7193 1507.68 0.0267
0.4736 9.7221 1508.17 0.0278
0.4737 9.7254 1509.42 0.0233
0.4738 9.7271 1510.1 0.0218
0.4739 9.7294 1511.78 0.0228
0.4740 9.7312 1514.29 0.0247
0.4741 9.7339 1512.25 0.0233
0.4742 9.7368 1513.56 0.0258
0.4743 9.74 1514.79 0.0274
0.4744 9.7432 1516.88 0.0258
0.4745 9.7456 1517.51 0.0271
0.4746 9.7491 1520.1 0.0261
0.4747 9.7517 1521.64 0.0269
0.4748 9.755 1523.78 0.029
0.4749 9.7572 1524.24 0.0324
0.4750 9.7599 1524.27 0.0274
0.4751 9.763 1525.48 0.0261
0.4752 9.7658 1527.03 0.028
0.4753 9.7677 1528.07 0.0307
0.4754 9.7704 1529.24 0.0391
0.4755 9.7734 1528.78 0.0335
0.4756 9.7757 1529.16 0.0298
0.4757 9.7786 1532.18 0.0283
0.4758 9.7814 1531.92 0.0287
0.4759 9.7839 1533.93 0.0318
0.4760 9.786 1534.41 0.0321
0.4761 9.7879 1536.54 0.0339
0.4762 9.791 1538.23 0.0411
0.4763 9.7941 1538.72 0.0391
0.4764 9.7966 1538.5 0.0326
0.4765 9.8 1538.26 0.0317
0.4766 9.8025 1538.65 0.0359
0.4767 9.8057 1540.79 0.0366
0.4768 9.8084 1539.99 0.0348
0.4769 9.8113 1541.44 0.0335
0.4770 9.8136 1544.74 0.0397
0.4771 9.8169 1545.21 0.0409
0.4772 9.8191 1545.8 0.0416
0.4773 9.8213 1548.51 0.0407
0.4774 9.8235 1549.48 0.0448
0.4775 9.8271 1551.37 0.0512
0.4776 9.8298 1550.99 0.0478
0.4777 9.8321 1554.25 0.0524
0.4778 9.8338 1555.35 0.0463
0.4779 9.8364 1557.2 0.0542
0.4780 9.8379 1559.33 0.0485
0.4781 9.8409 1560.78 0.0553
0.4782 9.8427 1559.8 0.0528
0.4783 9.8458 1559.16 0.057
0.4784 9.8488 1558.83 0.0584
0.4785 9.8509 1561.85 0.058
0.4786 9.8521 1561.32 0.054
0.4787 9.8545 1561.13 0.0515
0.4788 9.8562 1563.87 0.0472
0.4789 9.8589 1566.56 0.0526
0.4790 9.861 1566.63 0.0585
0.4791 9.8634 1567.94 0.0608
0.4792 9.8647 1568.93 0.0657
0.4793 9.867 1569.9 0.0485
0.4794 9.8694 1570.46 0.0419
0.4795 9.8713 1569.69 0.0443
0.4796 9.8738 1570.43 0.0432
0.4797 9.8755 1572.24 0.0406
0.4798 9.8778 1574.63 0.0424
0.4799 9.8793 1578.24 0.0453
0.4800 9.8818 1577.28 0.0499
0.4801 9.8843 1577.93 0.0445
0.4802 9.887 1578.86 0.0453
0.4803 9.889 1580.38 0.0463
0.4804 9.8916 1580.51 0.0535
0.4805 9.8939 1584.08 0.0484
0.4806 9.8966 1581.77 0.0486
0.4807 9.8986 1583.73 0.0504
0.4808 9.9006 1585.28 0.0491
0.4809 9.9029 1587.41 0.0455
0.4810 9.9053 1589.85 0.0494
0.4811 9.9072 1592.1 0.0507
0.4812 9.9094 1592.74 0.0528
0.4813 9.9118 1592.03 0.0509
0.4814 9.9144 1593.9 0.0539
0.4815 9.9172 1595.35 0.0514
0.4816 9.9193 1593.03 0.048
0.4817 9.9216 1593 0.0519
0.4818 9.9233 1593.13 0.0532
0.4819 9.9252 1594.31 0.0504
0.4820 9.927 1596.27 0.0504
0.4821 9.9289 1596.66 0.047
0.4822 9.9316 1596.21 0.0488
0.4823 9.9332 1596.3 0.0516
0.4824 9.9347 1599.88 0.0609
0.4825 9.9365 1601.97 0.051
0.4826 9.9379 1602.52 0.0541
0.4827 9.9407 1604.84 0.0537
0.4828 9.9427 1604.59 0.0559
0.4829 9.9445 1606.54 0.0509
0.4830 9.9464 1608.53 0.0507
0.4831 9.9479 1612.07 0.0562
0.4832 9.9499 1613.19 0.0655
0.4833 9.9514 1611.78 0.0584
0.4834 9.953 1614.21 0.0585
0.4835 9.9552 1615.99 0.0609
0.4836 9.9565 1617.29 0.0601
0.4837 9.9579 1618.41 0.0534
0.4838 9.9593 1620.43 0.0588
0.4839 9.9609 1621.24 0.0628
0.4840 9.9633 1622.16 0.0605
0.4841 9.9649 1621.8 0.0662
0.4842 9.9665 1622.85 0.0669
0.4843 9.9676 1624.39 0.0632
0.4844 9.9693 1626.74 0.066
0.4845 9.9707 1628.23 0.0607
0.4846 9.9728 1627.35 0.0626
0.4847 9.9752 1628.86 0.0631
0.4848 9.9765 1631.3 0.0616
0.4849 9.9779 1633.09 0.0593
0.4850 9.9802 1632.55 0.0599
0.4851 9.9826 1633.83 0.0574
0.4852 9.9848 1634.68 0.0655
0.4853 9.9865 1636.61 0.0619
0.4854 9.989 1637.16 0.0651
0.4855 9.9912 1636.84 0.0619
0.4856 9.9932 1638.87 0.0599
0.4857 9.9951 1638.67 0.0673
0.4858 9.9975 1639.82 0.0627
0.4859 9.9994 1640.42 0.0738
0.4860 10.0013 1643.26 0.0686
0.4861 10.0027 1643.13 0.0664
0.4862 10.0044 1647.55 0.0668
0.4863 10.0055 1651.86 0.0698
0.4864 10.0071 1653.68 0.0722
0.4865 10.0085 1653.59 0.0718
0.4866 10.0101 1655.09 0.0704
0.4867 10.0123 1654.56 0.0705
0.4868 10.0142 1655.89 0.0728
0.4869 10.0155 1657.19 0.0812
0.4870 10.0174 1658.67 0.0786
0.4871 10.0197 1660.9 0.0839
0.4872 10.0217 1661.66 0.0713
0.4873 10.0227 1663.63 0.0709
0.4874 10.024 1665.21 0.0755
0.4875 10.0248 1666.47 0.0784
0.4876 10.0263 1668.27 0.078
0.4877 10.0288 1667.83 0.0796
0.4878 10.0308 1668.13 0.0766
0.4879 10.0325 1669.74 0.0786
0.4880 10.0334 1671.82 0.0812
0.4881 10.0349 1673.64 0.0727
0.4882 10.0367 1675.25 0.0797
0.4883 10.039 1675.26 0.0823
0.4884 10.0403 1676.45 0.0742
0.4885 10.0421 1677.61 0.0784
0.4886 10.0429 1679.98 0.0778
0.4887 10.0439 1680.8 0.0771
0.4888 10.0455 1680.6 0.0781
0.4889 10.0465 1684.27 0.077
0.4890 10.0479 1687.03 0.0782
0.4891 10.0492 1688.56 0.0845
0.4892 10.0509 1690.98 0.0837
0.4893 10.0524 1694.05 0.0943
0.4894 10.0537 1696.56 0.0836
0.4895 10.0552 1695.91 0.0837
0.4896 10.0571 1696 0.0899
0.4897 10.0583 1698.43 0.0881
0.4898 10.0592 1701.44 0.0843
0.4899 10.0601 1703.36 0.097
0.4900 10.0614 1706.6 0.0889
0.4901 10.0626 1705.17 0.0975
0.4902 10.0641 1707.78 0.0939
0.4903 10.0658 1708.81 0.0944
0.4904 10.0671 1712.5 0.0955
0.4905 10.0682 1714.48 0.1057
0.4906 10.0696 1718 0.1003
0.4907 10.0714 1720.38 0.0925
0.4908 10.073 1720.49 0.1101
0.4909 10.0735 1722.21 0.1034
0.4910 10.0746 1725.04 0.1035
0.4911 10.076 1729.12 0.1077
0.4912 10.0772 1729.39 0.1027
0.4913 10.0783 1733.1 0.1045
0.4914 10.0795 1733.15 0.1046
0.4915 10.0809 1734.61 0.1044
0.4916 10.0823 1735.22 0.113
0.4917 10.0838 1735.06 0.1065
0.4918 10.0849 1734.76 0.1016
0.4919 10.0864 1739.26 0.104
0.4920 10.088 1739.2 0.1122
0.4921 10.0896 1742.64 0.1175
0.4922 10.091 1745.1 0.1176
0.4923 10.0924 1746.17 0.1206
0.4924 10.0933 1749.75 0.1175
0.4925 10.0945 1752.05 0.1143
0.4926 10.0958 1753.48 0.1125
0.4927 10.0973 1757.18 0.1177
0.4928 10.0979 1759.22 0.1162
0.4929 10.099 1760.63 0.1175
0.4930 10.0999 1759.48 0.1206
0.4931 10.1012 1759.21 0.1258
0.4932 10.1032 1762.52 0.1273
0.4933 10.1051 1764.16 0.1202
0.4934 10.106 1767.41 0.1265
0.4935 10.1071 1767.7 0.1287
0.4936 10.1088 1771.93 0.1276
0.4937 10.1101 1776.48 0.136
0.4938 10.1116 1778.07 0.1352
0.4939 10.1126 1780.01 0.1281
0.4940 10.1141 1783.11 0.1365
0.4941 10.1152 1784.18 0.1372
0.4942 10.1166 1784.58 0.1313
0.4943 10.1174 1786.06 0.1377
0.4944 10.1186 1786.04 0.1327
0.4945 10.1201 1792.17 0.1443
0.4946 10.1217 1795.74 0.1445
0.4947 10.1229 1796.21 0.1427
0.4948 10.1245 1799.54 0.1437
0.4949 10.1261 1801.65 0.1442
0.4950 10.1274 1802.01 0.1451
0.4951 10.1283 1806.04 0.1517
0.4952 10.1296 1805.86 0.1446
0.4953 10.1314 1806.64 0.1426
0.4954 10.1328 1810.08 0.1585
0.4955 10.1342 1814.37 0.1583
0.4956 10.1352 1818.14 0.156
0.4957 10.1364 1819.23 0.1644
0.4958 10.1381 1819.22 0.1561
0.4959 10.1395 1823 0.1661
0.4960 10.1414 1823.17 0.1706
0.4961 10.143 1825.97 0.1775
0.4962 10.1448 1827.46 0.1786
0.4963 10.1464 1829.98 0.1742
0.4964 10.1478 1832.75 0.1702
0.4965 10.1498 1835.46 0.1745
0.4966 10.151 1837.62 0.1747
0.4967 10.1528 1841.19 0.1768
0.4968 10.154 1844.77 0.1853
0.4969 10.155 1848.82 0.182
0.4970 10.1568 1851.74 0.1791
0.4971 10.158 1852.43 0.1945
0.4972 10.159 1853.58 0.1988
0.4973 10.1608 1854.51 0.19
0.4974 10.1625 1859.71 0.1973
0.4975 10.164 1861.56 0.1807
0.4976 10.165 1864.66 0.1865
0.4977 10.1671 1866.49 0.1904
0.4978 10.1684 1867.69 0.1851
0.4979 10.1704 1869.29 0.1997
0.4980 10.1724 1873.06 0.2044
0.4981 10.174 1875.83 0.2061
0.4982 10.1749 1877.55 0.2059
0.4983 10.1766 1879.28 0.2074
0.4984 10.1785 1881.4 0.2109
0.4985 10.1804 1885.22 0.2078
0.4986 10.1818 1886.39 0.2146
0.4987 10.1831 1888.95 0.213
0.4988 10.1846 1893.31 0.2098
0.4989 10.1869 1898.03 0.211
0.4990 10.188 1900.47 0.2107
0.4991 10.1897 1901.35 0.2288
0.4992 10.1912 1905.01 0.2302
0.4993 10.1921 1906.37 0.2278
0.4994 10.1942 1909.52 0.2288
0.4995 10.1957 1911.63 0.2283
0.4996 10.1977 1913.81 0.2308
0.4997 10.1999 1915.61 0.235
0.4998 10.2014 1918.23 0.2323
0.4999 10.2026 1921.71 0.232
0.5000 10.2044 1925.86 0.2385
0.5001 10.2057 1927.18 0.246
0.5002 10.2074 1931.12 0.2488
0.5003 10.2087 1933.61 0.2564
0.5004 10.2104 1937.32 0.2526
0.5005 10.2122 1937.72 0.2561
0.5006 10.2132 1941.6 0.2617
0.5007 10.2152 1941.28 0.2582
0.5008 10.217 1943.21 0.2579
0.5009 10.2188 1947.24 0.2612
0.5010 10.2213 1951.83 0.2701
0.5011 10.2229 1953.38 0.2735
0.5012 10.2244 1958.04 0.2862
0.5013 10.2271 1960.8 0.292
0.5014 10.2299 1962.99 0.2974
0.5015 10.2315 1964.09 0.3047
0.5016 10.2335 1968.24 0.2912
0.5017 10.2354 1970.22 0.2953
0.5018 10.2375 1972.02 0.2918
0.5019 10.2389 1974.2 0.2986
0.5020 10.2408 1976.96 0.3079
0.5021 10.2432 1980.38 0.3159
0.5022 10.246 1985 0.3068
0.5023 10.248 1985.15 0.3182
0.5024 10.2502 1987.25 0.3121
0.5025 10.2533 1989.74 0.3089
0.5026 10.2558 1994.36 0.3086
0.5027 10.258 1997.68 0.3136
0.5028 10.2596 1999.46 0.3142
0.5029 10.2621 2000.65 0.3169
0.5030 10.2635 2003.09 0.3187
0.5031 10.2651 2005.6 0.3233
0.5032 10.2667 2005.96 0.3371
0.5033 10.2686 2010.26 0.3391
0.5034 10.271 2011.6 0.3356
0.5035 10.2724 2014.62 0.3327
0.5036 10.2748 2017.4 0.3202
0.5037 10.2768 2023.88 0.3359
0.5038 10.2794 2025.66 0.34
0.5039 10.2815 2029.09 0.343
0.5040 10.2836 2032.23 0.3515
0.5041 10.2865 2036.06 0.3494
0.5042 10.2884 2037.22 0.3596
0.5043 10.2906 2038.54 0.3598
0.5044 10.2931 2040.61 0.3552
0.5045 10.2952 2043.71 0.3504
0.5046 10.2987 2046.97 0.3577
0.5047 10.3006 2049.56 0.3592
0.5048 10.3033 2052.69 0.3688
0.5049 10.3052 2057.26 0.3754
0.5050 10.3072 2058.07 0.3776
0.5051 10.3095 2062.74 0.3763
0.5052 10.3107 2065.24 0.3889
0.5053 10.3124 2068.33 0.4006
0.5054 10.3154 2070.93 0.3982
0.5055 10.3175 2073.15 0.3962
0.5056 10.3195 2075.61 0.3975
0.5057 10.3223 2076.17 0.3943
0.5058 10.3244 2080.29 0.3937
0.5059 10.3264 2084.05 0.4027
0.5060 10.3286 2089.9 0.3984
0.5061 10.3308 2093.89 0.4075
0.5062 10.3329 2095.94 0.4219
0.5063 10.3356 2097.61 0.4356
0.5064 10.3378 2100.82 0.4263
0.5065 10.3403 2102.78 0.4318
0.5066 10.3426 2105.91 0.4267
0.5067 10.3457 2109.62 0.4317
0.5068 10.3478 2113.31 0.4441
0.5069 10.3501 2115.52 0.4361
0.5070 10.3533 2118.61 0.441
0.5071 10.3562 2120.86 0.4468
0.5072 10.3584 2125.94 0.453
0.5073 10.3618 2126.14 0.4553
0.5074 10.3639 2127.5 0.4483
0.5075 10.3666 2128.66 0.4502
0.5076 10.3689 2136 0.4584
0.5077 10.3717 2137.9 0.457
0.5078 10.3738 2139.5 0.4534
0.5079 10.3768 2143.27 0.4584
0.5080 10.3794 2149.18 0.4673
0.5081 10.3823 2150.84 0.4765
0.5082 10.3845 2152.28 0.4808
0.5083 10.3873 2155.15 0.4901
0.5084 10.3906 2157.04 0.4862
0.5085 10.3935 2158.35 0.4824
0.5086 10.3962 2159.91 0.4894
0.5087 10.3981 2163.13 0.4919
0.5088 10.4003 2167.84 0.4927
0.5089 10.4021 2169 0.4881
0.5090 10.404 2172.61 0.4911
0.5091 10.407 2174.52 0.5004
0.5092 10.4092 2176.54 0.5094
0.5093 10.4115 2179.94 0.5076
0.5094 10.4134 2184.85 0.5098
0.5095 10.4153 2188.08 0.5247
0.5096 10.4186 2190.22 0.5167
0.5097 10.4213 2193.29 0.5215
0.5098 10.4236 2197.25 0.5238
0.5099 10.4264 2199.83 0.5237
0.5100 10.4295 2200.75 0.5288
0.5101 10.4322 2203.13 0.5285
0.5102 10.4354 2205.74 0.5401
0.5103 10.4377 2208.36 0.5437
0.5104 10.4403 2211.8 0.5437
0.5105 10.4426 2216.54 0.543
0.5106 10.4466 2216.4 0.5506
0.5107 10.45 2219.31 0.5433
0.5108 10.4525 2222.24 0.5429
0.5109 10.4552 2224.54 0.5514
0.5110 10.4577 2228.87 0.5535
0.5111 10.4605 2232.6 0.5588
0.5112 10.4627 2235.49 0.5605
0.5113 10.465 2238.32 0.5607
0.5114 10.4685 2239.95 0.5618
0.5115 10.4721 2243.62 0.5729
0.5116 10.4746 2245.41 0.5713
0.5117 10.4774 2248.29 0.5751
0.5118 10.4803 2250 0.5761
0.5119 10.4836 2252.38 0.5736
0.5120 10.4869 2253.79 0.5767
0.5121 10.4896 2256.48 0.583
0.5122 10.4921 2256.8 0.5832
0.5123 10.4964 2260.67 0.5853
0.5124 10.4996 2261.77 0.5939
0.5125 10.5029 2265.21 0.5895
0.5126 10.5053 2268.65 0.5866
0.5127 10.5077 2272.44 0.5914
0.5128 10.5113 2274.53 0.5932
0.5129 10.5144 2275.26 0.6018
0.5130 10.5173 2278.29 0.6038
0.5131 10.5197 2280.87 0.6028
0.5132 10.5227 2283.24 0.6036
0.5133 10.5256 2284.56 0.5957
0.5134 10.5292 2287.8 0.6113
0.5135 10.532 2291.58 0.6092
0.5136 10.5347 2293.25 0.6079
0.5137 10.5377 2296.73 0.6171
0.5138 10.5412 2299.08 0.6183
0.5139 10.5447 2300.28 0.6156
0.5140 10.5473 2302.14 0.6173
0.5141 10.5506 2304.12 0.6176
0.5142 10.5538 2303.2 0.6193
0.5143 10.5566 2306.4 0.6231
0.5144 10.56 2310.32 0.6269
0.5145 10.5626 2313.31 0.6243
0.5146 10.5665 2316 0.6262
0.5147 10.57 2320.04 0.6308
0.5148 10.5738 2323.74 0.6235
0.5149 10.5762 2327.2 0.6251
0.5150 10.5796 2326.14 0.6297
0.5151 10.5835 2325.92 0.6338
0.5152 10.5865 2330.12 0.6327
0.5153 10.5899 2331.81 0.6414
0.5154 10.5921 2336.06 0.6395
0.5155 10.595 2338.88 0.6385
0.5156 10.5981 2344.13 0.635
0.5157 10.6004 2343.03 0.6334
0.5158 10.6023 2346.41 0.6426
0.5159 10.6044 2352.46 0.6415
0.5160 10.609 2353.48 0.6449
0.5161 10.6121 2356.25 0.6466
0.5162 10.6162 2359.37 0.6538
0.5163 10.6188 2359.86 0.6504
0.5164 10.6215 2359.3 0.6508
0.5165 10.6242 2361.2 0.642
0.5166 10.6268 2360.84 0.6425
0.5167 10.6304 2363.16 0.6476
0.5168 10.6331 2365.28 0.653
0.5169 10.6358 2368.09 0.6518
0.5170 10.6382 2373.21 0.6554
0.5171 10.6408 2377.6 0.6593
0.5172 10.6442 2380.83 0.668
0.5173 10.6472 2381.83 0.6701
0.5174 10.6501 2382.37 0.6601
0.5175 10.6533 2385.23 0.661
0.5176 10.656 2386.45 0.6596
0.5177 10.6591 2389.01 0.6657
0.5178 10.6631 2389.39 0.6657
0.5179 10.6653 2392.62 0.6649
0.5180 10.6677 2396.16 0.6677
0.5181 10.6701 2398.71 0.6715
0.5182 10.6726 2401.33 0.6799
0.5183 10.6762 2401.92 0.6815
0.5184 10.6803 2404.45 0.6854
0.5185 10.6826 2406.19 0.6809
0.5186 10.685 2408.19 0.6762
0.5187 10.6884 2410.03 0.6652
0.5188 10.6913 2413.6 0.6755
0.5189 10.6945 2416.37 0.6734
0.5190 10.6976 2418.55 0.6835
0.5191 10.7017 2419.53 0.686
0.5192 10.7046 2421.25 0.6829
0.5193 10.708 2423.25 0.6861
0.5194 10.7105 2426.85 0.6908
0.5195 10.7127 2426.32 0.6941
0.5196 10.7163 2426.27 0.6873
0.5197 10.7195 2426.21 0.6801
0.5198 10.7231 2430.72 0.6737
0.5199 10.7251 2434.97 0.6867
0.5200 10.7288 2435.45 0.6839
0.5201 10.7316 2438.83 0.698
0.5202 10.7357 2442.39 0.6925
0.5203 10.7387 2443.4 0.6968
0.5204 10.7417 2445.66 0.7015
0.5205 10.7455 2451.14 0.701
0.5206 10.7478 2454 0.7073
0.5207 10.75 2454.76 0.7024
0.5208 10.7524 2455.62 0.7026
0.5209 10.7561 2458.25 0.7077
0.5210 10.7594 2459.01 0.7101
0.5211 10.7618 2459.35 0.7069
0.5212 10.7643 2465.55 0.7187
0.5213 10.7683 2465.45 0.7192
0.5214 10.7713 2465.49 0.7146
0.5215 10.7754 2467.65 0.7166
0.5216 10.7784 2466.56 0.7165
0.5217 10.7813 2469.46 0.7175
0.5218 10.7846 2471.54 0.7155
0.5219 10.7885 2471.23 0.7114
0.5220 10.7915 2473.7 0.7229
0.5221 10.7947 2474.18 0.7212
0.5222 10.797 2479.37 0.7395
0.5223 10.8003 2480.27 0.747
0.5224 10.8029 2478.5 0.7446
0.5225 10.8069 2480.41 0.7332
0.5226 10.81 2480.35 0.7248
0.5227 10.8139 2482.27 0.7303
0.5228 10.816 2485.84 0.7261
0.5229 10.8192 2488.37 0.7299
0.5230 10.8223 2490.87 0.7388
0.5231 10.826 2489.66 0.7413
0.5232 10.8284 2491.65 0.7511
0.5233 10.8305 2495.19 0.7434
0.5234 10.8343 2494.8 0.7504
0.5235 10.8368 2495.87 0.7442
0.5236 10.8395 2500.12 0.7442
0.5237 10.8418 2503.64 0.7467
0.5238 10.8443 2506.43 0.7425
0.5239 10.8474 2508.18 0.74
0.5240 10.8502 2508.21 0.7492
0.5241 10.8529 2510.57 0.7546
0.5242 10.8558 2509.2 0.7537
0.5243 10.8593 2507.59 0.7545
0.5244 10.8616 2511.48 0.7576
0.5245 10.8647 2516.97 0.7569
0.5246 10.868 2521.16 0.7563
0.5247 10.872 2521.38 0.757
0.5248 10.8749 2519.99 0.7586
0.5249 10.8775 2523.34 0.7669
0.5250 10.8794 2529.35 0.7695
0.5251 10.8815 2531.81 0.7753
0.5252 10.8846 2531.12 0.7726
0.5253 10.8865 2535.85 0.7807
0.5254 10.8894 2537.72 0.7789
0.5255 10.8915 2535.91 0.7714
0.5256 10.8934 2540.36 0.783
0.5257 10.8964 2545.22 0.7837
0.5258 10.8985 2546.29 0.7875
0.5259 10.9006 2547.7 0.7872
0.5260 10.9028 2549.98 0.7949
0.5261 10.9051 2548.99 0.7838
0.5262 10.9071 2553.35 0.7981
0.5263 10.9096 2554.82 0.7989
0.5264 10.9116 2555.8 0.7991
0.5265 10.9135 2558.62 0.7926
0.5266 10.9161 2557.65 0.8024
0.5267 10.9179 2559.03 0.7987
0.5268 10.9201 2564.38 0.8122
0.5269 10.9223 2569.2 0.8096
0.5270 10.9253 2571.33 0.8187
0.5271 10.9277 2573.47 0.8249
0.5272 10.9303 2575.27 0.8286
0.5273 10.9322 2576.98 0.8212
0.5274 10.9343 2578.49 0.8214
0.5275 10.9362 2581.34 0.8247
0.5276 10.938 2583.36 0.8232
0.5277 10.9401 2588.42 0.8276
0.5278 10.9424 2588.29 0.8332
0.5279 10.9447 2590.95 0.834
0.5280 10.9477 2589.87 0.8276
0.5281 10.9507 2591.64 0.8306
0.5282 10.9517 2592.75 0.8269
0.5283 10.9536 2597.22 0.8386
0.5284 10.956 2597.93 0.842
0.5285 10.958 2602.37 0.8454
0.5286 10.9602 2605.88 0.8485
0.5287 10.9622 2608.35 0.8436
0.5288 10.9636 2611.56 0.8467
0.5289 10.966 2612.33 0.8457
0.5290 10.9675 2613.57 0.8507
0.5291 10.9698 2613.06 0.8573
0.5292 10.9718 2614.93 0.8543
0.5293 10.9738 2614.16 0.8633
0.5294 10.976 2619.42 0.8586
0.5295 10.9779 2620.01 0.866
0.5296 10.9799 2621.41 0.8607
0.5297 10.9813 2627.04 0.8687
0.5298 10.9826 2632.86 0.8683
0.5299 10.985 2633.69 0.8656
0.5300 10.9874 2634.77 0.8693
0.5301 10.9896 2633.44 0.8725
0.5302 10.9913 2637.53 0.8753
0.5303 10.9925 2640.62 0.8717
0.5304 10.9941 2642.81 0.8735
0.5305 10.9966 2648.13 0.8767
0.5306 10.9988 2649.69 0.8756
0.5307 11.0007 2652.27 0.8824
0.5308 11.0026 2654.96 0.8841
0.5309 11.0044 2658.08 0.8826
0.5310 11.0051 2663.57 0.8867
0.5311 11.0069 2663.1 0.894
0.5312 11.0078 2665.02 0.8933
0.5313 11.0095 2668.46 0.8944
0.5314 11.0108 2672.22 0.8995
0.5315 11.0124 2672.83 0.8957
0.5316 11.0136 2674.39 0.9016
0.5317 11.0157 2677.14 0.8939
0.5318 11.0176 2678.59 0.8983
0.5319 11.02 2682.69 0.8948
0.5320 11.0216 2684.85 0.9026
0.5321 11.0237 2685.86 0.9055
0.5322 11.0256 2685.19 0.9066
0.5323 11.0277 2689.74 0.9086
0.5324 11.0299 2692.01 0.9095
0.5325 11.0317 2695.93 0.9125
0.5326 11.0332 2700.84 0.9162
0.5327 11.0348 2700.51 0.9115
0.5328 11.0371 2701.54 0.9168
0.5329 11.0391 2702.18 0.9175
0.5330 11.0408 2708.42 0.9188
0.5331 11.0425 2711.69 0.9169
0.5332 11.0448 2713.3 0.9196
0.5333 11.0468 2713.8 0.9186
0.5334 11.0489 2720.5 0.9202
0.5335 11.0507 2726.72 0.9252
0.5336 11.0526 2726.01 0.9238
0.5337 11.0542 2730.97 0.9269
0.5338 11.0555 2733.76 0.9272
0.5339 11.0568 2734.16 0.9255
0.5340 11.0581 2735.79 0.9287
0.5341 11.0596 2742.91 0.9273
0.5342 11.062 2746.25 0.931
0.5343 11.0641 2744.61 0.9336
0.5344 11.0653 2753.71 0.9362
0.5345 11.0677 2757.39 0.9345
0.5346 11.0704 2760.38 0.9388
0.5347 11.0721 2759.89 0.9323
0.5348 11.0747 2764.03 0.9362
0.5349 11.076 2766.6 0.935
0.5350 11.0779 2772.8 0.9375
0.5351 11.0801 2774.74 0.9429
0.5352 11.0814 2777.19 0.9435
0.5353 11.0826 2777.91 0.9459
0.5354 11.0842 2778.18 0.9464
0.5355 11.087 2780.05 0.9426
0.5356 11.0886 2788.73 0.9451
0.5357 11.0906 2788.95 0.9471
0.5358 11.0923 2793.52 0.9456
0.5359 11.0935 2800.91 0.9473
0.5360 11.0947 2804.69 0.9481
0.5361 11.0966 2805.55 0.9492
0.5362 11.0984 2811.23 0.9517
0.5363 11.1009 2814.44 0.9523
0.5364 11.1034 2816.13 0.9508
0.5365 11.1054 2817.98 0.9498
0.5366 11.1068 2819.51 0.9532
0.5367 11.1084 2823.02 0.9515
0.5368 11.11 2826.29 0.9505
0.5369 11.112 2833.95 0.9543
0.5370 11.1133 2837.68 0.9531
0.5371 11.1139 2843.75 0.9531
0.5372 11.1152 2846.81 0.9548
0.5373 11.1169 2851.69 0.9559
0.5374 11.1184 2854.39 0.9554
0.5375 11.1204 2855.25 0.9532
0.5376 11.1216 2858.24 0.9509
0.5377 11.1238 2862.11 0.9558
0.5378 11.1254 2863.54 0.9557
0.5379 11.1261 2876.98 0.9577
0.5380 11.1276 2876.84 0.9573
0.5381 11.1291 2876.96 0.957
0.5382 11.1309 2882.61 0.9611
0.5383 11.1325 2885.22 0.9588
0.5384 11.1342 2892.7 0.9561
0.5385 11.1359 2891.2 0.9591
0.5386 11.138 2895.8 0.9596
0.5387 11.14 2901.28 0.9616
0.5388 11.1416 2904.7 0.9613
0.5389 11.1436 2905.74 0.9608
0.5390 11.1457 2911.46 0.9613
0.5391 11.1469 2912.56 0.9613
0.5392 11.1489 2916.19 0.9637
0.5393 11.15 2920.8 0.9593
0.5394 11.1519 2927.91 0.9648
0.5395 11.1532 2934.42 0.9683
0.5396 11.1547 2940.43 0.967
0.5397 11.1561 2941.78 0.9692
0.5398 11.1581 2941.11 0.9668
0.5399 11.1597 2949.72 0.9719
0.5400 11.162 2954.43 0.9741
0.5401 11.1641 2956.91 0.9704
0.5402 11.1661 2961.58 0.9688
0.5403 11.1681 2963.19 0.9668
0.5404 11.1707 2967.61 0.9689
0.5405 11.1726 2971.08 0.9742
0.5406 11.1751 2977.54 0.9745
0.5407 11.177 2978.18 0.9719
0.5408 11.1793 2981.27 0.968
0.5409 11.1814 2983.97 0.9713
0.5410 11.183 2986.91 0.9701
0.5411 11.1852 2991.65 0.9702
0.5412 11.1872 2995.44 0.9709
0.5413 11.1898 2999.59 0.9711
0.5414 11.1914 3006.35 0.972
0.5415 11.1934 3009.54 0.9753
0.5416 11.1956 3014.18 0.9743
0.5417 11.1978 3017.85 0.9747
0.5418 11.2001 3021.83 0.9759
0.5419 11.2021 3025.96 0.9761
0.5420 11.2042 3027.05 0.9743
0.5421 11.2058 3031.34 0.9709
0.5422 11.2083 3031.88 0.9733
0.5423 11.2107 3037.12 0.9748
0.5424 11.2134 3040.94 0.9726
0.5425 11.2149 3048.56 0.9729
0.5426 11.2175 3054.64 0.9749
0.5427 11.2197 3056.52 0.9767
0.5428 11.2212 3056.48 0.9766
0.5429 11.2235 3064.48 0.9788
0.5430 11.2256 3070.78 0.9755
0.5431 11.227 3075.64 0.9791
0.5432 11.2289 3080.85 0.9814
0.5433 11.2312 3086.51 0.9804
0.5434 11.2334 3089.72 0.9804
0.5435 11.2353 3092.46 0.9782
0.5436 11.2375 3094.41 0.9796
0.5437 11.2402 3099.04 0.9823
0.5438 11.2424 3101.91 0.9778
0.5439 11.2446 3104.97 0.9787
0.5440 11.2475 3111.6 0.9789
0.5441 11.2501 3116.43 0.9817
0.5442 11.2525 3119.76 0.985
0.5443 11.254 3122.61 0.985
0.5444 11.2568 3133.07 0.9862
0.5445 11.2588 3138.15 0.9833
0.5446 11.2619 3143.87 0.9864
0.5447 11.2636 3147.19 0.9833
0.5448 11.2663 3148.63 0.9868
0.5449 11.2688 3149.95 0.9878
0.5450 11.2711 3150.92 0.9895
0.5451 11.2732 3155.62 0.9894
0.5452 11.2752 3160.58 0.9903
0.5453 11.2782 3168.85 0.9941
0.5454 11.2808 3174.68 0.9946
0.5455 11.2832 3182.52 0.9923
0.5456 11.2854 3184.93 0.9931
0.5457 11.2874 3188.45 0.9942
0.5458 11.2895 3194.13 0.9965
0.5459 11.2922 3200.57 0.9941
0.5460 11.2946 3203.19 0.9898
0.5461 11.2967 3209.01 0.9891
0.5462 11.2989 3212.05 0.987
0.5463 11.3011 3216.45 0.9887
0.5464 11.3039 3223.06 0.9909
0.5465 11.3061 3231.39 0.9897
0.5466 11.3088 3233.41 0.9895
0.5467 11.3114 3238.24 0.994
0.5468 11.3134 3246.03 0.9972
0.5469 11.3164 3252.87 0.9974
0.5470 11.3188 3260.73 0.9934
0.5471 11.3214 3262.18 0.9902
0.5472 11.3241 3266.6 0.994
0.5473 11.3271 3269.59 0.9952
0.5474 11.3297 3276.24 0.9937
0.5475 11.3327 3278.74 0.9973
0.5476 11.3346 3284.62 0.9958
0.5477 11.3372 3285.71 0.9952
0.5478 11.3391 3290.33 0.9987
0.5479 11.3418 3300.34 0.9942
0.5480 11.3449 3304.15 0.9998
0.5481 11.3476 3311.42 1.0005
0.5482 11.3514 3314.77 1.0036
0.5483 11.3535 3317.37 1.006
0.5484 11.3551 3319.8 1.0027
0.5485 11.3574 3323.26 1.0063
0.5486 11.3596 3324.84 1.0034
0.5487 11.3619 3331.4 1.0027
0.5488 11.3656 3335.54 1.0024
0.5489 11.3686 3340.58 1.0018
0.5490 11.3719 3348.99 1.0072
0.5491 11.3748 3348.91 1.0072
0.5492 11.3765 3353.73 1.0071
0.5493 11.3785 3359.13 1.0092
0.5494 11.3819 3363.47 1.0087
0.5495 11.3845 3369.32 1.0146
0.5496 11.3866 3376.83 1.0143
0.5497 11.3898 3377.01 1.0103
0.5498 11.3934 3379.24 1.0131
0.5499 11.3962 3383.94 1.0139
0.5500 11.3987 3389.87 1.0118
0.5501 11.4017 3390.71 1.0133
0.5502 11.4042 3394.15 1.0156
0.5503 11.4067 3402.89 1.017
0.5504 11.4093 3408.68 1.0175
0.5505 11.4122 3413.57 1.0147
0.5506 11.4158 3417.17 1.0182
0.5507 11.4179 3420.22 1.0177
0.5508 11.421 3425.9 1.017
0.5509 11.4238 3429.22 1.0169
0.5510 11.4262 3433.6 1.0193
0.5511 11.4289 3436.15 1.0243
0.5512 11.4315 3445.4 1.02
0.5513 11.4348 3449.97 1.0247
0.5514 11.4381 3450.67 1.0225
0.5515 11.4414 3454.86 1.0255
0.5516 11.4451 3461.69 1.0238
0.5517 11.4485 3464.42 1.0289
0.5518 11.4529 3470.07 1.0283
0.5519 11.4554 3472.24 1.0278
0.5520 11.4576 3480.28 1.0321
0.5521 11.4604 3485.81 1.0315
0.5522 11.4628 3494.37 1.0329
0.5523 11.4664 3499.08 1.0364
0.5524 11.47 3504.49 1.0358
0.5525 11.473 3510.47 1.0378
0.5526 11.4754 3514.11 1.038
0.5527 11.4792 3518.64 1.0383
0.5528 11.4822 3519.37 1.0358
0.5529 11.4854 3526.01 1.0404
0.5530 11.4894 3528.4 1.0378
0.5531 11.4935 3531.56 1.0466
0.5532 11.4958 3537.3 1.0466
0.5533 11.4998 3542.09 1.0475
0.5534 11.5025 3547.87 1.0487
0.5535 11.5049 3553.24 1.0489
0.5536 11.5087 3555.14 1.0465
0.5537 11.5118 3560.46 1.0485
0.5538 11.5158 3560.41 1.0501
0.5539 11.5185 3562.24 1.0483
0.5540 11.522 3563.61 1.0527
0.5541 11.5248 3570.2 1.0551
0.5542 11.53 3574.37 1.0552
0.5543 11.5336 3576.87 1.0548
0.5544 11.537 3582.1 1.0605
0.5545 11.5398 3589.11 1.0645
0.5546 11.542 3595.45 1.0599
0.5547 11.5455 3601.56 1.0642
0.5548 11.5488 3602.48 1.0702
0.5549 11.5525 3606.07 1.0609
0.5550 11.5559 3609.39 1.0639
0.5551 11.5586 3613.88 1.0671
0.5552 11.5622 3615.88 1.0679
0.5553 11.5648 3619.55 1.0755
0.5554 11.5687 3624.64 1.0749
0.5555 11.5715 3625.98 1.0755
0.5556 11.5749 3630.14 1.075
0.5557 11.5779 3631.66 1.0727
0.5558 11.5812 3636.85 1.0755
0.5559 11.585 3640.22 1.0772
0.5560 11.5883 3646.27 1.0777
0.5561 11.5912 3651.91 1.0822
0.5562 11.5962 3651.64 1.0885
0.5563 11.5998 3656.07 1.0842
0.5564 11.603 3659.68 1.0931
0.5565 11.6061 3666.2 1.0876
0.5566 11.6097 3661.99 1.0863
0.5567 11.6147 3666.38 1.0851
0.5568 11.6178 3672.58 1.0888
0.5569 11.6213 3675.07 1.0916
0.5570 11.6249 3680.08 1.0934
0.5571 11.6288 3682.2 1.0893
0.5572 11.6328 3685.48 1.0974
0.5573 11.6357 3687.35 1.1021
0.5574 11.6397 3691.56 1.105
0.5575 11.6425 3695.91 1.1009
0.5576 11.6456 3702.8 1.103
0.5577 11.6483 3711.37 1.1031
0.5578 11.6519 3720.05 1.1061
0.5579 11.6552 3723.22 1.1102
0.5580 11.6583 3728.77 1.1095
0.5581 11.662 3735.74 1.1112
0.5582 11.666 3739.74 1.1154
0.5583 11.6699 3741.05 1.1147
0.5584 11.6732 3744.94 1.118
0.5585 11.6764 3747.35 1.1204
0.5586 11.6797 3749.02 1.1211
0.5587 11.6825 3752.53 1.1158
0.5588 11.6868 3755.76 1.1178
0.5589 11.6898 3759.72 1.1223
0.5590 11.6929 3763.36 1.1181
0.5591 11.6959 3770.81 1.1276
0.5592 11.6992 3775.15 1.131
0.5593 11.702 3777.06 1.1327
0.5594 11.7046 3777.86 1.1323
0.5595 11.7071 3785.05 1.1322
0.5596 11.7104 3790.58 1.1362
0.5597 11.7136 3790.06 1.133
0.5598 11.7169 3791.07 1.1391
0.5599 11.7207 3792.97 1.1306
0.5600 11.7238 3799.22 1.1356
0.5601 11.7278 3802.93 1.1407
0.5602 11.7314 3803.05 1.1394
0.5603 11.735 3803.73 1.1419
0.5604 11.7377 3804.34 1.145
0.5605 11.7408 3814.42 1.1439
0.5606 11.7449 3814.03 1.142
0.5607 11.7467 3822.86 1.1487
0.5608 11.7505 3828.41 1.1487
0.5609 11.754 3831.88 1.1525
0.5610 11.7572 3835.56 1.1445
0.5611 11.7609 3836.91 1.1549
0.5612 11.7648 3837.19 1.1568
0.5613 11.7682 3847.15 1.16
0.5614 11.772 3842.12 1.1539
0.5615 11.7749 3848.52 1.16
0.5616 11.7778 3849.43 1.1578
0.5617 11.7816 3854.32 1.1579
0.5618 11.785 3860.07 1.164
0.5619 11.7879 3862.76 1.1602
0.5620 11.7912 3862.06 1.1605
0.5621 11.7934 3872.29 1.1684
0.5622 11.7966 3875.46 1.167
0.5623 11.7994 3879.07 1.1693
0.5624 11.8021 3883.06 1.1746
0.5625 11.8056 3889.23 1.176
0.5626 11.8081 3889.85 1.1781
0.5627 11.8114 3892.38 1.1716
0.5628 11.814 3896.06 1.1779
0.5629 11.818 3899.45 1.171
0.5630 11.8203 3904.42 1.1791
0.5631 11.8233 3915.08 1.1864
0.5632 11.8264 3916.89 1.1834
0.5633 11.8297 3922.65 1.1803
0.5634 11.8326 3926.45 1.185
0.5635 11.8361 3929.81 1.1865
0.5636 11.8391 3935.61 1.183
0.5637 11.842 3934.66 1.1879
0.5638 11.8453 3939.45 1.1885
0.5639 11.8482 3945.18 1.195
0.5640 11.8509 3950.25 1.1897
0.5641 11.8538 3955.52 1.193
0.5642 11.8571 3951.2 1.2034
0.5643 11.8607 3957.5 1.2034
0.5644 11.8632 3959.61 1.2023
0.5645 11.8659 3960.99 1.2018
0.5646 11.8691 3965.64 1.1978
0.5647 11.871 3966.22 1.2058
0.5648 11.873 3976.95 1.202
0.5649 11.8759 3976.23 1.2018
0.5650 11.8785 3980.87 1.2
0.5651 11.8814 3979.77 1.2091
0.5652 11.8845 3982.81 1.2116
0.5653 11.8872 3993.49 1.2176
0.5654 11.891 3996.88 1.2106
0.5655 11.8936 3999.19 1.2108
0.5656 11.8958 4003.97 1.2171
0.5657 11.8981 4009.38 1.2125
0.5658 11.9002 4014.18 1.2149
0.5659 11.9034 4019.08 1.2078
0.5660 11.9066 4023.57 1.215
0.5661 11.9088 4028.19 1.2148
0.5662 11.9111 4033.31 1.2282
0.5663 11.9143 4035.82 1.224
0.5664 11.9169 4037.08 1.2259
0.5665 11.9194 4038.61 1.2246
0.5666 11.9217 4042.62 1.224
0.5667 11.9246 4043.64 1.2304
0.5668 11.9273 4053.06 1.2272
0.5669 11.9294 4054.65 1.2296
0.5670 11.932 4056.68 1.2304
0.5671 11.9343 4063.28 1.2297
0.5672 11.9365 4064.93 1.2385
0.5673 11.9394 4065.38 1.2345
0.5674 11.9416 4071.77 1.2282
0.5675 11.9435 4075.63 1.2347
0.5676 11.9463 4076.57 1.2376
0.5677 11.9486 4077.48 1.2402
0.5678 11.9515 4081.5 1.2413
0.5679 11.9541 4086.27 1.2379
0.5680 11.956 4093.76 1.2478
0.5681 11.9582 4096.34 1.2416
0.5682 11.9594 4101.93 1.2429
0.5683 11.9626 4109.77 1.2505
0.5684 11.9647 4111.13 1.2488
0.5685 11.9672 4115.53 1.2512
0.5686 11.9697 4117.13 1.2511
0.5687 11.9712 4115.35 1.2538
0.5688 11.9749 4114.98 1.2521
0.5689 11.9777 4119.34 1.2525
0.5690 11.9803 4127.93 1.2535
0.5691 11.984 4130.39 1.2613
0.5692 11.987 4135.38 1.2642
0.5693 11.9893 4145.82 1.2674
0.5694 11.9912 4147.82 1.266
0.5695 11.9935 4155.25 1.2694
0.5696 11.9958 4163.21 1.2742
0.5697 11.9983 4168.74 1.279
0.5698 12.001 4170.15 1.2735
0.5699 12.0034 4171.93 1.2638
0.5700 12.0062 4175.73 1.2704
0.5701 12.0081 4178.71 1.2806
0.5702 12.0107 4189.07 1.287
0.5703 12.0135 4187.65 1.2836
0.5704 12.016 4192.85 1.2923
0.5705 12.0183 4192.07 1.2924
0.5706 12.0204 4191.09 1.286
0.5707 12.022 4203.13 1.2911
0.5708 12.024 4209.22 1.2894
0.5709 12.0264 4215.78 1.2877
0.5710 12.0293 4220.16 1.2989
0.5711 12.032 4223.3 1.3059
0.5712 12.0337 4225.66 1.3041
0.5713 12.0362 4233.61 1.3121
0.5714 12.0381 4233.42 1.3064
0.5715 12.0404 4237.94 1.3056
0.5716 12.043 4239.79 1.3038
0.5717 12.0447 4247.14 1.307
0.5718 12.0467 4254.96 1.3055
0.5719 12.0497 4257.08 1.3164
0.5720 12.052 4260.02 1.3182
0.5721 12.054 4262.77 1.3328
0.5722 12.0559 4271.86 1.3288
0.5723 12.058 4278.15 1.335
0.5724 12.0611 4279.65 1.3307
0.5725 12.0633 4287.38 1.3331
0.5726 12.0651 4290.66 1.3348
0.5727 12.0673 4300.05 1.3346
0.5728 12.0689 4310.1 1.3443
0.5729 12.0707 4316.8 1.3453
0.5730 12.0727 4321.81 1.345
0.5731 12.0754 4325.64 1.3568
0.5732 12.0774 4325.87 1.3579
0.5733 12.0801 4328 1.3667
0.5734 12.0821 4333.74 1.3701
0.5735 12.0841 4337.98 1.3712
0.5736 12.0873 4343.3 1.3668
0.5737 12.0896 4349.67 1.3669
0.5738 12.0911 4361.87 1.3782
0.5739 12.0926 4362.23 1.3714
0.5740 12.0942 4369.08 1.3723
0.5741 12.0967 4378.56 1.3819
0.5742 12.0979 4381.7 1.3903
0.5743 12.1003 4380.56 1.394
0.5744 12.1024 4385.5 1.3972
0.5745 12.1046 4385.98 1.3972
0.5746 12.1068 4389.14 1.3943
0.5747 12.1092 4390.87 1.4003
0.5748 12.1111 4394.35 1.4032
0.5749 12.113 4400.52 1.3903
0.5750 12.115 4409.21 1.3947
0.5751 12.1173 4416 1.4029
0.5752 12.1193 4413.84 1.4091
0.5753 12.1222 4423.73 1.4144
0.5754 12.1246 4426.46 1.4106
0.5755 12.1268 4432.48 1.421
0.5756 12.1285 4440.86 1.4234
0.5757 12.13 4451.99 1.4412
0.5758 12.1319 4457.38 1.4382
0.5759 12.1338 4463.83 1.4386
0.5760 12.1358 4472.37 1.4468
0.5761 12.1374 4476.18 1.4461
0.5762 12.1399 4477.5 1.4515
0.5763 12.1423 4483.85 1.4503
0.5764 12.1443 4497.98 1.466
0.5765 12.146 4497.01 1.4684
0.5766 12.1482 4507.22 1.4639
0.5767 12.1506 4513.72 1.4725
0.5768 12.1528 4517.47 1.4737
0.5769 12.1547 4519.27 1.4681
0.5770 12.1562 4528.51 1.4749
0.5771 12.1581 4535.76 1.4806
0.5772 12.1602 4536.5 1.4822
0.5773 12.1623 4549.4 1.4839
0.5774 12.1644 4557.52 1.4977
0.5775 12.1667 4557.54 1.4882
0.5776 12.1686 4566.04 1.5042
0.5777 12.1707 4574.25 1.4979
0.5778 12.1726 4578.18 1.4997
0.5779 12.1748 4585.28 1.5021
0.5780 12.1765 4598.61 1.5116
0.5781 12.1781 4606.8 1.5104
0.5782 12.1804 4607.63 1.5163
0.5783 12.1823 4611.4 1.5252
0.5784 12.1843 4619.1 1.5308
0.5785 12.1863 4625.55 1.5346
0.5786 12.1886 4628.99 1.5385
0.5787 12.1905 4640.46 1.5364
0.5788 12.1925 4646.01 1.5383
0.5789 12.1939 4649.76 1.5351
0.5790 12.1968 4656.78 1.5347
0.5791 12.1987 4657.25 1.5467
0.5792 12.2015 4668.56 1.5604
0.5793 12.2033 4678.09 1.5631
0.5794 12.2053 4679.65 1.5588
0.5795 12.2077 4683.75 1.5695
0.5796 12.2102 4686.96 1.5655
0.5797 12.2135 4694.32 1.5671
0.5798 12.2157 4703.29 1.5714
0.5799 12.2178 4709.12 1.5721
0.5800 12.2198 4718.93 1.5822
0.5801 12.223 4727.96 1.5846
0.5802 12.2252 4730.25 1.5914
0.5803 12.2278 4738.94 1.592
0.5804 12.2305 4751.16 1.5999
0.5805 12.2337 4755.39 1.6053
0.5806 12.2355 4761.69 1.5977
0.5807 12.2384 4770.72 1.6067
0.5808 12.2415 4773.32 1.6025
0.5809 12.2441 4782.45 1.6111
0.5810 12.2466 4789.58 1.6099
0.5811 12.2497 4791.87 1.6297
0.5812 12.2517 4800.79 1.6259
0.5813 12.2548 4807.4 1.633
0.5814 12.2577 4809.05 1.6277
0.5815 12.2607 4810.32 1.6284
0.5816 12.2628 4822.88 1.6298
0.5817 12.2658 4830.34 1.6382
0.5818 12.2679 4837.87 1.6359
0.5819 12.2708 4843.72 1.6443
0.5820 12.2741 4857.1 1.6425
0.5821 12.277 4869.24 1.6467
0.5822 12.2794 4866.2 1.6505
0.5823 12.2817 4865.52 1.6586
0.5824 12.2837 4875.05 1.6594
0.5825 12.2867 4881.39 1.6609
0.5826 12.2891 4888.7 1.6675
0.5827 12.2912 4896.32 1.6656
0.5828 12.2934 4908.47 1.668
0.5829 12.2957 4913.97 1.67
0.5830 12.298 4919.69 1.6754
0.5831 12.3005 4929.38 1.6849
0.5832 12.3032 4938.64 1.6891
0.5833 12.3059 4951.36 1.6913
0.5834 12.3088 4956.32 1.6924
0.5835 12.3115 4964.27 1.7061
0.5836 12.3153 4976.57 1.7018
0.5837 12.3175 4986.83 1.6989
0.5838 12.3201 4991.68 1.7031
0.5839 12.323 4992.67 1.707
0.5840 12.3264 4993.46 1.7121
0.5841 12.3283 5002.22 1.7086
0.5842 12.3314 5006.36 1.7097
0.5843 12.3338 5015.27 1.7174
0.5844 12.3364 5030.92 1.7322
0.5845 12.34 5035.21 1.7288
0.5846 12.3428 5040.55 1.7196
0.5847 12.3462 5051.94 1.7274
0.5848 12.3486 5060.78 1.7332
0.5849 12.3527 5068.69 1.7318
0.5850 12.3558 5076.55 1.7368
0.5851 12.3589 5083.86 1.7399
0.5852 12.3615 5092.57 1.7546
0.5853 12.3642 5090.4 1.7497
0.5854 12.3672 5093.32 1.7485
0.5855 12.3692 5104.11 1.7556
0.5856 12.3718 5116.57 1.7537
0.5857 12.3743 5122.98 1.7525
0.5858 12.3765 5130.93 1.7549
0.5859 12.3791 5141.47 1.7584
0.5860 12.3822 5150.64 1.7682
0.5861 12.3856 5157.66 1.7761
0.5862 12.388 5164.52 1.7741
0.5863 12.3913 5169.56 1.7768
0.5864 12.3946 5179.05 1.7755
0.5865 12.398 5188.02 1.7805
0.5866 12.4008 5200.1 1.7775
0.5867 12.4038 5207.02 1.7736
0.5868 12.4074 5215.57 1.7788
0.5869 12.4111 5219.37 1.7854
0.5870 12.4147 5226.74 1.7908
0.5871 12.4177 5234.97 1.7906
0.5872 12.4201 5240.74 1.7968
0.5873 12.4224 5243.82 1.7995
0.5874 12.4261 5246.41 1.7986
0.5875 12.4291 5255.69 1.8059
0.5876 12.4318 5257.36 1.8043
0.5877 12.435 5270.86 1.8123
0.5878 12.4391 5276.98 1.8092
0.5879 12.4428 5285.72 1.803
0.5880 12.4454 5291.69 1.8118
0.5881 12.4487 5293.97 1.8105
0.5882 12.4516 5296.72 1.8139
0.5883 12.4541 5304.88 1.8236
0.5884 12.4566 5317 1.8227
0.5885 12.4595 5328.07 1.8276
0.5886 12.4618 5335.24 1.8318
0.5887 12.4645 5345.15 1.8354
0.5888 12.4676 5346.54 1.8339
0.5889 12.4714 5364.64 1.8388
0.5890 12.4757 5365.5 1.8388
0.5891 12.4791 5376.18 1.8415
0.5892 12.4818 5382.85 1.8514
0.5893 12.4846 5395.03 1.8516
0.5894 12.4872 5401.05 1.8545
0.5895 12.4909 5403.09 1.8537
0.5896 12.4942 5415.33 1.8561
0.5897 12.4967 5426.77 1.863
0.5898 12.5005 5432.57 1.8641
0.5899 12.5043 5441.16 1.8621
0.5900 12.5074 5447.19 1.8692
0.5901 12.5115 5450.33 1.8755
0.5902 12.5156 5454.59 1.8735
0.5903 12.5193 5461.52 1.8794
0.5904 12.5228 5466.26 1.8846
0.5905 12.5258 5474.03 1.8916
0.5906 12.5295 5481.61 1.8862
0.5907 12.5329 5486.6 1.8895
0.5908 12.5366 5494.39 1.8839
0.5909 12.5398 5504.2 1.8913
0.5910 12.5439 5513.36 1.8933
0.5911 12.5469 5520.88 1.8951
0.5912 12.5515 5527.34 1.8987
0.5913 12.5552 5536.53 1.9065
0.5914 12.5587 5541.97 1.9108
0.5915 12.5624 5549.34 1.9148
0.5916 12.5655 5549.72 1.9085
0.5917 12.5692 5555.17 1.9001
0.5918 12.5736 5563.04 1.9165
0.5919 12.5777 5566.63 1.9217
0.5920 12.5812 5567 1.9048
0.5921 12.5849 5573.4 1.92
0.5922 12.5886 5579.1 1.9184
0.5923 12.592 5588.47 1.9228
0.5924 12.5964 5595.93 1.9297
0.5925 12.6 5604.41 1.9304
0.5926 12.6035 5609.73 1.9336
0.5927 12.6074 5615.43 1.9412
0.5928 12.6108 5623.49 1.9407
0.5929 12.6143 5635.37 1.9426
0.5930 12.6179 5641 1.9473
0.5931 12.6215 5642.93 1.9491
0.5932 12.6263 5641.5 1.9529
0.5933 12.6311 5648.48 1.9538
0.5934 12.6342 5651.45 1.9538
0.5935 12.6383 5656.84 1.9611
0.5936 12.6431 5661.69 1.9589
0.5937 12.646 5671.27 1.9622
0.5938 12.6499 5677.95 1.9639
0.5939 12.6534 5692.9 1.9773
0.5940 12.6572 5701 1.978
0.5941 12.6603 5707.16 1.9808
0.5942 12.6632 5719.88 1.9837
0.5943 12.667 5727.87 1.9936
0.5944 12.6706 5734.06 1.9945
0.5945 12.6739 5737.36 1.9898
0.5946 12.6784 5733.83 1.9973
0.5947 12.6811 5742.37 1.9955
0.5948 12.6849 5745.72 1.9947
0.5949 12.689 5748.53 1.9943
0.5950 12.6926 5755.93 2.0034
0.5951 12.6962 5768.52 2.0115
0.5952 12.6997 5776.32 2.0179
0.5953 12.7039 5787.18 2.0218
0.5954 12.7071 5794.95 2.0257
0.5955 12.7111 5796.62 2.0181
0.5956 12.7151 5801.92 2.0295
0.5957 12.7189 5806.56 2.024
0.5958 12.7226 5805.48 2.0252
0.5959 12.7268 5814.59 2.0304
0.5960 12.731 5818.13 2.0368
0.5961 12.7344 5828.61 2.0368
0.5962 12.7378 5834.31 2.0509
0.5963 12.7414 5845.41 2.0487
0.5964 12.7458 5843.53 2.0494
0.5965 12.7498 5851.55 2.0518
0.5966 12.7522 5856.26 2.0503
0.5967 12.7567 5859.4 2.0566
0.5968 12.7605 5857.01 2.0527
0.5969 12.7637 5863.19 2.0551
0.5970 12.7666 5872.14 2.0667
0.5971 12.7713 5863.46 2.0636
0.5972 12.7744 5874.58 2.0743
0.5973 12.7779 5880.9 2.079
0.5974 12.7814 5886.1 2.0752
0.5975 12.7852 5887.48 2.0798
0.5976 12.7883 5895.01 2.0759
0.5977 12.791 5900.64 2.0829
0.5978 12.7955 5906.34 2.0855
0.5979 12.7995 5918.62 2.0833
0.5980 12.8033 5929.05 2.0931
0.5981 12.8072 5935.12 2.0978
0.5982 12.8104 5936.54 2.109
0.5983 12.8131 5945.5 2.1109
0.5984 12.8167 5953.4 2.1104
0.5985 12.8209 5962.52 2.1164
0.5986 12.8245 5970 2.1188
0.5987 12.828 5970.11 2.1098
0.5988 12.8304 5979.84 2.1129
0.5989 12.8338 5985.02 2.1113
0.5990 12.8374 5988.84 2.1239
0.5991 12.8396 6002.41 2.127
0.5992 12.8432 5992.28 2.123
0.5993 12.8477 6001.38 2.1307
0.5994 12.8506 6009.69 2.1389
0.5995 12.8533 6011.08 2.1293
0.5996 12.8575 6013.84 2.1332
0.5997 12.8614 6026.44 2.1373
0.5998 12.8654 6026.09 2.1344
0.5999 12.8682 6040.88 2.1452
0.6000 12.8725 6050.74 2.1493
0.6001 12.8752 6045.96 2.158
0.6002 12.8779 6052.74 2.1505
0.6003 12.8815 6051.08 2.1656
0.6004 12.8849 6054.07 2.1661
0.6005 12.8883 6061.88 2.1718
0.6006 12.8914 6072.74 2.1767
0.6007 12.8946 6072.66 2.1799
0.6008 12.897 6084.91 2.1708
0.6009 12.9 6086.59 2.1766
0.6010 12.9031 6094.02 2.1793
0.6011 12.9061 6104.94 2.1804
0.6012 12.9091 6108.71 2.1894
0.6013 12.9117 6111.83 2.1933
0.6014 12.9143 6119.82 2.1934
0.6015 12.9176 6136.07 2.2017
0.6016 12.9196 6149.76 2.2007
0.6017 12.9228 6161.74 2.204
0.6018 12.9253 6172.54 2.2217
0.6019 12.9293 6167.69 2.2209
0.6020 12.9325 6167.29 2.2147
0.6021 12.9352 6169 2.2123
0.6022 12.9378 6174.78 2.2152
0.6023 12.9402 6172.82 2.2071
0.6024 12.9437 6186.16 2.2251
0.6025 12.9478 6193.99 2.2211
0.6026 12.9511 6185.31 2.2174
0.6027 12.9535 6192.03 2.2278
0.6028 12.9564 6204.89 2.2221
0.6029 12.9595 6210.31 2.2295
0.6030 12.9621 6219.94 2.2344
0.6031 12.9646 6224.18 2.2385
0.6032 12.9669 6230.4 2.2438
0.6033 12.9702 6241.15 2.2576
0.6034 12.9731 6247.66 2.2538
0.6035 12.9754 6253.08 2.2433
0.6036 12.9792 6257.71 2.2571
0.6037 12.9817 6258.61 2.2601
0.6038 12.9851 6266.84 2.2564
0.6039 12.9878 6272.25 2.2527
0.6040 12.9905 6282.38 2.2629
0.6041 12.9924 6279.03 2.2599
0.6042 12.9941 6298.44 2.2692
0.6043 12.9972 6311.72 2.2732
0.6044 12.9999 6320.24 2.2764
0.6045 13.003 6323.77 2.2863
0.6046 13.0055 6326.66 2.2934
0.6047 13.0088 6326.52 2.286
0.6048 13.0115 6343.09 2.2752
0.6049 13.0147 6355.13 2.2886
0.6050 13.0166 6354.76 2.2891
0.6051 13.0186 6366.23 2.2957
0.6052 13.0214 6370.95 2.3051
0.6053 13.0242 6371.42 2.2994
0.6054 13.0269 6379.8 2.3017
0.6055 13.0293 6392.32 2.3086
0.6056 13.0321 6397.33 2.3123
0.6057 13.035 6408.2 2.3094
0.6058 13.0373 6421 2.314
0.6059 13.0411 6427.39 2.3141
0.6060 13.0439 6434.93 2.32
0.6061 13.0463 6446.18 2.3265
0.6062 13.0493 6454.53 2.3336
0.6063 13.0518 6463.4 2.3343
0.6064 13.0535 6477.88 2.3401
0.6065 13.0557 6484.9 2.3422
0.6066 13.0589 6476.94 2.3384
0.6067 13.0616 6483.72 2.3476
0.6068 13.0645 6489.43 2.3456
0.6069 13.0666 6506.61 2.3574
0.6070 13.0682 6514.92 2.3586
0.6071 13.0706 6519.13 2.3715
0.6072 13.0731 6527.88 2.3704
0.6073 13.0754 6541.97 2.3682
0.6074 13.0783 6550.09 2.3689
0.6075 13.0802 6554.01 2.372
0.6076 13.0826 6551.85 2.3779
0.6077 13.0849 6564.4 2.3772
0.6078 13.087 6568.75 2.382
0.6079 13.0893 6587.42 2.3831
0.6080 13.0911 6594.84 2.3946
0.6081 13.0938 6603.78 2.3926
0.6082 13.0968 6615.87 2.4038
0.6083 13.0992 6626.92 2.4046
0.6084 13.1013 6634.17 2.4132
0.6085 13.1043 6645.9 2.4233
0.6086 13.1064 6660.35 2.4181
0.6087 13.1091 6670.45 2.4168
0.6088 13.1114 6680.58 2.4255
0.6089 13.1139 6695.45 2.4343
0.6090 13.1171 6699.37 2.4394
0.6091 13.1199 6696.76 2.4362
0.6092 13.1225 6715.99 2.4403
0.6093 13.1246 6728.63 2.4471
0.6094 13.1273 6737.51 2.456
0.6095 13.1303 6739.05 2.4521
0.6096 13.1331 6746.44 2.4552
0.6097 13.1352 6757.36 2.4597
0.6098 13.138 6764.47 2.468
0.6099 13.141 6775.51 2.4677
0.6100 13.1434 6780.68 2.4803
0.6101 13.1467 6791.73 2.4805
0.6102 13.1497 6792.36 2.4863
0.6103 13.1524 6803.3 2.494
0.6104 13.1548 6810.25 2.497
0.6105 13.1574 6817.67 2.4968
0.6106 13.1602 6826 2.4979
0.6107 13.1624 6834.2 2.501
0.6108 13.1658 6843.23 2.5025
0.6109 13.1696 6854.12 2.5104
0.6110 13.1724 6861.26 2.526
0.6111 13.1741 6875.48 2.5263
0.6112 13.1771 6890.34 2.5378
0.6113 13.1796 6893.7 2.5457
0.6114 13.1826 6897.27 2.5424
0.6115 13.1859 6916.1 2.5493
0.6116 13.1889 6927.54 2.5398
0.6117 13.1909 6936.91 2.552
0.6118 13.1934 6947.12 2.5504
0.6119 13.1958 6954.49 2.5614
0.6120 13.1988 6956.27 2.5649
0.6121 13.2021 6964.86 2.5717
0.6122 13.205 6982.99 2.5817
0.6123 13.2078 6989.51 2.5828
0.6124 13.2115 7007.09 2.5841
0.6125 13.2146 7026.69 2.5933
0.6126 13.2169 7029.18 2.5965
0.6127 13.2192 7035.52 2.5945
0.6128 13.2212 7047.4 2.6049
0.6129 13.2235 7056.4 2.5999
0.6130 13.2267 7073.21 2.6139
0.6131 13.23 7089.34 2.6215
0.6132 13.2322 7094.53 2.6217
0.6133 13.2346 7102.74 2.6325
0.6134 13.2372 7109.95 2.6365
0.6135 13.2404 7117.31 2.626
0.6136 13.2425 7122.48 2.6447
0.6137 13.2457 7130.66 2.6393
0.6138 13.2503 7134.84 2.6391
0.6139 13.2526 7140.98 2.6468
0.6140 13.255 7153.36 2.6496
0.6141 13.2578 7156.46 2.6526
0.6142 13.2612 7167.27 2.6743
0.6143 13.2642 7182.38 2.6774
0.6144 13.2673 7203.73 2.6826
0.6145 13.2711 7223.22 2.6842
0.6146 13.2739 7228.97 2.6879
0.6147 13.2767 7241.93 2.6852
0.6148 13.2798 7244.32 2.6917
0.6149 13.2833 7246.58 2.6894
0.6150 13.2872 7259.29 2.7012
0.6151 13.291 7278.44 2.713
0.6152 13.2946 7284.48 2.7202
0.6153 13.2967 7308.23 2.7329
0.6154 13.2997 7303.5 2.7235
0.6155 13.303 7314.92 2.7257
0.6156 13.3051 7320.26 2.7223
0.6157 13.3089 7338.04 2.7211
0.6158 13.3122 7347.4 2.7237
0.6159 13.3145 7368.16 2.7261
0.6160 13.318 7373.43 2.7341
0.6161 13.3215 7384.24 2.7434
0.6162 13.3244 7393.81 2.7474
0.6163 13.3274 7408.39 2.7476
0.6164 13.3308 7406.86 2.7485
0.6165 13.3328 7418.48 2.7469
0.6166 13.3361 7427.87 2.7435
0.6167 13.3395 7436.59 2.7515
0.6168 13.343 7444.3 2.757
0.6169 13.3463 7451 2.7721
0.6170 13.3504 7457.76 2.771
0.6171 13.3534 7476.2 2.7742
0.6172 13.3564 7491.97 2.7763
0.6173 13.3596 7508.58 2.7967
0.6174 13.3621 7531.39 2.8021
0.6175 13.3647 7538.98 2.8054
0.6176 13.3681 7550.85 2.8058
0.6177 13.3715 7558.47 2.8164
0.6178 13.3747 7568.99 2.8108
0.6179 13.3779 7578.91 2.8144
0.6180 13.3831 7590.78 2.8176
0.6181 13.386 7601.38 2.8443
0.6182 13.3889 7610.25 2.8687
0.6183 13.3924 7626.3 2.8759
0.6184 13.3957 7633.14 2.8789
0.6185 13.3988 7653.31 2.8882
0.6186 13.4028 7651.81 2.8757
0.6187 13.4066 7667.1 2.8821
0.6188 13.4097 7687.37 2.8779
0.6189 13.4127 7696 2.896
0.6190 13.4162 7697.25 2.9064
0.6191 13.4191 7708.76 2.9109
0.6192 13.4232 7712.11 2.9223
0.6193 13.4269 7733.69 2.9393
0.6194 13.4304 7739.53 2.9295
0.6195 13.4336 7755.9 2.9319
0.6196 13.4367 7765.35 2.9218
0.6197 13.4406 7780.79 2.9174
0.6198 13.4447 7797.17 2.9104
0.6199 13.4488 7806.48 2.9207
0.6200 13.4518 7813.25 2.9175
0.6201 13.4562 7825.69 2.9349
0.6202 13.4596 7839.28 2.9445
0.6203 13.4634 7847 2.9424
0.6204 13.4665 7866.4 2.9485
0.6205 13.4698 7871.28 2.9525
0.6206 13.4733 7879.52 2.9547
0.6207 13.4778 7882.13 2.9624
0.6208 13.4804 7900.74 2.9536
0.6209 13.4838 7917.24 2.9667
0.6210 13.4888 7920.65 2.9683
0.6211 13.4946 7919.44 2.9848
0.6212 13.4984 7938.89 2.983
0.6213 13.5018 7944.34 2.9845
0.6214 13.5062 7962.17 2.9968
0.6215 13.511 7950.73 2.995
0.6216 13.5146 7969.04 3.0117
0.6217 13.5186 7990.17 3.0126
0.6218 13.5228 7995.09 3.0141
0.6219 13.527 7999.85 3.0139
0.6220 13.531 8010.81 3.0145
0.6221 13.5351 8025.27 3.0221
0.6222 13.5383 8043.99 3.0265
0.6223 13.5421 8041.22 3.0366
0.6224 13.546 8051.53 3.0388
0.6225 13.5494 8060.64 3.0321
0.6226 13.5535 8070.61 3.043
0.6227 13.5574 8084.93 3.0537
0.6228 13.5611 8095.35 3.0653
0.6229 13.5646 8110.6 3.0657
0.6230 13.5678 8122.71 3.0645
0.6231 13.5714 8131.44 3.0696
0.6232 13.5746 8144.82 3.0716
0.6233 13.5782 8155.28 3.081
0.6234 13.5817 8166.61 3.0801
0.6235 13.5858 8180.66 3.0871
0.6236 13.5903 8186.37 3.1021
0.6237 13.5938 8192.2 3.0926
0.6238 13.5979 8200.32 3.0992
0.6239 13.6018 8205.92 3.0952
0.6240 13.606 8217.58 3.0963
0.6241 13.6098 8232.82 3.1102
0.6242 13.6133 8244.83 3.1156
0.6243 13.6168 8265.97 3.1334
0.6244 13.6216 8288.67 3.1412
0.6245 13.6258 8301.06 3.1425
0.6246 13.63 8293.88 3.1532
0.6247 13.6335 8308.47 3.1442
0.6248 13.638 8308.1 3.1387
0.6249 13.6416 8317.1 3.1413
0.6250 13.6446 8334.03 3.1626
0.6251 13.6486 8344.17 3.1614
0.6252 13.6525 8350.7 3.1788
0.6253 13.6561 8355.52 3.1731
0.6254 13.6591 8363.89 3.1776
0.6255 13.6628 8374.83 3.1737
0.6256 13.6668 8392.1 3.1775
0.6257 13.6715 8395.42 3.1784
0.6258 13.6753 8407.18 3.1793
0.6259 13.6787 8414.07 3.2018
0.6260 13.6811 8435.17 3.215
0.6261 13.6845 8447.92 3.2158
0.6262 13.6883 8471.58 3.2137
0.6263 13.6916 8483.35 3.2145
0.6264 13.6955 8496.29 3.218
0.6265 13.6992 8499.93 3.2221
0.6266 13.7038 8513.85 3.2332
0.6267 13.7082 8515.37 3.2308
0.6268 13.7123 8520.13 3.2386
0.6269 13.7162 8531.54 3.2484
0.6270 13.7198 8547.73 3.245
0.6271 13.7243 8555.11 3.2482
0.6272 13.7284 8565.07 3.2505
0.6273 13.733 8573.26 3.2597
0.6274 13.7365 8585.37 3.2748
0.6275 13.7405 8593.63 3.2765
0.6276 13.7444 8603.62 3.2697
0.6277 13.7481 8608.5 3.277
0.6278 13.7526 8608.61 3.2748
0.6279 13.7564 8612.98 3.2814
0.6280 13.7602 8618.5 3.279
0.6281 13.7639 8625.07 3.2944
0.6282 13.7678 8632.9 3.3109
0.6283 13.7722 8646.99 3.3045
0.6284 13.7759 8657.62 3.2965
0.6285 13.7805 8665.04 3.3091
0.6286 13.7839 8678.29 3.3112
0.6287 13.7867 8708.38 3.312
0.6288 13.7916 8728.67 3.3214
0.6289 13.796 8737.29 3.3253
0.6290 13.7987 8757.12 3.3357
0.6291 13.8025 8760.39 3.3361
0.6292 13.8061 8761.78 3.3463
0.6293 13.8085 8774.98 3.3456
0.6294 13.8125 8767.11 3.3424
0.6295 13.8166 8784.84 3.3415
0.6296 13.8193 8784.25 3.3563
0.6297 13.822 8802.08 3.3521
0.6298 13.8264 8818.59 3.3625
0.6299 13.8293 8832.24 3.3676
0.6300 13.8326 8841.84 3.3728
0.6301 13.8359 8853.12 3.3897
0.6302 13.8395 8864.77 3.3884
0.6303 13.8437 8869.99 3.3912
0.6304 13.8474 8877.95 3.4044
0.6305 13.8505 8884.7 3.4025
0.6306 13.855 8885.2 3.404
0.6307 13.8587 8902.18 3.4157
0.6308 13.8617 8917.88 3.4155
0.6309 13.8657 8923.97 3.4269
0.6310 13.8695 8938.44 3.4171
0.6311 13.8724 8963.93 3.431
0.6312 13.8762 8965.66 3.444
0.6313 13.8793 8968.93 3.4564
0.6314 13.8827 8979 3.4399
0.6315 13.8853 8979.33 3.4508
0.6316 13.889 8984.95 3.4445
0.6317 13.8923 9003.83 3.4508
0.6318 13.8957 9013.76 3.4558
0.6319 13.8999 9017.68 3.4579
0.6320 13.9038 9018.67 3.4624
0.6321 13.9068 9039.4 3.468
0.6322 13.9104 9051.35 3.4816
0.6323 13.9141 9067.59 3.4939
0.6324 13.9172 9073.2 3.4895
0.6325 13.922 9067.07 3.4879
0.6326 13.9248 9093.88 3.5064
0.6327 13.9287 9095.37 3.4933
0.6328 13.932 9104.99 3.4984
0.6329 13.935 9114.73 3.5003
0.6330 13.9383 9115.48 3.5142
0.6331 13.9411 9135.46 3.5196
0.6332 13.9438 9164.02 3.5429
0.6333 13.9459 9169.68 3.5331
0.6334 13.9486 9174.3 3.5379
0.6335 13.9516 9184.42 3.5366
0.6336 13.9545 9195.1 3.542
0.6337 13.9584 9207.96 3.5484
0.6338 13.9609 9220.36 3.5616
0.6339 13.9641 9233.78 3.5649
0.6340 13.9681 9244.47 3.5703
0.6341 13.9716 9259.02 3.579
0.6342 13.9756 9279.72 3.5785
0.6343 13.9784 9295.64 3.5924
0.6344 13.982 9308.53 3.599
0.6345 13.9855 9310.84 3.6005
0.6346 13.989 9325.72 3.6025
0.6347 13.9927 9350.43 3.6116
0.6348 13.9955 9352.69 3.6165
0.6349 13.999 9357.26 3.6105
0.6350 14.0022 9376.11 3.6181
0.6351 14.0054 9376.82 3.6291
0.6352 14.0075 9386.57 3.6526
0.6353 14.0111 9394.79 3.6518
0.6354 14.0145 9408.37 3.6374
0.6355 14.018 9410.3 3.6424
0.6356 14.0215 9423.55 3.6471
0.6357 14.0246 9423.49 3.6519
0.6358 14.0274 9434.81 3.6475
0.6359 14.0308 9447.91 3.6542
0.6360 14.0345 9462.07 3.6635
0.6361 14.0375 9479.87 3.6914
0.6362 14.0409 9485.47 3.6763
0.6363 14.0437 9492.09 3.6807
0.6364 14.0472 9518.18 3.6927
0.6365 14.0502 9527.44 3.701
0.6366 14.0537 9528.2 3.6955
0.6367 14.0573 9546.89 3.71
0.6368 14.06 9556.39 3.7079
0.6369 14.0623 9563.73 3.7175
0.6370 14.0651 9568.66 3.7214
0.6371 14.0684 9591.03 3.7274
0.6372 14.0712 9605.82 3.7393
0.6373 14.0742 9610.95 3.7441
0.6374 14.0773 9622.68 3.7532
0.6375 14.0798 9618.85 3.7577
0.6376 14.0826 9637.44 3.7571
0.6377 14.0865 9656.77 3.7545
0.6378 14.0888 9675.26 3.7634
0.6379 14.0917 9698.29 3.7657
0.6380 14.0946 9709.44 3.7832
0.6381 14.0973 9716.46 3.7871
0.6382 14.1009 9731.69 3.7962
0.6383 14.1047 9742.32 3.8038
0.6384 14.1072 9760.53 3.8136
0.6385 14.1119 9761.31 3.8031
0.6386 14.115 9777.64 3.807
0.6387 14.1171 9803.6 3.8226
0.6388 14.1205 9802.62 3.8247
0.6389 14.1244 9803.11 3.8249
0.6390 14.1283 9830.97 3.8461
0.6391 14.1318 9828.97 3.839
0.6392 14.1345 9834.17 3.8411
0.6393 14.1376 9857.74 3.849
0.6394 14.141 9869.36 3.8558
0.6395 14.1441 9886.67 3.8668
0.6396 14.1468 9914.8 3.8689
0.6397 14.1489 9920.74 3.8715
0.6398 14.1525 9916 3.8813
0.6399 14.1551 9944.2 3.8925
0.6400 14.1582 9954.79 3.8955
0.6401 14.1605 9961 3.8998
0.6402 14.1632 9989.96 3.9159
0.6403 14.1654 10011.4 3.9215
0.6404 14.1686 10025 3.9228
0.6405 14.1713 10033.7 3.9236
0.6406 14.174 10040 3.9408
0.6407 14.1779 10046.9 3.9471
0.6408 14.1815 10077 3.9583
0.6409 14.1854 10093.9 3.9629
0.6410 14.188 10099.2 3.961
0.6411 14.1919 10109.9 3.9662
0.6412 14.1958 10123.8 3.977
0.6413 14.1981 10142.9 3.9809
0.6414 14.2007 10154.5 3.9904
0.6415 14.2036 10174.2 4.0174
0.6416 14.2074 10184.2 4.0118
0.6417 14.2101 10201.3 4.0353
0.6418 14.2131 10222.3 4.0289
0.6419 14.2154 10245.2 4.0165
0.6420 14.2183 10265.9 4.0285
0.6421 14.2207 10276 4.0528
0.6422 14.2252 10275.8 4.0514
0.6423 14.2294 10283.5 4.0584
0.6424 14.2326 10303.1 4.0784
0.6425 14.2358 10323.7 4.0835
0.6426 14.2393 10345.2 4.0787
0.6427 14.2414 10362.4 4.0945
0.6428 14.2446 10378.1 4.0953
0.6429 14.2476 10398.8 4.102
0.6430 14.2515 10418 4.1154
0.6431 14.255 10420.5 4.1178
0.6432 14.2582 10423.5 4.1243
0.6433 14.262 10440.6 4.1283
0.6434 14.2659 10456.7 4.13
0.6435 14.2689 10471.9 4.1304
0.6436 14.2723 10486.5 4.1435
0.6437 14.2762 10492.9 4.155
0.6438 14.2797 10512.2 4.1604
0.6439 14.2842 10540.4 4.1717
0.6440 14.2864 10552.3 4.173
0.6441 14.29 10549.3 4.165
0.6442 14.292 10579.3 4.183
0.6443 14.2958 10595.5 4.185
0.6444 14.3008 10611.2 4.1956
0.6445 14.3045 10621.4 4.213
0.6446 14.3083 10644.5 4.2132
0.6447 14.312 10658.9 4.2115
0.6448 14.3161 10680.7 4.2321
0.6449 14.3196 10691.4 4.2276
0.6450 14.3238 10709.4 4.2386
0.6451 14.3271 10723.7 4.2394
0.6452 14.3296 10740.4 4.2586
0.6453 14.3335 10762.7 4.2735
0.6454 14.3363 10777.6 4.2769
0.6455 14.3407 10777.2 4.2803
0.6456 14.3439 10796.4 4.2792
0.6457 14.3464 10806.6 4.2811
0.6458 14.3492 10827.7 4.2787
0.6459 14.3527 10855.4 4.2986
0.6460 14.3562 10872.2 4.3095
0.6461 14.3598 10884.2 4.3296
0.6462 14.3646 10888 4.3295
0.6463 14.368 10901.3 4.3334
0.6464 14.3714 10927 4.3505
0.6465 14.3752 10954.5 4.3451
0.6466 14.3787 10967.3 4.3523
0.6467 14.3819 10982.6 4.3665
0.6468 14.3865 10989.9 4.3621
0.6469 14.3902 11018 4.3738
0.6470 14.3945 11025 4.3805
0.6471 14.3984 11034.1 4.3885
0.6472 14.4013 11054.4 4.3989
0.6473 14.4042 11078.8 4.4036
0.6474 14.4086 11101 4.4189
0.6475 14.4132 11105.1 4.4245
0.6476 14.4171 11122.2 4.4342
0.6477 14.4205 11147.2 4.4486
0.6478 14.4241 11163.2 4.4558
0.6479 14.4274 11196.5 4.449
0.6480 14.4308 11206.4 4.4582
0.6481 14.4347 11221.2 4.467
0.6482 14.4383 11247.8 4.4751
0.6483 14.4421 11246.4 4.4809
0.6484 14.4468 11249.6 4.4858
0.6485 14.4498 11269.8 4.4952
0.6486 14.4545 11282.1 4.4938
0.6487 14.4581 11306.6 4.5068
0.6488 14.4614 11328.9 4.5197
0.6489 14.4647 11346.6 4.52
0.6490 14.4694 11348.7 4.525
0.6491 14.474 11371.3 4.5447
0.6492 14.4779 11391.3 4.5512
0.6493 14.482 11418 4.5718
0.6494 14.4858 11438.2 4.5665
0.6495 14.4903 11465.6 4.5741
0.6496 14.4942 11464.1 4.5745
0.6497 14.4977 11489 4.5795
0.6498 14.5023 11500.5 4.5892
0.6499 14.5067 11512.2 4.5941
0.6500 14.5107 11524.1 4.597
0.6501 14.5151 11542.1 4.6178
0.6502 14.5189 11570.1 4.6255
0.6503 14.5236 11577 4.6321
0.6504 14.5279 11597.7 4.6377
0.6505 14.5327 11591.4 4.6369
0.6506 14.5375 11619.7 4.6447
0.6507 14.5422 11643.7 4.6589
0.6508 14.5466 11643.3 4.6577
0.6509 14.5508 11655.1 4.6642
0.6510 14.5551 11661.7 4.6588
0.6511 14.5582 11681.8 4.6845
0.6512 14.5627 11703.3 4.6888
0.6513 14.5668 11735.8 4.7041
0.6514 14.5719 11756.2 4.7082
0.6515 14.5752 11787.6 4.7272
0.6516 14.5798 11794.8 4.727
0.6517 14.5851 11803.6 4.7302
0.6518 14.5886 11824.2 4.7366
0.6519 14.5933 11846.8 4.751
0.6520 14.5983 11863.1 4.7593
0.6521 14.602 11894.8 4.7657
0.6522 14.6063 11910 4.7893
0.6523 14.6122 11914.9 4.7965
0.6524 14.6168 11931.1 4.7851
0.6525 14.6226 11951.4 4.8004
0.6526 14.6264 11956 4.8001
0.6527 14.6308 11961.6 4.7988
0.6528 14.6349 11984.3 4.8043
0.6529 14.639 11993.3 4.8157
0.6530 14.6424 12015 4.8255
0.6531 14.6477 12036.7 4.8459
0.6532 14.6523 12044.9 4.846
0.6533 14.6556 12044.3 4.861
0.6534 14.6612 12065.5 4.8635
0.6535 14.665 12098.3 4.8708
0.6536 14.6688 12139.2 4.8923
0.6537 14.6741 12124.1 4.884
0.6538 14.6788 12143.4 4.8829
0.6539 14.6827 12148.6 4.8855
0.6540 14.6855 12177.1 4.9044
0.6541 14.6896 12184.9 4.904
0.6542 14.6932 12206.5 4.9233
0.6543 14.6966 12216.7 4.9244
0.6544 14.7013 12245.4 4.9392
0.6545 14.7063 12257 4.9566
0.6546 14.7102 12274.8 4.9689
0.6547 14.7139 12282.9 4.9493
0.6548 14.7169 12320.4 4.9674
0.6549 14.7217 12326.1 4.9753
0.6550 14.7269 12320.9 4.967
0.6551 14.7317 12343.2 4.9766
0.6552 14.7361 12353.4 4.9958
0.6553 14.74 12361.5 4.9884
0.6554 14.7436 12380.7 5.0105
0.6555 14.7471 12392 5.0082
0.6556 14.7507 12410.8 5.0224
0.6557 14.7547 12440.8 5.0297
0.6558 14.7585 12455.4 5.0334
0.6559 14.7621 12465.9 5.0422
0.6560 14.7658 12480.2 5.0489
0.6561 14.7703 12500.4 5.0591
0.6562 14.7739 12521.5 5.0731
0.6563 14.7781 12542.4 5.078
0.6564 14.7811 12555.8 5.0822
0.6565 14.7856 12593.8 5.0986
0.6566 14.7898 12601.9 5.0991
0.6567 14.7942 12606.2 5.1215
0.6568 14.7981 12632.7 5.1249
0.6569 14.8025 12653.1 5.1093
0.6570 14.8064 12679 5.1345
0.6571 14.8105 12692.1 5.138
0.6572 14.8162 12712 5.1588
0.6573 14.8209 12699.1 5.1556
0.6574 14.8245 12713.7 5.1524
0.6575 14.829 12735 5.1662
0.6576 14.8337 12743.7 5.1661
0.6577 14.8378 12776 5.1772
0.6578 14.8426 12782.5 5.1853
0.6579 14.8468 12791 5.1944
0.6580 14.8509 12810.4 5.1986
0.6581 14.8532 12843.9 5.2197
0.6582 14.8577 12847.3 5.2285
0.6583 14.8618 12858.4 5.2233
0.6584 14.8649 12875 5.2361
0.6585 14.8693 12891.1 5.2496
0.6586 14.8739 12894.6 5.2465
0.6587 14.8774 12913.6 5.2496
0.6588 14.8822 12931.4 5.2489
0.6589 14.8861 12953.1 5.2656
0.6590 14.8893 12978 5.2769
0.6591 14.8938 12983.4 5.2864
0.6592 14.898 13005 5.3022
0.6593 14.9033 13024.1 5.3141
0.6594 14.9075 13029.5 5.3081
0.6595 14.9118 13047.1 5.3177
0.6596 14.9154 13029.9 5.3183
0.6597 14.9201 13044.6 5.3178
0.6598 14.9242 13074 5.3269
0.6599 14.9269 13098.7 5.3616
0.6600 14.9313 13109.6 5.3533
0.6601 14.9342 13136 5.3636
0.6602 14.9382 13161.3 5.3771
0.6603 14.9424 13179.8 5.3839
0.6604 14.946 13193.2 5.3872
0.6605 14.9497 13196 5.3808
0.6606 14.9533 13213.5 5.4045
0.6607 14.9569 13241.4 5.4115
0.6608 14.9614 13239.4 5.4103
0.6609 14.9651 13252.3 5.4159
0.6610 14.9686 13290.5 5.4298
0.6611 14.9736 13307.8 5.441
0.6612 14.9782 13315.8 5.4492
0.6613 14.9822 13341 5.466
0.6614 14.9867 13331.2 5.465
0.6615 14.9904 13362.6 5.4666
0.6616 14.9939 13365.1 5.4701
0.6617 14.9979 13379.4 5.4812
0.6618 15.0011 13403.6 5.49
0.6619 15.0053 13437.5 5.5037
0.6620 15.0085 13448.7 5.5094
0.6621 15.012 13464.2 5.5075
0.6622 15.015 13473.9 5.5191
0.6623 15.018 13481.3 5.5235
0.6624 15.0223 13498.1 5.5443
0.6625 15.0257 13521.4 5.55
0.6626 15.0297 13525.6 5.5543
0.6627 15.032 13542.5 5.5638
0.6628 15.0359 13587.7 5.5771
0.6629 15.0403 13601.3 5.5765
0.6630 15.0434 13616.3 5.5846
0.6631 15.046 13647.4 5.6117
0.6632 15.0492 13678.1 5.6286
0.6633 15.054 13687.1 5.6351
0.6634 15.0577 13716.6 5.6474
0.6635 15.0615 13719 5.6356
0.6636 15.0658 13733.6 5.649
0.6637 15.0694 13764.7 5.6671
0.6638 15.0729 13790.4 5.6771
0.6639 15.0756 13777.3 5.6716
0.6640 15.0796 13765.8 5.6743
0.6641 15.0826 13803.4 5.6898
0.6642 15.0861 13834.4 5.703
0.6643 15.0903 13846.5 5.7125
0.6644 15.0924 13878 5.7254
0.6645 15.0964 13883.7 5.726
0.6646 15.0999 13927.9 5.744
0.6647 15.1047 13932.7 5.7505
0.6648 15.1077 13958.2 5.7691
0.6649 15.111 13972.7 5.7662
0.6650 15.1141 13991.8 5.7844
0.6651 15.1177 14014.7 5.7954
0.6652 15.1214 14029 5.8073
0.6653 15.1247 14047.5 5.8152
0.6654 15.1284 14063.8 5.8138
0.6655 15.1324 14075 5.814
0.6656 15.1356 14127.9 5.838
0.6657 15.1383 14127.8 5.8393
0.6658 15.1422 14132 5.8498
0.6659 15.1449 14159.6 5.8595
0.6660 15.1485 14174 5.8763
0.6661 15.1527 14199.3 5.8804
0.6662 15.1553 14202 5.8832
0.6663 15.1581 14241.1 5.8977
0.6664 15.1625 14256.2 5.9201
0.6665 15.165 14277.2 5.9195
0.6666 15.1687 14304.5 5.9358
0.6667 15.1727 14326.2 5.937
0.6668 15.1771 14363.3 5.9474
0.6669 15.1807 14357.7 5.9457
0.6670 15.184 14357.5 5.9526
0.6671 15.188 14376.9 5.9579
0.6672 15.1911 14394.9 5.9829
0.6673 15.1941 14413.6 5.9948
0.6674 15.1972 14439.2 6.011
0.6675 15.1999 14475.2 6.0081
0.6676 15.2046 14496.4 6.0106
0.6677 15.2079 14523.3 6.0331
0.6678 15.2121 14545.9 6.0393
0.6679 15.2155 14574.4 6.0518
0.6680 15.2193 14585.9 6.0785
0.6681 15.223 14598.4 6.0829
0.6682 15.2261 14633.1 6.0916
0.6683 15.2312 14639 6.0925
0.6684 15.2339 14686.9 6.1095
0.6685 15.2382 14686.5 6.1113
0.6686 15.2429 14698.1 6.1114
0.6687 15.2464 14726.2 6.1257
0.6688 15.2502 14735.4 6.1379
0.6689 15.254 14780.2 6.1423
0.6690 15.2575 14792.6 6.147
0.6691 15.2609 14818.5 6.1637
0.6692 15.2649 14845.4 6.1878
0.6693 15.268 14854.7 6.2058
0.6694 15.2719 14891.3 6.2114
0.6695 15.2753 14939.4 6.2211
0.6696 15.2783 14947.9 6.221
0.6697 15.283 14953.8 6.234
0.6698 15.2873 14996.9 6.2479
0.6699 15.2914 15022.6 6.2552
0.6700 15.2954 15058.1 6.2754
0.6701 15.2992 15091.7 6.2933
0.6702 15.3022 15111.3 6.3033
0.6703 15.3057 15105.7 6.3086
0.6704 15.3098 15123.8 6.3134
0.6705 15.3135 15145.3 6.3183
0.6706 15.3169 15180 6.3381
0.6707 15.3201 15209.8 6.346
0.6708 15.3239 15232.9 6.3641
0.6709 15.3279 15269.4 6.3736
0.6710 15.3319 15293.5 6.3857
0.6711 15.3364 15327.7 6.4024
0.6712 15.3401 15367.1 6.4252
0.6713 15.344 15379.3 6.429
0.6714 15.3479 15409.6 6.4433
0.6715 15.3514 15443.8 6.4637
0.6716 15.3562 15452.3 6.4696
0.6717 15.3598 15491 6.4913
0.6718 15.3646 15493.4 6.4939
0.6719 15.369 15499 6.4879
0.6720 15.3733 15535 6.4964
0.6721 15.3775 15562.8 6.514
0.6722 15.381 15577.4 6.5203
0.6723 15.3849 15620.2 6.5419
0.6724 15.3885 15653.4 6.5656
0.6725 15.3933 15679 6.584
0.6726 15.3967 15701.5 6.5841
0.6727 15.4014 15709.3 6.5813
0.6728 15.4057 15730.2 6.5894
0.6729 15.4099 15760.3 6.6098
0.6730 15.4144 15774.4 6.6095
0.6731 15.4189 15831.5 6.631
0.6732 15.4231 15855.2 6.6476
0.6733 15.4277 15871.2 6.658
0.6734 15.4323 15900.4 6.68
0.6735 15.4359 15950.8 6.6861
0.6736 15.44 16005.5 6.7038
0.6737 15.4446 16020.8 6.7161
0.6738 15.4494 16022.4 6.714
0.6739 15.4553 16036.4 6.7327
0.6740 15.4607 16059.2 6.7351
0.6741 15.4645 16091.6 6.7476
0.6742 15.4691 16108.1 6.7715
0.6743 15.4737 16118.3 6.7724
0.6744 15.4788 16148.4 6.794
0.6745 15.4838 16185.9 6.7933
0.6746 15.4875 16212.3 6.8166
0.6747 15.4934 16214.4 6.8198
0.6748 15.4981 16231.8 6.8242
0.6749 15.5028 16270 6.8471
0.6750 15.5073 16262.9 6.8443
0.6751 15.5111 16295.8 6.8559
0.6752 15.5148 16324.9 6.8819
0.6753 15.5196 16336 6.8903
0.6754 15.5248 16370.3 6.9013
0.6755 15.529 16400.8 6.9098
0.6756 15.5337 16418.8 6.9354
0.6757 15.5384 16437.2 6.9511
0.6758 15.5429 16458.9 6.9364
0.6759 15.5467 16505.5 6.9559
0.6760 15.5523 16495.6 6.9535
0.6761 15.557 16539.5 6.9806
0.6762 15.5611 16562.9 6.9847
0.6763 15.5657 16604.2 7.0014
0.6764 15.5706 16619.3 7.0198
0.6765 15.5744 16645.4 7.02
0.6766 15.5782 16677.5 7.0324
0.6767 15.583 16692.9 7.0463
0.6768 15.5889 16693.5 7.0461
0.6769 15.5934 16708.2 7.0465
0.6770 15.5984 16739.5 7.0707
0.6771 15.6025 16760.1 7.0759
0.6772 15.6069 16770.4 7.0827
0.6773 15.6129 16782.6 7.0951
0.6774 15.6181 16840.3 7.1127
0.6775 15.6227 16867.9 7.1194
0.6776 15.6282 16896.3 7.1419
0.6777 15.6353 16887 7.1351
0.6778 15.6396 16932.2 7.1589
0.6779 15.6445 16965.5 7.1677
0.6780 15.6486 16999.2 7.1833
0.6781 15.655 17014.3 7.2057
0.6782 15.6604 17023.9 7.214
0.6783 15.6656 17045.4 7.2092
0.6784 15.6707 17069.8 7.2272
0.6785 15.6757 17054.8 7.2149
0.6786 15.6803 17083.3 7.2372
0.6787 15.6868 17108 7.2639
0.6788 15.6913 17131.7 7.2646
0.6789 15.6957 17115.3 7.2542
0.6790 15.6999 17160.9 7.2684
0.6791 15.7034 17193.7 7.289
0.6792 15.7071 17234.4 7.3006
0.6793 15.7111 17286.2 7.3321
0.6794 15.7156 17301.9 7.3325
0.6795 15.7208 17300.7 7.3457
0.6796 15.7273 17327.2 7.3589
0.6797 15.7325 17322.7 7.3518
0.6798 15.7377 17353.5 7.36
0.6799 15.7405 17386.4 7.3934
0.6800 15.7452 17412 7.3922
0.6801 15.7504 17437.4 7.4315
0.6802 15.7551 17480.6 7.4265
0.6803 15.7595 17523.9 7.4449
0.6804 15.7631 17553.2 7.4587
0.6805 15.7682 17555.9 7.4793
0.6806 15.7731 17574 7.4743
0.6807 15.7783 17580.5 7.4806
0.6808 15.7823 17607.7 7.4785
0.6809 15.7858 17598.6 7.4874
0.6810 15.7904 17627.3 7.4926
0.6811 15.7948 17671.9 7.5109
0.6812 15.8009 17689.3 7.525
0.6813 15.8067 17711.5 7.5347
0.6814 15.81 17746.8 7.5611
0.6815 15.8145 17769.1 7.562
0.6816 15.8184 17798.6 7.5798
0.6817 15.822 17840.6 7.6039
0.6818 15.8265 17848.5 7.6031
0.6819 15.8316 17880.5 7.6359
0.6820 15.835 17884.9 7.638
0.6821 15.8401 17899.1 7.6361
0.6822 15.8441 17945 7.6532
0.6823 15.8486 17971.6 7.6697
0.6824 15.8532 17975.2 7.6695
0.6825 15.8581 17982.4 7.6657
0.6826 15.8625 18022.7 7.6899
0.6827 15.8681 18051 7.6994
0.6828 15.8717 18086.2 7.7222
0.6829 15.8754 18119.4 7.7359
0.6830 15.8809 18123.9 7.7316
0.6831 15.8842 18131.5 7.7403
0.6832 15.8891 18158.2 7.7714
0.6833 15.8939 18182 7.7826
0.6834 15.8981 18185.6 7.7812
0.6835 15.9017 18249.6 7.808
0.6836 15.9062 18287 7.8104
0.6837 15.9116 18317.3 7.8257
0.6838 15.9164 18340.1 7.8323
0.6839 15.9203 18355.2 7.8407
0.6840 15.9255 18369.7 7.8603
0.6841 15.93 18362.5 7.8557
0.6842 15.9349 18392.5 7.8796
0.6843 15.9388 18431.2 7.8944
0.6844 15.9432 18451.9 7.9077
0.6845 15.9471 18485.7 7.9255
0.6846 15.9523 18511 7.9336
0.6847 15.9554 18527.7 7.9386
0.6848 15.9601 18539.3 7.9441
0.6849 15.964 18573.4 7.96
0.6850 15.9685 18613.6 7.995
0.6851 15.9725 18666.9 8.0252
0.6852 15.9765 18677.3 8.0183
0.6853 15.9813 18682 8.0189
0.6854 15.9859 18685.8 8.033
0.6855 15.9895 18697.8 8.044
0.6856 15.9931 18768.2 8.0636
0.6857 15.9975 18797.8 8.0643
0.6858 16.0027 18805.8 8.094
0.6859 16.0062 18824.7 8.0905
0.6860 16.0108 18832.1 8.1033
0.6861 16.0157 18852.7 8.1025
0.6862 16.0209 18879.8 8.1318
0.6863 16.0257 18900.6 8.1411
0.6864 16.0296 18932 8.154
0.6865 16.0336 18960 8.1797
0.6866 16.0385 18977.1 8.1818
0.6867 16.0417 18975.5 8.1852
0.6868 16.0455 19007.8 8.1922
0.6869 16.0497 19024.8 8.2075
0.6870 16.053 19072 8.2279
0.6871 16.0568 19099.2 8.2517
0.6872 16.0614 19119.2 8.2452
0.6873 16.0649 19150.3 8.2591
0.6874 16.0685 19171.5 8.2762
0.6875 16.0723 19198.5 8.2828
0.6876 16.0761 19228 8.2876
0.6877 16.08 19244.6 8.304
0.6878 16.0836 19253 8.3297
0.6879 16.0884 19275.3 8.3393
0.6880 16.0919 19333.8 8.3605
0.6881 16.0947 19398.8 8.3799
0.6882 16.0994 19401.1 8.3998
0.6883 16.1041 19432.1 8.4258
0.6884 16.1072 19471.1 8.4238
0.6885 16.1121 19481.1 8.4362
0.6886 16.1155 19523.9 8.4416
0.6887 16.1182 19568.3 8.4654
0.6888 16.1221 19586.4 8.4668
0.6889 16.1271 19624.2 8.4793
0.6890 16.1309 19662.3 8.5085
0.6891 16.1361 19688.5 8.517
0.6892 16.1396 19724.7 8.5288
0.6893 16.1438 19762.8 8.5655
0.6894 16.147 19780 8.5702
0.6895 16.1507 19813.6 8.5777
0.6896 16.1546 19844.6 8.6069
0.6897 16.159 19883.9 8.6218
0.6898 16.1629 19921 8.6494
0.6899 16.1659 19938.3 8.646
0.6900 16.1698 19940.7 8.6454
0.6901 16.1739 20014.3 8.6855
0.6902 16.1773 20065.6 8.7243
0.6903 16.181 20061.7 8.7119
0.6904 16.1853 20098.7 8.7183
0.6905 16.1899 20099.1 8.7293
0.6906 16.1938 20117.6 8.7416
0.6907 16.1987 20142.1 8.7634
0.6908 16.2029 20177.2 8.7603
0.6909 16.2075 20217.2 8.7857
0.6910 16.2126 20246.4 8.7984
0.6911 16.2163 20272.4 8.8151
0.6912 16.222 20297 8.8513
0.6913 16.2267 20314.1 8.8648
0.6914 16.2316 20362.4 8.8947
0.6915 16.2342 20420.8 8.8879
0.6916 16.2376 20448 8.8916
0.6917 16.2415 20483.5 8.9124
0.6918 16.2454 20504.4 8.9236
0.6919 16.25 20524 8.9361
0.6920 16.2532 20570.5 8.9596
0.6921 16.258 20594.9 8.9656
0.6922 16.261 20633 8.9977
0.6923 16.2646 20661.3 9.0025
0.6924 16.2687 20670.3 9.008
0.6925 16.2727 20716.7 9.0283
0.6926 16.2763 20760.9 9.047
0.6927 16.2813 20812.7 9.0789
0.6928 16.285 20838 9.0778
0.6929 16.2902 20851.6 9.0962
0.6930 16.2952 20894.6 9.1248
0.6931 16.3004 20924.2 9.1296
0.6932 16.3056 20926.9 9.1381
0.6933 16.3098 20998.6 9.1534
0.6934 16.3156 21038.7 9.1764
0.6935 16.3197 21051 9.202
0.6936 16.3236 21081.3 9.2063
0.6937 16.3275 21080.5 9.2075
0.6938 16.3315 21144.8 9.2335
0.6939 16.3355 21208.7 9.26
0.6940 16.3402 21258.9 9.2903
0.6941 16.344 21271.4 9.2883
0.6942 16.3477 21286 9.3128
0.6943 16.3522 21312.3 9.3228
0.6944 16.3564 21361.9 9.361
0.6945 16.3604 21402.9 9.3742
0.6946 16.3645 21455.5 9.39
0.6947 16.3675 21474.3 9.4003
0.6948 16.3721 21495.4 9.4045
0.6949 16.3763 21550.8 9.4228
0.6950 16.3809 21560.1 9.4201
0.6951 16.3859 21600.7 9.4485
0.6952 16.3901 21662.3 9.4869
0.6953 16.3938 21692.2 9.4968
0.6954 16.3988 21731.3 9.5218
0.6955 16.4038 21779.7 9.5453
0.6956 16.4085 21806.5 9.5524
0.6957 16.4126 21831 9.5693
0.6958 16.4161 21879.5 9.593
0.6959 16.4205 21945 9.6117
0.6960 16.4251 21965.9 9.6293
0.6961 16.4299 22014 9.6558
0.6962 16.435 22046.2 9.6636
0.6963 16.4399 22091.4 9.6832
0.6964 16.4451 22138.3 9.7103
0.6965 16.4508 22160.8 9.7103
0.6966 16.4551 22206.4 9.7407
0.6967 16.4594 22228.1 9.747
0.6968 16.4626 22275.7 9.7815
0.6969 16.4672 22326.9 9.806
0.6970 16.4725 22365.2 9.823
0.6971 16.477 22382.1 9.8221
0.6972 16.4832 22379.7 9.8313
0.6973 16.4872 22441.4 9.8604
0.6974 16.4918 22479 9.9045
0.6975 16.4958 22497 9.9228
0.6976 16.5012 22513.4 9.9051
0.6977 16.5058 22573.3 9.9382
0.6978 16.5113 22607 9.9337
0.6979 16.5156 22663.6 9.9668
0.6980 16.5195 22741.4 9.9979
0.6981 16.526 22741 10.0076
0.6982 16.532 22759.4 10.0314
0.6983 16.5382 22797.5 10.0413
0.6984 16.5429 22843.6 10.0615
0.6985 16.5479 22893.4 10.0722
0.6986 16.5537 22915.5 10.0785
0.6987 16.5579 22955.8 10.1109
0.6988 16.5627 22980.7 10.1186
0.6989 16.5681 22983.5 10.1302
0.6990 16.5726 23070.8 10.1717
0.6991 16.5777 23081.9 10.1898
0.6992 16.5821 23137.9 10.2034
0.6993 16.5858 23192.4 10.2288
0.6994 16.5907 23230.7 10.2565
0.6995 16.5951 23262.1 10.2705
0.6996 16.5996 23297.5 10.2718
0.6997 16.6044 23309.6 10.284
0.6998 16.6092 23332.9 10.3024
0.6999 16.6132 23389.5 10.3396
0.7000 16.6171 23415.5 10.3408
0.7001 16.6218 23469.5 10.357
0.7002 16.627 23551.5 10.4067
0.7003 16.6315 23575.2 10.4226
0.7004 16.6371 23597.8 10.4561
0.7005 16.6429 23620.2 10.4505
0.7006 16.6478 23664.3 10.4578
0.7007 16.6531 23712 10.4864
0.7008 16.6575 23768.7 10.5079
0.7009 16.6623 23808.4 10.5164
0.7010 16.6666 23847.1 10.551
0.7011 16.6717 23881.6 10.5577
0.7012 16.6771 23905.6 10.5901
0.7013 16.683 23926.3 10.5813
0.7014 16.6879 23963.1 10.6086
0.7015 16.6928 24004 10.6161
0.7016 16.6986 24049.7 10.6504
0.7017 16.7031 24031.2 10.6324
0.7018 16.708 24085.7 10.6822
0.7019 16.7136 24091.7 10.6717
0.7020 16.7187 24162.5 10.6998
0.7021 16.7238 24172.6 10.7114
0.7022 16.7286 24253.8 10.7568
0.7023 16.7332 24290.2 10.7631
0.7024 16.7386 24295.8 10.7599
0.7025 16.7445 24370.5 10.8031
0.7026 16.7475 24396.4 10.8225
0.7027 16.7534 24416.7 10.8297
0.7028 16.7583 24451.6 10.8414
0.7029 16.7639 24483.7 10.8687
0.7030 16.7694 24516.1 10.8761
0.7031 16.7749 24512.6 10.8857
0.7032 16.781 24559 10.8944
0.7033 16.7855 24596.2 10.942
0.7034 16.7911 24649.3 10.9372
0.7035 16.7962 24678.4 10.9675
0.7036 16.8017 24724 10.9856
0.7037 16.8067 24756.4 11.006
0.7038 16.8127 24755.2 11.0075
0.7039 16.8175 24807.5 11.019
0.7040 16.8222 24876.7 11.0531
0.7041 16.826 24910.1 11.065
0.7042 16.8304 24932.7 11.064
0.7043 16.8366 24928.8 11.0892
0.7044 16.8406 24981.8 11.1216
0.7045 16.8457 25002.1 11.1226
0.7046 16.8514 25069.1 11.1501
0.7047 16.856 25088.8 11.1622
0.7048 16.8607 25154.8 11.1948
0.7049 16.8662 25177.3 11.2085
0.7050 16.8725 25192 11.2114
0.7051 16.8784 25221 11.2379
0.7052 16.8843 25217.9 11.2392
0.7053 16.8903 25235.7 11.2609
0.7054 16.8939 25309.9 11.2777
0.7055 16.899 25348.7 11.3205
0.7056 16.9047 25355.1 11.3234
0.7057 16.9096 25420.2 11.3496
0.7058 16.9139 25464.3 11.3523
0.7059 16.9181 25507.2 11.4001
0.7060 16.9231 25540.8 11.3961
0.7061 16.9287 25579.1 11.4297
0.7062 16.9328 25586.5 11.4449
0.7063 16.9372 25610 11.4344
0.7064 16.943 25631.3 11.4502
0.7065 16.9481 25700.2 11.4919
0.7066 16.9524 25693.5 11.5038
0.7067 16.9575 25728.6 11.5061
0.7068 16.9625 25818.2 11.5432
0.7069 16.9668 25881.9 11.5592
0.7070 16.9714 25917.2 11.5804
0.7071 16.9759 25936.6 11.596
0.7072 16.9811 25968.7 11.6164
0.7073 16.985 26008.9 11.6425
0.7074 16.9904 26026.9 11.6598
0.7075 16.9945 26068.7 11.6892
0.7076 16.9987 26106.7 11.6997
0.7077 17.0036 26092.7 11.6935
0.7078 17.0073 26186.3 11.7546
0.7079 17.0115 26241.3 11.7699
0.7080 17.0154 26291.2 11.805
0.7081 17.0213 26315.3 11.8082
0.7082 17.0256 26383 11.8398
0.7083 17.0288 26461.7 11.8815
0.7084 17.0332 26494.2 11.8901
0.7085 17.038 26542 11.9191
0.7086 17.0429 26526.4 11.9126
0.7087 17.0468 26566.8 11.9276
0.7088 17.0502 26627.4 11.9607
0.7089 17.054 26677.1 11.9741
0.7090 17.0587 26693.6 11.9891
0.7091 17.0646 26730.9 11.9984
0.7092 17.069 26791.4 12.0325
0.7093 17.074 26838.4 12.0737
0.7094 17.0793 26869.7 12.0782
0.7095 17.0835 26899.7 12.0968
0.7096 17.0903 26944.5 12.1195
0.7097 17.095 27019.5 12.147
0.7098 17.1005 27062.8 12.1619
0.7099 17.1059 27069.9 12.1763
0.7100 17.1121 27121 12.1977
0.7101 17.1177 27157 12.2346
0.7102 17.1218 27156.2 12.2203
0.7103 17.1267 27178 12.2443
0.7104 17.1314 27249.8 12.2771
0.7105 17.1367 27331.6 12.2998
0.7106 17.1414 27374.3 12.3363
0.7107 17.1455 27386.3 12.349
0.7108 17.1503 27403 12.3358
0.7109 17.1555 27455.8 12.3889
0.7110 17.16 27479.4 12.3926
0.7111 17.1633 27524.6 12.4315
0.7112 17.1681 27584.6 12.4393
0.7113 17.172 27653.6 12.479
0.7114 17.1761 27674.6 12.5022
0.7115 17.1822 27707.3 12.4987
0.7116 17.1866 27715.8 12.5103
0.7117 17.191 27731.1 12.5254
0.7118 17.1967 27774.8 12.5791
0.7119 17.2005 27845.7 12.5739
0.7120 17.205 27895.9 12.6187
0.7121 17.2093 27957.7 12.6552
0.7122 17.2144 28007.6 12.6632
0.7123 17.2191 28027.6 12.6851
0.7124 17.2238 28080.1 12.6944
0.7125 17.2282 28103.7 12.7404
0.7126 17.2338 28146.7 12.7402
0.7127 17.2385 28214.6 12.7839
0.7128 17.2425 28264.3 12.7981
0.7129 17.2467 28288.2 12.7994
0.7130 17.2515 28387.7 12.8463
0.7131 17.2558 28440.6 12.8783
0.7132 17.2612 28453 12.8857
0.7133 17.2663 28540.9 12.9321
0.7134 17.2717 28538.8 12.9227
0.7135 17.2763 28610.9 12.9762
0.7136 17.2811 28657.2 12.9924
0.7137 17.2862 28680.7 12.9875
0.7138 17.2909 28706.9 13.0202
0.7139 17.2956 28772.2 13.0369
0.7140 17.3009 28819.4 13.0713
0.7141 17.3059 28860.1 13.1057
0.7142 17.3106 28881.2 13.0963
0.7143 17.3153 28956.7 13.1337
0.7144 17.3196 28985 13.1448
0.7145 17.3249 29057.4 13.1949
0.7146 17.3296 29070.3 13.2114
0.7147 17.3338 29162 13.2435
0.7148 17.3377 29172 13.2503
0.7149 17.3426 29230.3 13.2877
0.7150 17.3472 29292.3 13.3126
0.7151 17.3519 29351.6 13.3437
0.7152 17.3555 29387.6 13.3747
0.7153 17.3608 29442.5 13.3963
0.7154 17.3654 29508.9 13.4266
0.7155 17.3707 29546.8 13.4428
0.7156 17.3772 29566 13.4521
0.7157 17.3817 29706.3 13.5083
0.7158 17.3873 29740.5 13.5231
0.7159 17.391 29811.1 13.556
0.7160 17.396 29814.3 13.5853
0.7161 17.4015 29894.3 13.5917
0.7162 17.4059 29947 13.6462
0.7163 17.412 30023 13.6582
0.7164 17.4178 30053.4 13.6936
0.7165 17.4229 30079 13.6979
0.7166 17.4276 30158.3 13.7317
0.7167 17.4327 30167.9 13.7567
0.7168 17.4385 30190.2 13.7647
0.7169 17.4435 30224 13.7753
0.7170 17.4484 30245.5 13.7788
0.7171 17.4535 30336.1 13.8395
0.7172 17.4589 30382.8 13.8748
0.7173 17.4638 30481.1 13.9232
0.7174 17.4689 30521.4 13.9319
0.7175 17.4737 30620.1 13.9564
0.7176 17.4789 30675.2 13.9999
0.7177 17.4846 30698 14.0047
0.7178 17.4891 30734.1 14.065
0.7179 17.4963 30774.4 14.0567
0.7180 17.5026 30832.2 14.1013
0.7181 17.5074 30890.7 14.1155
0.7182 17.5128 30978.4 14.1532
0.7183 17.5192 31014.6 14.1893
0.7184 17.5261 31071.1 14.2035
0.7185 17.53 31104.8 14.2398
0.7186 17.5358 31130.1 14.256
0.7187 17.5417 31153.2 14.2687
0.7188 17.547 31188.6 14.2637
0.7189 17.5527 31272.5 14.3088
0.7190 17.5583 31329.5 14.3646
0.7191 17.5645 31410.9 14.3899
0.7192 17.5693 31498.8 14.4122
0.7193 17.5741 31505.4 14.4372
0.7194 17.5787 31514.3 14.4498
0.7195 17.583 31588.5 14.4875
0.7196 17.5887 31626.5 14.5102
0.7197 17.5931 31680.2 14.5321
0.7198 17.5988 31720.2 14.5448
0.7199 17.6032 31791.4 14.5856
0.7200 17.6091 31869.6 14.6465
0.7201 17.6146 31892.4 14.639
0.7202 17.6199 31983.6 14.69
0.7203 17.6253 32000.8 14.6783
0.7204 17.6299 32083.6 14.7076
0.7205 17.6353 32161.3 14.7588
0.7206 17.6405 32184.2 14.7762
0.7207 17.646 32238.1 14.8049
0.7208 17.6509 32363.8 14.86
0.7209 17.6568 32395.9 14.8681
0.7210 17.6633 32420.8 14.8796
0.7211 17.6696 32440.7 14.9183
0.7212 17.6748 32481.1 14.9219
0.7213 17.6808 32531.8 14.9541
0.7214 17.687 32562.7 14.992
0.7215 17.6929 32607.5 15.0045
0.7216 17.6986 32634.5 15.0224
0.7217 17.7044 32705.8 15.0709
0.7218 17.7112 32712.8 15.0612
0.7219 17.7159 32780.6 15.1011
0.7220 17.7222 32815.6 15.0995
0.7221 17.7282 32859.5 15.1474
0.7222 17.7345 32897.5 15.1614
0.7223 17.7393 32970 15.2048
0.7224 17.7444 33048.3 15.2265
0.7225 17.7506 33095.6 15.2541
0.7226 17.7566 33165.8 15.3043
0.7227 17.7616 33171.6 15.3149
0.7228 17.7669 33236.8 15.3201
0.7229 17.7722 33249.9 15.3559
0.7230 17.7773 33304.3 15.3868
0.7231 17.7831 33332 15.3989
0.7232 17.7869 33385.2 15.419
0.7233 17.7928 33474.5 15.4637
0.7234 17.7975 33526.7 15.4863
0.7235 17.8024 33576.9 15.5141
0.7236 17.8081 33643 15.5519
0.7237 17.815 33661.9 15.5384
0.7238 17.8196 33721.6 15.5996
0.7239 17.8261 33736.4 15.584
0.7240 17.8309 33782.5 15.6027
0.7241 17.8376 33838 15.6427
0.7242 17.843 33911.7 15.6917
0.7243 17.8483 33966 15.7361
0.7244 17.8547 34029.5 15.7417
0.7245 17.8601 34111 15.7985
0.7246 17.8658 34125.9 15.8172
0.7247 17.8719 34188.4 15.8077
0.7248 17.8768 34243.3 15.8586
0.7249 17.8817 34302.9 15.8946
0.7250 17.8864 34341.9 15.9081
0.7251 17.8924 34347.9 15.908
0.7252 17.8986 34456.7 15.9731
0.7253 17.9043 34541.5 16.0027
0.7254 17.911 34548.1 15.9983
0.7255 17.9161 34614.3 16.0342
0.7256 17.9216 34716.5 16.1013
0.7257 17.9271 34758.2 16.1067
0.7258 17.9325 34795.2 16.1241
0.7259 17.9364 34847.9 16.1561
0.7260 17.9416 34943.5 16.2142
0.7261 17.9468 34991.4 16.2232
0.7262 17.9522 35036.2 16.2738
0.7263 17.9569 35149.4 16.3053
0.7264 17.9623 35214.6 16.3476
0.7265 17.9678 35189.7 16.337
0.7266 17.9741 35243.5 16.3679
0.7267 17.9785 35257.4 16.3801
0.7268 17.9839 35283.6 16.4209
0.7269 17.9896 35354.1 16.4364
0.7270 17.9943 35387.4 16.4621
0.7271 17.9997 35445 16.496
0.7272 18.0048 35450 16.5141
0.7273 18.0112 35472.5 16.5222
0.7274 18.0168 35504.3 16.5495
0.7275 18.023 35592.7 16.6106
0.7276 18.0276 35615.9 16.6061
0.7277 18.0338 35663.8 16.6467
0.7278 18.0397 35694.1 16.6699
0.7279 18.0445 35782.5 16.6759
0.7280 18.049 35878.4 16.7308
0.7281 18.0545 35952.6 16.7611
0.7282 18.0607 35982.9 16.7745
0.7283 18.0667 35997 16.8011
0.7284 18.0714 36049 16.8234
0.7285 18.0763 36096.5 16.855
0.7286 18.0822 36141.6 16.8709
0.7287 18.0879 36236.7 16.932
0.7288 18.094 36276.2 16.9429
0.7289 18.1002 36307.5 16.9696
0.7290 18.1061 36285.4 16.9596
0.7291 18.1115 36375 17.0222
0.7292 18.1171 36444.6 17.0526
0.7293 18.1216 36527.1 17.076
0.7294 18.1271 36529.9 17.0809
0.7295 18.1322 36593.4 17.1248
0.7296 18.1379 36721.4 17.1664
0.7297 18.1423 36779.9 17.2115
0.7298 18.1466 36889.9 17.2623
0.7299 18.1536 36953.4 17.2682
0.7300 18.16 37000.1 17.3046
0.7301 18.1658 37065.6 17.3506
0.7302 18.1702 37114.6 17.395
0.7303 18.1758 37155.6 17.4089
0.7304 18.1824 37239.3 17.4329
0.7305 18.1883 37250 17.4668
0.7306 18.1933 37264.1 17.4417
0.7307 18.1983 37301.4 17.4816
0.7308 18.2042 37402.3 17.5438
0.7309 18.2113 37383.1 17.5392
0.7310 18.2166 37463.6 17.5759
0.7311 18.221 37592.1 17.6202
0.7312 18.2277 37627.8 17.6547
0.7313 18.2317 37718.5 17.7193
0.7314 18.2373 37789.1 17.7172
0.7315 18.2421 37820.9 17.7459
0.7316 18.2477 37878.1 17.7737
0.7317 18.2524 38018 17.8289
0.7318 18.2568 38134.8 17.8929
0.7319 18.2608 38212.1 17.9424
0.7320 18.2658 38169.1 17.9244
0.7321 18.272 38241.5 17.9945
0.7322 18.2776 38344.3 18.0177
0.7323 18.2822 38397.1 18.0503
0.7324 18.2869 38507.4 18.1039
0.7325 18.2923 38528.6 18.1305
0.7326 18.2979 38555.5 18.1426
0.7327 18.3026 38642.7 18.1758
0.7328 18.3078 38723.1 18.2055
0.7329 18.3122 38832.8 18.2714
0.7330 18.3174 38870.2 18.2936
0.7331 18.3244 38838.1 18.2838
0.7332 18.3303 38939.3 18.3244
0.7333 18.3362 39063.2 18.3973
0.7334 18.3412 39080.5 18.4132
0.7335 18.3467 39122.4 18.4615
0.7336 18.352 39177.8 18.4654
0.7337 18.3568 39300.6 18.5016
0.7338 18.3618 39324.5 18.5611
0.7339 18.3686 39371.7 18.559
0.7340 18.3747 39450.7 18.6033
0.7341 18.3802 39534 18.6389
0.7342 18.385 39555.8 18.6642
0.7343 18.3896 39535.7 18.64
0.7344 18.3957 39615.3 18.7033
0.7345 18.4004 39724.3 18.7633
0.7346 18.4046 39824.1 18.7873
0.7347 18.4108 39884.6 18.8335
0.7348 18.4148 40028.7 18.903
0.7349 18.4216 40089.4 18.9305
0.7350 18.4277 40124.9 18.9555
0.7351 18.4335 40290.4 19.0412
0.7352 18.4384 40385.2 19.0981
0.7353 18.4437 40479.1 19.1275
0.7354 18.4486 40514.9 19.1494
0.7355 18.4536 40594.5 19.1871
0.7356 18.4602 40668.7 19.2291
0.7357 18.4666 40685.7 19.2395
0.7358 18.4714 40758.5 19.2635
0.7359 18.4764 40845.7 19.3243
0.7360 18.4824 40882.7 19.3566
0.7361 18.4881 40968.4 19.374
0.7362 18.4945 41049.7 19.4186
0.7363 18.4998 41070.7 19.4338
0.7364 18.5059 41098.1 19.4608
0.7365 18.5128 41223.5 19.5092
0.7366 18.5189 41312.5 19.5538
0.7367 18.5245 41277.1 19.5488
0.7368 18.5286 41373.5 19.6074
0.7369 18.5351 41485.5 19.6507
0.7370 18.5414 41544.4 19.7032
0.7371 18.5472 41688.4 19.7599
0.7372 18.5534 41703.1 19.78
0.7373 18.5591 41786.3 19.8302
0.7374 18.5648 41796 19.8296
0.7375 18.5709 41909.8 19.9094
0.7376 18.5767 41960.7 19.9434
0.7377 18.5822 41997.5 19.9494
0.7378 18.5891 42070.3 19.9787
0.7379 18.5942 42110.7 20.0205
0.7380 18.6 42205.2 20.0697
0.7381 18.6062 42257.6 20.1014
0.7382 18.6128 42382.3 20.1661
0.7383 18.6181 42404.7 20.1662
0.7384 18.6244 42491.3 20.2086
0.7385 18.6309 42557.4 20.2606
0.7386 18.6364 42600.6 20.259
0.7387 18.642 42640.1 20.2711
0.7388 18.6479 42758 20.3459
0.7389 18.6542 42849.1 20.4
0.7390 18.6607 42884.9 20.4043
0.7391 18.6662 43033.4 20.4972
0.7392 18.672 43122.7 20.5261
0.7393 18.678 43139.7 20.5353
0.7394 18.6845 43131.5 20.5581
0.7395 18.6903 43223.2 20.5844
0.7396 18.6969 43294.3 20.6413
0.7397 18.7036 43346.7 20.6441
0.7398 18.7091 43506.9 20.7164
0.7399 18.7151 43628.6 20.7939
0.7400 18.721 43668.4 20.7918
0.7401 18.7268 43752.7 20.8321
0.7402 18.733 43869.7 20.9264
0.7403 18.7398 43965.4 20.9781
0.7404 18.7467 43869 20.9236
0.7405 18.7527 43964.5 20.9748
0.7406 18.7593 44032.5 21.0211
0.7407 18.7663 44108.7 21.0606
0.7408 18.7726 44203.5 21.105
0.7409 18.7777 44234.7 21.1308
0.7410 18.7828 44292.2 21.1521
0.7411 18.7895 44364.1 21.2054
0.7412 18.7964 44376.8 21.2135
0.7413 18.8028 44505.1 21.2887
0.7414 18.8089 44559.2 21.3153
0.7415 18.8156 44648.7 21.3724
0.7416 18.8213 44719.5 21.3645
0.7417 18.8258 44787.6 21.4171
0.7418 18.8313 44873.4 21.4648
0.7419 18.8368 44949.8 21.4966
0.7420 18.8427 45040.5 21.5668
0.7421 18.8486 45146.3 21.621
0.7422 18.8556 45205.3 21.6501
0.7423 18.8616 45344.1 21.7368
0.7424 18.8684 45385.8 21.7538
0.7425 18.8736 45443.6 21.7829
0.7426 18.8794 45513.6 21.7937
0.7427 18.8858 45639.8 21.8845
0.7428 18.8921 45652.3 21.9103
0.7429 18.8966 45665.8 21.8933
0.7430 18.9019 45781.8 21.9671
0.7431 18.9077 45900.3 21.9959
0.7432 18.9122 45934.8 22.0673
0.7433 18.9169 46026.4 22.0895
0.7434 18.922 46085.4 22.1255
0.7435 18.9276 46188.4 22.1642
0.7436 18.9338 46263.5 22.2066
0.7437 18.9393 46386.9 22.2727
0.7438 18.9443 46416.4 22.2859
0.7439 18.9491 46505.1 22.3542
0.7440 18.9549 46546.6 22.3829
0.7441 18.9612 46599.4 22.4243
0.7442 18.9678 46703.1 22.476
0.7443 18.9732 46730.7 22.4836
0.7444 18.9792 46769.8 22.5104
0.7445 18.9851 46874 22.5556
0.7446 18.9914 46921.6 22.5842
0.7447 18.9966 47036.2 22.6449
0.7448 19.0027 47139.2 22.7012
0.7449 19.0098 47241.7 22.7322
0.7450 19.0168 47358.1 22.7997
0.7451 19.0238 47350.5 22.8235
0.7452 19.0312 47502.5 22.8942
0.7453 19.0359 47530.5 22.8936
0.7454 19.0426 47568.1 22.9281
0.7455 19.0491 47625.8 22.9607
0.7456 19.0549 47707.5 23.022
0.7457 19.0607 47824.5 23.0627
0.7458 19.0661 47893.6 23.1008
0.7459 19.071 47990.4 23.1653
0.7460 19.0766 48069.4 23.1803
0.7461 19.0825 48111.7 23.2379
0.7462 19.0888 48118.7 23.2225
0.7463 19.0935 48283 23.3024
0.7464 19.0994 48323.7 23.3335
0.7465 19.1056 48340.4 23.3603
0.7466 19.1125 48385.7 23.4197
0.7467 19.1186 48537.9 23.4753
0.7468 19.1249 48607.5 23.5236
0.7469 19.1313 48715.5 23.5561
0.7470 19.1359 48794 23.5869
0.7471 19.1418 48891.3 23.6696
0.7472 19.1478 49028.8 23.7495
0.7473 19.1533 49009.9 23.7345
0.7474 19.1591 49019.8 23.7412
0.7475 19.1647 49104.9 23.7741
0.7476 19.1716 49163.5 23.8301
0.7477 19.1786 49266.5 23.8658
0.7478 19.1842 49326.8 23.9126
0.7479 19.1901 49391.6 23.9399
0.7480 19.1954 49492.7 24.0123
0.7481 19.201 49561.9 24.0349
0.7482 19.2068 49684.3 24.0958
0.7483 19.2121 49820.4 24.1793
0.7484 19.2183 49893.8 24.2061
0.7485 19.2234 50049.9 24.2952
0.7486 19.2285 50139.5 24.335
0.7487 19.2351 50171.9 24.3721
0.7488 19.2416 50222.4 24.406
0.7489 19.2457 50307.1 24.4419
0.7490 19.2519 50303.7 24.4669
0.7491 19.2569 50438.9 24.5358
0.7492 19.2629 50609.9 24.6215
0.7493 19.2694 50680.5 24.6312
0.7494 19.2746 50821 24.6998
0.7495 19.2805 50884.7 24.7509
0.7496 19.2869 50917 24.761
0.7497 19.293 51005.6 24.8325
0.7498 19.2989 51144 24.9134
0.7499 19.3057 51202.7 24.9195
0.7500 19.3119 51385.4 24.9948
0.7501 19.3176 51466.1 25.048
0.7502 19.3245 51518.4 25.0767
0.7503 19.3313 51595 25.1295
0.7504 19.3382 51678.3 25.1565
0.7505 19.3438 51727.1 25.1741
0.7506 19.349 51801.5 25.2447
0.7507 19.3562 51907.5 25.3328
0.7508 19.3628 52018.6 25.3727
0.7509 19.3696 52087.7 25.3774
0.7510 19.3766 52202.5 25.4474
0.7511 19.3833 52221.6 25.4943
0.7512 19.3883 52375.5 25.5263
0.7513 19.3928 52507.2 25.6229
0.7514 19.3983 52635.1 25.6692
0.7515 19.404 52752.7 25.7661
0.7516 19.4099 52819 25.761
0.7517 19.4163 52888.2 25.8345
0.7518 19.4222 52969.8 25.8813
0.7519 19.4284 53013.9 25.899
0.7520 19.4341 53081.3 25.9495
0.7521 19.4396 53292.8 26.0487
0.7522 19.4451 53378.3 26.0981
0.7523 19.4523 53428.8 26.1239
0.7524 19.4585 53536.1 26.1742
0.7525 19.4655 53592.4 26.223
0.7526 19.472 53686.5 26.2756
0.7527 19.4781 53826.5 26.3417
0.7528 19.4833 53914.3 26.3622
0.7529 19.4888 54033.3 26.4443
0.7530 19.495 54127.1 26.4892
0.7531 19.5011 54195.9 26.5326
0.7532 19.5071 54315.1 26.5761
0.7533 19.5137 54405.7 26.6465
0.7534 19.5212 54457.8 26.7156
0.7535 19.5275 54581.7 26.7312
0.7536 19.5343 54670 26.7853
0.7537 19.5399 54699.7 26.817
0.7538 19.5462 54812.7 26.89
0.7539 19.5523 54934.5 26.9331
0.7540 19.5585 55027.1 26.962
0.7541 19.5658 55157 27.0485
0.7542 19.5726 55243 27.1043
0.7543 19.579 55347.3 27.174
0.7544 19.586 55422.6 27.2023
0.7545 19.5928 55580.4 27.2681
0.7546 19.6005 55598.4 27.3014
0.7547 19.6065 55685.2 27.3502
0.7548 19.6133 55856.5 27.4094
0.7549 19.621 55875 27.4669
0.7550 19.6263 56068.7 27.5666
0.7551 19.6352 56208.3 27.6146
0.7552 19.6408 56351.4 27.681
0.7553 19.6469 56494.6 27.7589
0.7554 19.6542 56613.6 27.8598
0.7555 19.6619 56577.6 27.8426
0.7556 19.6681 56645.5 27.8542
0.7557 19.6747 56813.3 27.924
0.7558 19.6818 56809.5 27.9812
0.7559 19.6875 56828.8 27.9902
0.7560 19.693 56949.5 28.031
0.7561 19.7001 57031.3 28.0971
0.7562 19.7074 57160.5 28.1728
0.7563 19.7142 57177.5 28.2068
0.7564 19.7217 57319.9 28.2501
0.7565 19.7279 57382.9 28.2693
0.7566 19.735 57457 28.3245
0.7567 19.7409 57691.6 28.4745
0.7568 19.7469 57705.4 28.4258
0.7569 19.7535 57811.6 28.523
0.7570 19.76 57854.6 28.5554
0.7571 19.7679 57936.1 28.5924
0.7572 19.775 57982.4 28.6149
0.7573 19.7802 58062.6 28.6409
0.7574 19.787 58223.6 28.7359
0.7575 19.7929 58394.8 28.8397
0.7576 19.8004 58417.8 28.8769
0.7577 19.8062 58525.1 28.9125
0.7578 19.8118 58590.1 28.9798
0.7579 19.8174 58664.1 28.9906
0.7580 19.8245 58671.9 28.9992
0.7581 19.8311 58769.8 29.0732
0.7582 19.8368 58868.8 29.1433
0.7583 19.8425 59077 29.2413
0.7584 19.8492 59113.9 29.22
0.7585 19.8545 59251.7 29.3399
0.7586 19.8624 59434.6 29.4205
0.7587 19.8699 59465.2 29.4925
0.7588 19.8763 59561 29.5085
0.7589 19.8825 59732.2 29.5873
0.7590 19.8897 59761.3 29.6343
0.7591 19.8966 59913.7 29.6807
0.7592 19.9025 60084.8 29.8079
0.7593 19.9077 60246.2 29.8542
0.7594 19.9132 60283.8 29.9021
0.7595 19.9197 60443.7 29.9987
0.7596 19.9261 60533.8 30.0311
0.7597 19.932 60682.6 30.0873
0.7598 19.9389 60673.3 30.1102
0.7599 19.9444 60845.2 30.1995
0.7600 19.9518 60915.1 30.2694
0.7601 19.9583 60948 30.2536
0.7602 19.9659 61005.1 30.2706
0.7603 19.9716 61183.7 30.3874
0.7604 19.9778 61238 30.4395
0.7605 19.9852 61289.4 30.4457
0.7606 19.9913 61324.1 30.5276
0.7607 19.998 61495.9 30.6084
0.7608 20.0056 61761.1 30.7059
0.7609 20.0137 61776.7 30.7265
0.7610 20.0205 61888.2 30.8042
0.7611 20.0264 62031.9 30.887
0.7612 20.0336 62070.5 30.8851
0.7613 20.041 62125.7 30.9411
0.7614 20.0491 62088.4 30.9315
0.7615 20.0555 62143.5 30.9483
0.7616 20.0609 62308 31.0611
0.7617 20.0673 62428.8 31.154
0.7618 20.0721 62571.2 31.2104
0.7619 20.0782 62756.8 31.2729
0.7620 20.0846 62831.9 31.31
0.7621 20.0901 62972.8 31.4469
0.7622 20.0975 63150 31.5029
0.7623 20.1034 63162.1 31.5251
0.7624 20.1108 63237.7 31.5483
0.7625 20.1178 63346.2 31.6288
0.7626 20.1238 63448.9 31.6635
0.7627 20.1324 63497.4 31.7126
0.7628 20.1382 63645.6 31.8168
0.7629 20.1427 63846.5 31.9154
0.7630 20.1492 63959.1 31.9639
0.7631 20.1548 64060.1 32.0527
0.7632 20.162 64263.8 32.1246
0.7633 20.169 64343.6 32.1687
0.7634 20.1751 64461.5 32.2397
0.7635 20.1817 64546.8 32.289
0.7636 20.1875 64556.4 32.3429
0.7637 20.1944 64682.5 32.4212
0.7638 20.1997 64752.3 32.4078
0.7639 20.2065 64872.7 32.4909
0.7640 20.2148 64910.5 32.5276
0.7641 20.2223 65023.6 32.6114
0.7642 20.2281 65215.6 32.6868
0.7643 20.2338 65346.6 32.7519
0.7644 20.2399 65565.6 32.8831
0.7645 20.2465 65653 32.9258
0.7646 20.254 65746 32.9528
0.7647 20.2598 65912.1 33.0612
0.7648 20.2666 66019 33.134
0.7649 20.2727 66068 33.1665
0.7650 20.2801 66190.3 33.2167
0.7651 20.2866 66297.4 33.2957
0.7652 20.2928 66457.7 33.3451
0.7653 20.2986 66582.9 33.4622
0.7654 20.305 66624.7 33.4995
0.7655 20.311 66754.1 33.574
0.7656 20.3199 66821.1 33.6125
0.7657 20.3265 66982 33.6767
0.7658 20.3323 67102.3 33.739
0.7659 20.3392 67203.1 33.8167
0.7660 20.3458 67425.9 33.9015
0.7661 20.3544 67508.4 33.974
0.7662 20.3602 67629.6 34.0482
0.7663 20.3662 67773.7 34.1023
0.7664 20.3725 67948 34.2014
0.7665 20.3795 68079 34.2621
0.7666 20.3885 68108.2 34.3133
0.7667 20.3956 68253.5 34.3782
0.7668 20.4033 68388.4 34.4542
0.7669 20.4106 68531.2 34.5608
0.7670 20.4168 68733.7 34.6373
0.7671 20.4232 68830.9 34.6891
0.7672 20.4303 68867 34.7093
0.7673 20.4382 68982.8 34.7991
0.7674 20.4447 69119 34.8588
0.7675 20.451 69245.8 34.9469
0.7676 20.4585 69353.9 35.0262
0.7677 20.465 69460.1 35.0905
0.7678 20.4704 69571 35.1328
0.7679 20.4775 69676 35.2139
0.7680 20.4845 69761.1 35.2328
0.7681 20.49 69860.5 35.3036
0.7682 20.4964 70020 35.4084
0.7683 20.5026 70164.6 35.459
0.7684 20.51 70371.1 35.5736
0.7685 20.5174 70496.2 35.6662
0.7686 20.5234 70615.2 35.6953
0.7687 20.5312 70661 35.7729
0.7688 20.5388 70796.1 35.8186
0.7689 20.5448 71026.3 35.976
0.7690 20.5515 71145.1 35.977
0.7691 20.5601 71287.9 36.0856
0.7692 20.5676 71382.6 36.1667
0.7693 20.575 71578.7 36.2612
0.7694 20.5829 71637.4 36.3089
0.7695 20.5902 71683.5 36.3205
0.7696 20.597 71742.2 36.3369
0.7697 20.6036 71944.6 36.4471
0.7698 20.6091 71937.5 36.4899
0.7699 20.6171 72081.7 36.5288
0.7700 20.6244 72035.4 36.5329
0.7701 20.6328 72286.2 36.7139
0.7702 20.6393 72433.7 36.7581
0.7703 20.6465 72579.8 36.8672
0.7704 20.6517 72716.4 36.932
0.7705 20.6588 72845.8 37.0305
0.7706 20.6663 73034.4 37.0974
0.7707 20.6722 73216.9 37.1785
0.7708 20.6793 73222.9 37.2212
0.7709 20.6866 73374.8 37.2736
0.7710 20.6938 73633 37.3884
0.7711 20.7006 73750.3 37.4911
0.7712 20.7079 73854.4 37.5341
0.7713 20.7139 74001.2 37.6395
0.7714 20.7218 74074.2 37.6887
0.7715 20.7294 74267.4 37.824
0.7716 20.7376 74349.2 37.8455
0.7717 20.7452 74481.9 37.91
0.7718 20.7529 74466.5 37.9379
0.7719 20.76 74577.5 37.9799
0.7720 20.7673 74756.7 38.0703
0.7721 20.7728 74882 38.1425
0.7722 20.7805 74931.6 38.2012
0.7723 20.7872 75098.8 38.2934
0.7724 20.793 75387.6 38.4063
0.7725 20.799 75519.4 38.5266
0.7726 20.8047 75791.7 38.6594
0.7727 20.8127 75896.9 38.7289
0.7728 20.8202 75998.5 38.774
0.7729 20.8277 76163 38.8589
0.7730 20.8353 76237.9 38.9073
0.7731 20.8417 76297.4 38.9723
0.7732 20.8496 76455.9 39.0435
0.7733 20.858 76496.1 39.1117
0.7734 20.8652 76789.8 39.2599
0.7735 20.8724 76803.2 39.287
0.7736 20.8787 76972.8 39.3825
0.7737 20.8859 77049.3 39.4072
0.7738 20.8941 77226.5 39.521
0.7739 20.8996 77348.8 39.573
0.7740 20.9079 77388.9 39.6117
0.7741 20.9163 77544.7 39.6614
0.7742 20.9218 77574.3 39.7143
0.7743 20.9294 77774.3 39.8343
0.7744 20.9368 77954.5 39.9689
0.7745 20.9438 77989.2 39.9579
0.7746 20.9518 78185.4 40.0588
0.7747 20.9606 78323.8 40.1614
0.7748 20.9677 78411.8 40.2234
0.7749 20.9756 78652.2 40.341
0.7750 20.9823 78755.7 40.3852
0.7751 20.9896 78917.6 40.4886
0.7752 20.9965 79031 40.5548
0.7753 21.0016 79234.6 40.6732
0.7754 21.0092 79346.3 40.7568
0.7755 21.0159 79402 40.7934
0.7756 21.0226 79531.8 40.8659
0.7757 21.0297 79614.1 40.9011
0.7758 21.037 79784.4 40.9797
0.7759 21.0445 79980.7 41.1103
0.7760 21.0533 80136.4 41.2085
0.7761 21.0597 80332.7 41.2665
0.7762 21.0668 80601.1 41.4503
0.7763 21.0742 80678.2 41.5272
0.7764 21.0824 80824.3 41.608
0.7765 21.0919 80942.3 41.6496
0.7766 21.0994 81132.5 41.7491
0.7767 21.1088 81170.4 41.7938
0.7768 21.1171 81285.6 41.8436
0.7769 21.1233 81401.8 41.9176
0.7770 21.1319 81549 41.9971
0.7771 21.1388 81677.8 42.085
0.7772 21.1456 81946.2 42.2487
0.7773 21.1525 82025 42.2501
0.7774 21.1601 82062.9 42.309
0.7775 21.1673 82150.7 42.407
0.7776 21.1739 82191.1 42.3808
0.7777 21.1816 82436.6 42.5758
0.7778 21.1885 82620.7 42.6098
0.7779 21.1948 82747.2 42.7293
0.7780 21.2027 82757.4 42.7574
0.7781 21.2102 82841.7 42.809
0.7782 21.2191 82914 42.8636
0.7783 21.2261 83122.1 42.9391
0.7784 21.2338 83216 43.0484
0.7785 21.2397 83553.4 43.1481
0.7786 21.2467 83614.1 43.2341
0.7787 21.2547 83743.6 43.2655
0.7788 21.2614 83881.9 43.3777
0.7789 21.269 84085.4 43.5116
0.7790 21.2761 84269.5 43.6362
0.7791 21.2843 84487.9 43.7694
0.7792 21.2906 84545.7 43.7653
0.7793 21.2968 84855.8 43.9183
0.7794 21.3024 85146.8 44.1118
0.7795 21.3106 85182 44.1053
0.7796 21.317 85190.1 44.1742
0.7797 21.3238 85390 44.2828
0.7798 21.3312 85449 44.3047
0.7799 21.3379 85654.9 44.4688
0.7800 21.345 85801.3 44.5215
0.7801 21.3511 86010 44.644
0.7802 21.3583 86183.2 44.7373
0.7803 21.3656 86318 44.8603
0.7804 21.3743 86502.7 44.9617
0.7805 21.3823 86680.1 45.0022
0.7806 21.3899 86873.8 45.1362
0.7807 21.3976 86939.1 45.1572
0.7808 21.4041 87015.4 45.1855
0.7809 21.4111 87084.2 45.2747
0.7810 21.4188 87247.9 45.4119
0.7811 21.426 87480.5 45.4678
0.7812 21.4333 87683.8 45.6118
0.7813 21.442 87810.7 45.6852
0.7814 21.4501 87839 45.7276
0.7815 21.4572 87987.9 45.81
0.7816 21.465 88210 45.9263
0.7817 21.4729 88171.5 45.923
0.7818 21.48 88347.7 46.056
0.7819 21.487 88602.2 46.1976
0.7820 21.4935 88737 46.2309
0.7821 21.5015 88847 46.3232
0.7822 21.5102 89015.7 46.4781
0.7823 21.5169 89184.3 46.504
0.7824 21.5253 89456.1 46.6623
0.7825 21.5324 89673.8 46.8039
0.7826 21.5405 89843.7 46.8891
0.7827 21.5465 90141.8 47.0396
0.7828 21.555 90162.1 47.1067
0.7829 21.5616 90411.7 47.2104
0.7830 21.5705 90322.9 47.1965
0.7831 21.5784 90660.7 47.3896
0.7832 21.5854 90896.2 47.4782
0.7833 21.5939 90985.3 47.5576
0.7834 21.6015 91211.8 47.675
0.7835 21.6097 91242.1 47.6968
0.7836 21.6164 91377.4 47.811
0.7837 21.623 91663.6 47.9572
0.7838 21.6311 91798.6 48.0307
0.7839 21.6392 91920.5 48.0837
0.7840 21.6467 92139.6 48.2249
0.7841 21.654 92249.1 48.3094
0.7842 21.6621 92318.2 48.3752
0.7843 21.67 92648.5 48.524
0.7844 21.6784 92841.9 48.6197
0.7845 21.687 93080.1 48.7769
0.7846 21.6958 93220.8 48.8597
0.7847 21.7033 93415.8 48.992
0.7848 21.7121 93566.7 49.0599
0.7849 21.7192 93619.1 49.1047
0.7850 21.7283 93832.2 49.1843
0.7851 21.7367 93914.1 49.3297
0.7852 21.7451 94161.7 49.4266
0.7853 21.7513 94352.6 49.5279
0.7854 21.7606 94259.4 49.5464
0.7855 21.7685 94336.9 49.5578
0.7856 21.7752 94462.9 49.6621
0.7857 21.7824 94756.7 49.8173
0.7858 21.7909 94922.9 49.8857
0.7859 21.7987 94992.9 49.9598
0.7860 21.8058 95322.8 50.119
0.7861 21.812 95539.9 50.2874
0.7862 21.8197 95732.3 50.4034
0.7863 21.8282 95838.9 50.3921
0.7864 21.8366 96047.2 50.5536
0.7865 21.8443 96171 50.6446
0.7866 21.8526 96435.7 50.772
0.7867 21.8602 96490.7 50.8124
0.7868 21.869 96488.7 50.8672
0.7869 21.8767 96687.4 50.9532
0.7870 21.8852 96929.4 51.1001
0.7871 21.8929 97274.8 51.2878
0.7872 21.9004 97421.8 51.3976
0.7873 21.9092 97627.3 51.4572
0.7874 21.9165 97828.1 51.6117
0.7875 21.9264 97832.6 51.6039
0.7876 21.9356 97831.5 51.6949
0.7877 21.9429 98078.6 51.8431
0.7878 21.952 98338.8 51.9442
0.7879 21.9585 98452 52.0257
0.7880 21.9663 98689.7 52.1318
0.7881 21.9765 98757.3 52.1851
0.7882 21.9853 98839.9 52.2347
0.7883 21.9922 99179.1 52.4653
0.7884 22.0005 99308.2 52.5155
0.7885 22.0081 99485.1 52.6453
0.7886 22.0158 99864.6 52.783
0.7887 22.0251 99954 52.8681
0.7888 22.0332 100089 52.9691
0.7889 22.0411 100293 53.1014
0.7890 22.0498 100398 53.1412
0.7891 22.0569 100664 53.3219
0.7892 22.0652 100730 53.34
0.7893 22.0735 100989 53.5275
0.7894 22.0813 101186 53.6066
0.7895 22.0892 101272 53.7343
0.7896 22.0969 101396 53.7461
0.7897 22.1062 101598 53.8916
0.7898 22.1133 101693 53.9733
0.7899 22.1205 102009 54.1537
0.7900 22.1286 102151 54.1565
0.7901 22.1368 102329 54.3244
0.7902 22.1447 102592 54.4516
0.7903 22.1529 102734 54.5638
0.7904 22.1598 102838 54.6373
0.7905 22.1684 103034 54.735
0.7906 22.1758 103340 54.8919
0.7907 22.1851 103358 54.9339
0.7908 22.1934 103536 55.0352
0.7909 22.2002 103981 55.328
0.7910 22.2085 104274 55.4465
0.7911 22.2168 104178 55.4642
0.7912 22.224 104359 55.5322
0.7913 22.2318 104628 55.7388
0.7914 22.2389 104811 55.8294
0.7915 22.2472 105200 56.0342
0.7916 22.255 105240 56.0821
0.7917 22.2633 105480 56.1705
0.7918 22.2704 105631 56.33
0.7919 22.278 105782 56.4417
0.7920 22.2843 106203 56.5861
0.7921 22.2927 106292 56.6689
0.7922 22.3007 106638 56.8685
0.7923 22.3088 106669 56.9158
0.7924 22.3172 106868 57.0418
0.7925 22.3247 107102 57.2068
0.7926 22.3331 107307 57.2716
0.7927 22.3423 107444 57.3791
0.7928 22.3495 107629 57.5258
0.7929 22.3567 107659 57.5579
0.7930 22.3662 107805 57.6588
0.7931 22.3736 108082 57.7929
0.7932 22.382 108049 57.8564
0.7933 22.3918 108046 57.8497
0.7934 22.3998 108411 58.024
0.7935 22.4068 108648 58.1729
0.7936 22.4152 108787 58.3282
0.7937 22.4229 108824 58.3635
0.7938 22.4303 109174 58.5683
0.7939 22.4381 109344 58.663
0.7940 22.4462 109668 58.819
0.7941 22.4538 109900 58.8839
0.7942 22.4617 110132 59.0643
0.7943 22.4699 110291 59.2151
0.7944 22.4782 110323 59.1198
0.7945 22.4868 110665 59.3931
0.7946 22.4954 110744 59.4554
0.7947 22.5047 110870 59.5498
0.7948 22.514 110938 59.612
0.7949 22.5236 111254 59.7629
0.7950 22.5317 111394 59.88
0.7951 22.5401 111761 60.0595
0.7952 22.5479 111890 60.1985
0.7953 22.5555 112232 60.3618
0.7954 22.5647 112518 60.4549
0.7955 22.5726 112666 60.6061
0.7956 22.5811 113006 60.8712
0.7957 22.5894 113090 60.8894
0.7958 22.5964 113244 60.9586
0.7959 22.6032 113577 61.1465
0.7960 22.6112 113676 61.2548
0.7961 22.6204 114005 61.4427
0.7962 22.6284 114162 61.6092
0.7963 22.6387 114384 61.6394
0.7964 22.6483 114529 61.797
0.7965 22.658 114472 61.7364
0.7966 22.6661 114915 62.0547
0.7967 22.6757 115351 62.2058
0.7968 22.6829 115571 62.3487
0.7969 22.6897 115890 62.5895
0.7970 22.6972 116130 62.7155
0.7971 22.7056 116214 62.8075
0.7972 22.7124 116477 62.9416
0.7973 22.7204 116695 63.0673
0.7974 22.728 117026 63.2234
0.7975 22.7364 117137 63.277
0.7976 22.7444 117209 63.3807
0.7977 22.7525 117571 63.6338
0.7978 22.7597 117549 63.6032
0.7979 22.7687 117859 63.7548
0.7980 22.7788 118025 63.913
0.7981 22.7872 118160 63.9291
0.7982 22.7967 118105 63.9239
0.7983 22.8057 118240 64.018
0.7984 22.8134 118678 64.3495
0.7985 22.8222 119115 64.5001
0.7986 22.8306 119358 64.6016
0.7987 22.839 119528 64.8362
0.7988 22.8474 119937 64.9914
0.7989 22.8555 120129 65.0736
0.7990 22.8629 120320 65.2439
0.7991 22.8712 120489 65.3404
0.7992 22.8797 120565 65.4396
0.7993 22.888 120971 65.6657
0.7994 22.897 121331 65.8715
0.7995 22.905 121512 65.9488
0.7996 22.9143 121642 66.1
0.7997 22.9217 121821 66.1759
0.7998 22.9316 121718 66.1494
0.7999 22.9397 122035 66.3196
0.8000 22.9487 122267 66.4774
0.8001 22.958 122563 66.6278
0.8002 22.9651 122743 66.8401
0.8003 22.9735 123015 66.8795
0.8004 22.9842 123060 67.063
0.8005 22.9931 123403 67.2222
0.8006 23.0028 123476 67.1935
0.8007 23.0111 123585 67.3623
0.8008 23.0208 123711 67.4629
0.8009 23.0296 124208 67.6813
0.8010 23.0379 124489 67.8402
0.8011 23.0469 124706 67.983
0.8012 23.0537 124930 68.1709
0.8013 23.0608 125138 68.2652
0.8014 23.0709 124984 68.2154
0.8015 23.0781 125045 68.3045
0.8016 23.0884 125560 68.6635
0.8017 23.0972 125941 68.8008
0.8018 23.1064 125981 68.869
0.8019 23.1157 126135 68.9527
0.8020 23.1231 126606 69.1991
0.8021 23.1321 126873 69.3698
0.8022 23.1398 127130 69.5219
0.8023 23.1477 127375 69.6661
0.8024 23.1574 127382 69.739
0.8025 23.1654 127775 69.974
0.8026 23.174 127845 70.0237
0.8027 23.1822 128208 70.2514
0.8028 23.1901 128598 70.3906
0.8029 23.1992 128982 70.6724
0.8030 23.2062 129281 70.8171
0.8031 23.2147 129659 71.0754
0.8032 23.224 129751 71.0901
0.8033 23.2317 129962 71.2429
0.8034 23.2426 130168 71.3675
0.8035 23.251 130537 71.6024
0.8036 23.2599 130705 71.6782
0.8037 23.269 130942 71.905
0.8038 23.2769 131161 72.0378
0.8039 23.2854 131479 72.1712
0.8040 23.2926 131691 72.336
0.8041 23.3004 132017 72.5268
0.8042 23.3093 131986 72.5651
0.8043 23.3182 132010 72.6412
0.8044 23.3251 132350 72.7975
0.8045 23.3338 132566 72.9449
0.8046 23.3429 132842 73.0705
0.8047 23.3513 133237 73.2519
0.8048 23.3596 133565 73.4958
0.8049 23.3672 133752 73.6582
0.8050 23.3756 134164 73.9132
0.8051 23.3842 134349 74.0335
0.8052 23.3931 134452 74.0875
0.8053 23.4026 134670 74.2979
0.8054 23.4117 135025 74.4398
0.8055 23.4223 135241 74.573
0.8056 23.431 135387 74.6736
0.8057 23.4394 135603 74.8308
0.8058 23.4475 136053 75.1601
0.8059 23.4586 136175 75.1996
0.8060 23.4667 136576 75.3519
0.8061 23.4747 136725 75.5056
0.8062 23.4826 136976 75.6254
0.8063 23.4916 136850 75.6709
0.8064 23.5014 137227 75.8253
0.8065 23.5097 137586 76.0503
0.8066 23.5205 137636 76.2068
0.8067 23.5298 138076 76.3678
0.8068 23.5385 138536 76.6128
0.8069 23.5476 138663 76.6937
0.8070 23.5569 139195 77.0722
0.8071 23.5649 139411 77.1808
0.8072 23.5733 139526 77.2259
0.8073 23.5813 139728 77.4585
0.8074 23.5929 139959 77.5436
0.8075 23.6027 140355 77.776
0.8076 23.613 140219 77.778
0.8077 23.6228 140477 77.8783
0.8078 23.6321 140969 78.1869
0.8079 23.64 141354 78.4588
0.8080 23.6494 141594 78.57
0.8081 23.6599 141551 78.599
0.8082 23.668 141803 78.7264
0.8083 23.678 142107 78.9259
0.8084 23.6873 142714 79.346
0.8085 23.6948 142557 79.2006
0.8086 23.705 142572 79.2412
0.8087 23.7153 142774 79.3857
0.8088 23.724 143060 79.5735
0.8089 23.7328 143441 79.8985
0.8090 23.7426 143338 79.8088
0.8091 23.7523 143764 80.073
0.8092 23.7619 143978 80.2374
0.8093 23.7704 144153 80.2558
0.8094 23.7801 144416 80.4029
0.8095 23.791 144537 80.5889
0.8096 23.8005 144966 80.8235
0.8097 23.8091 145088 80.9134
0.8098 23.8171 145502 81.1094
0.8099 23.8258 145776 81.4229
0.8100 23.8344 146094 81.5172
0.8101 23.8444 146431 81.7747
0.8102 23.854 146457 81.8321
0.8103 23.8618 146781 81.971
0.8104 23.8718 147068 82.095
0.8105 23.8811 147489 82.4312
0.8106 23.891 147855 82.6336
0.8107 23.9016 148202 82.8579
0.8108 23.9116 148338 82.995
0.8109 23.9213 148359 82.9503
0.8110 23.9318 148446 83.1268
0.8111 23.9397 148912 83.3507
0.8112 23.9503 149246 83.5521
0.8113 23.9591 149472 83.7248
0.8114 23.969 149798 83.9506
0.8115 23.9789 150193 84.1499
0.8116 23.9882 150474 84.3343
0.8117 23.9962 150869 84.6045
0.8118 24.0043 151034 84.6047
0.8119 24.0146 151025 84.6574
0.8120 24.024 151520 85.0122
0.8121 24.0335 151816 85.1485
0.8122 24.0426 152165 85.4249
0.8123 24.0509 152640 85.7535
0.8124 24.0603 152763 85.7671
0.8125 24.0698 152748 85.8223
0.8126 24.0785 152933 85.9635
0.8127 24.0887 153236 86.1424
0.8128 24.0971 153734 86.4028
0.8129 24.1069 153764 86.4607
0.8130 24.1159 154182 86.7135
0.8131 24.1249 154792 87.1636
0.8132 24.1335 155160 87.292
0.8133 24.1422 155687 87.6076
0.8134 24.1511 155832 87.6626
0.8135 24.1607 156015 87.802
0.8136 24.1713 156080 87.9073
0.8137 24.1792 156455 88.219
0.8138 24.1905 156625 88.2983
0.8139 24.1988 157036 88.5075
0.8140 24.2087 157410 88.7892
0.8141 24.2173 157698 88.9218
0.8142 24.2262 157941 89.0938
0.8143 24.2346 158424 89.3723
0.8144 24.2437 158551 89.5286
0.8145 24.2523 158861 89.6899
0.8146 24.2615 159309 89.9892
0.8147 24.2708 159855 90.3199
0.8148 24.2806 160067 90.4738
0.8149 24.2899 160326 90.6063
0.8150 24.2997 160252 90.6233
0.8151 24.311 160399 90.7092
0.8152 24.3215 160449 90.839
0.8153 24.3316 160840 91.0214
0.8154 24.3415 161138 91.2339
0.8155 24.3505 161266 91.2569
0.8156 24.3621 161616 91.5804
0.8157 24.3712 162048 91.7689
0.8158 24.3818 162455 92.0553
0.8159 24.3905 162943 92.3228
0.8160 24.3995 162907 92.3322
0.8161 24.4094 163307 92.5906
0.8162 24.4207 163717 92.843
0.8163 24.432 164032 93.0968
0.8164 24.4415 164103 93.1591
0.8165 24.451 164504 93.3133
0.8166 24.4606 165018 93.7926
0.8167 24.4706 165207 93.905
0.8168 24.4791 165407 93.9924
0.8169 24.4895 165519 94.0667
0.8170 24.4999 165803 94.3224
0.8171 24.5096 165904 94.3417
0.8172 24.52 166404 94.589
0.8173 24.5302 166818 94.8911
0.8174 24.5409 167044 94.9948
0.8175 24.5509 167046 95.1073
0.8176 24.5611 167744 95.4256
0.8177 24.5698 167991 95.705
0.8178 24.5796 168317 95.8786
0.8179 24.5895 168551 96.0373
0.8180 24.6006 168616 96.1359
0.8181 24.6105 168630 96.184
0.8182 24.6231 168890 96.3606
0.8183 24.6346 169483 96.6475
0.8184 24.6445 169569 96.7715
0.8185 24.6534 169790 96.8771
0.8186 24.6618 169850 97.0215
0.8187 24.6728 170050 97.2406
0.8188 24.6829 170290 97.3904
0.8189 24.6936 170481 97.5579
0.8190 24.7071 170785 97.6178
0.8191 24.7151 171164 97.9399
0.8192 24.7246 171353 98.0949
0.8193 24.7357 171566 98.287
0.8194 24.745 171719 98.3228
0.8195 24.7545 171958 98.4812
0.8196 24.7644 172267 98.6372
0.8197 24.7741 172709 98.9758
0.8198 24.7828 173330 99.2934
0.8199 24.7905 173797 99.632
0.8200 24.8008 174262 99.9071
0.8201 24.8113 174607 100.124
0.8202 24.8216 174491 100.154
0.8203 24.8314 174963 100.408
0.8204 24.842 175624 100.873
0.8205 24.8521 175815 100.942
0.8206 24.8608 176329 101.228
0.8207 24.8706 176725 101.527
0.8208 24.8788 177066 101.774
0.8209 24.8894 177559 102.045
0.8210 24.8988 177723 102.212
0.8211 24.9082 178118 102.496
0.8212 24.9189 178551 102.628
0.8213 24.9282 178921 102.912
0.8214 24.938 178983 103.057
0.8215 24.9497 179115 103.125
0.8216 24.9608 179487 103.379
0.8217 24.97 179950 103.608
0.8218 24.9802 180204 103.805
0.8219 24.9907 180577 104.006
0.8220 25.0025 180506 104.057
0.8221 25.0113 181231 104.601
0.8222 25.0218 181702 104.815
0.8223 25.032 181772 104.748
0.8224 25.0433 181467 104.773
0.8225 25.0535 181920 105.012
0.8226 25.0624 182704 105.507
0.8227 25.0729 182780 105.587
0.8228 25.0848 183005 105.773
0.8229 25.0957 183295 105.954
0.8230 25.1061 183662 106.253
0.8231 25.1161 183924 106.392
0.8232 25.1271 184065 106.472
0.8233 25.1368 184487 106.717
0.8234 25.1464 185073 107.058
0.8235 25.1566 185505 107.271
0.8236 25.1657 185751 107.644
0.8237 25.1753 186419 107.919
0.8238 25.1859 186594 108.159
0.8239 25.1964 187098 108.331
0.8240 25.2074 187344 108.515
0.8241 25.2184 187760 108.879
0.8242 25.2297 188233 109.108
0.8243 25.2401 188071 109.136
0.8244 25.2514 188050 109.137
0.8245 25.2627 188549 109.439
0.8246 25.2733 188804 109.558
0.8247 25.2833 189251 109.936
0.8248 25.2948 189571 110.18
0.8249 25.305 190166 110.541
0.8250 25.3151 190619 110.801
0.8251 25.3262 190974 110.989
0.8252 25.336 191441 111.381
0.8253 25.3468 191912 111.497
0.8254 25.358 192187 111.813
0.8255 25.3691 192168 111.852
0.8256 25.3779 192708 112.201
0.8257 25.3895 192859 112.345
0.8258 25.3991 192951 112.381
0.8259 25.4084 193385 112.766
0.8260 25.4196 194013 113.053
0.8261 25.4291 194549 113.443
0.8262 25.4394 194577 113.449
0.8263 25.4471 194966 113.72
0.8264 25.458 195220 113.902
0.8265 25.4685 195393 114.077
0.8266 25.479 195594 114.292
0.8267 25.4883 195668 114.313
0.8268 25.5001 196015 114.494
0.8269 25.5089 196712 114.996
0.8270 25.5195 196830 115.126
0.8271 25.5306 197471 115.541
0.8272 25.5409 197761 115.708
0.8273 25.5519 198390 116.032
0.8274 25.5652 198188 116.057
0.8275 25.576 199260 116.669
0.8276 25.5855 199993 117.031
0.8277 25.5945 200337 117.22
0.8278 25.6042 200852 117.622
0.8279 25.6138 200903 117.742
0.8280 25.6241 200995 117.858
0.8281 25.6348 201044 117.892
0.8282 25.6458 201246 118.078
0.8283 25.6564 201686 118.339
0.8284 25.6668 202266 118.796
0.8285 25.6777 202434 118.879
0.8286 25.6877 202900 119.203
0.8287 25.7001 203316 119.376
0.8288 25.7106 203990 119.824
0.8289 25.721 204063 119.938
0.8290 25.7313 204396 120.2
0.8291 25.7418 204739 120.446
0.8292 25.7514 205172 120.729
0.8293 25.7628 205608 121.024
0.8294 25.7727 205958 121.201
0.8295 25.7825 206399 121.543
0.8296 25.7929 206683 121.776
0.8297 25.8031 207306 122.178
0.8298 25.8147 207497 122.323
0.8299 25.8255 207989 122.593
0.8300 25.8368 208318 122.815
0.8301 25.8488 209020 123.273
0.8302 25.8608 209059 123.36
0.8303 25.8712 209082 123.516
0.8304 25.8817 209846 123.853
0.8305 25.8945 210015 123.947
0.8306 25.9042 210897 124.607
0.8307 25.9158 211280 124.854
0.8308 25.9272 211811 125.144
0.8309 25.9377 211821 125.293
0.8310 25.9503 211967 125.226
0.8311 25.9613 212341 125.623
0.8312 25.9724 212598 125.81
0.8313 25.985 212984 126.09
0.8314 25.9952 213826 126.608
0.8315 26.0075 214229 126.974
0.8316 26.0194 214458 127.032
0.8317 26.0315 214307 127.082
0.8318 26.0427 214795 127.286
0.8319 26.0529 215482 127.77
0.8320 26.0639 216130 128.197
0.8321 26.0769 216437 128.493
0.8322 26.0869 216488 128.487
0.8323 26.0965 216936 128.698
0.8324 26.1079 217106 128.872
0.8325 26.1196 217338 129.19
0.8326 26.1324 217932 129.636
0.8327 26.1455 217896 129.511
0.8328 26.156 218531 129.903
0.8329 26.1686 219083 130.265
0.8330 26.1797 219520 130.678
0.8331 26.1927 219596 130.637
0.8332 26.2027 220039 130.924
0.8333 26.2129 220830 131.539
0.8334 26.2245 221351 131.803
0.8335 26.2364 221245 131.905
0.8336 26.2466 221704 132.089
0.8337 26.2582 222215 132.457
0.8338 26.2698 222586 132.701
0.8339 26.2823 222919 133.032
0.8340 26.295 222656 132.839
0.8341 26.304 223037 133.183
0.8342 26.3143 223426 133.442
0.8343 26.3265 223887 133.696
0.8344 26.3364 224313 134.057
0.8345 26.3464 224939 134.408
0.8346 26.3581 225298 134.688
0.8347 26.3708 225733 135.018
0.8348 26.3823 225445 134.856
0.8349 26.3968 225691 135.037
0.8350 26.4079 226147 135.315
0.8351 26.4186 226961 135.859
0.8352 26.4291 227227 136.159
0.8353 26.4392 227648 136.361
0.8354 26.4511 228015 136.787
0.8355 26.4608 228440 136.981
0.8356 26.4723 228645 137.2
0.8357 26.4831 229166 137.521
0.8358 26.4943 229501 137.79
0.8359 26.5043 230343 138.254
0.8360 26.5155 230835 138.43
0.8361 26.5276 230938 138.695
0.8362 26.5403 231390 139.172
0.8363 26.5519 231834 139.404
0.8364 26.5623 231927 139.487
0.8365 26.5726 232233 139.684
0.8366 26.5842 232671 139.945
0.8367 26.5954 233162 140.339
0.8368 26.6074 233539 140.619
0.8369 26.618 234516 141.167
0.8370 26.6278 234709 141.263
0.8371 26.6399 234983 141.495
0.8372 26.6509 235245 141.805
0.8373 26.6633 235522 142.055
0.8374 26.6751 235694 142.278
0.8375 26.6873 236174 142.569
0.8376 26.6998 236914 142.956
0.8377 26.7116 237148 143.129
0.8378 26.7221 237230 143.217
0.8379 26.7345 237792 143.669
0.8380 26.7461 238074 143.905
0.8381 26.7569 238629 144.221
0.8382 26.7696 239230 144.59
0.8383 26.7814 239213 144.744
0.8384 26.7935 239228 144.745
0.8385 26.8052 239599 144.99
0.8386 26.8159 240329 145.446
0.8387 26.8255 240878 145.896
0.8388 26.838 241448 146.266
0.8389 26.8515 241267 146.194
0.8390 26.8617 242075 146.704
0.8391 26.8751 242528 147.004
0.8392 26.8849 243172 147.414
0.8393 26.8975 243498 147.666
0.8394 26.9091 243925 148.117
0.8395 26.9224 244366 148.332
0.8396 26.9345 244309 148.44
0.8397 26.9457 245065 148.871
0.8398 26.9578 245314 149.106
0.8399 26.9697 245851 149.468
0.8400 26.9808 246739 150.013
0.8401 26.9927 246970 150.33
0.8402 27.0052 247590 150.674
0.8403 27.017 248176 150.97
0.8404 27.026 248759 151.465
0.8405 27.0386 248845 151.539
0.8406 27.0505 249722 152.166
0.8407 27.06 250199 152.457
0.8408 27.0696 250704 152.757
0.8409 27.0819 251303 152.99
0.8410 27.0928 251432 153.264
0.8411 27.1047 251812 153.577
0.8412 27.1164 252367 153.947
0.8413 27.1284 252910 154.378
0.8414 27.1418 253547 154.784
0.8415 27.155 254058 155.14
0.8416 27.1665 254656 155.521
0.8417 27.1786 254725 155.497
0.8418 27.1902 255008 155.84
0.8419 27.2039 255435 156.169
0.8420 27.2159 255784 156.527
0.8421 27.2264 256502 156.908
0.8422 27.2387 257410 157.51
0.8423 27.2519 257624 157.688
0.8424 27.2634 258219 158.11
0.8425 27.2753 258575 158.298
0.8426 27.2859 259076 158.861
0.8427 27.2976 259404 158.976
0.8428 27.3096 260074 159.326
0.8429 27.3213 260545 159.645
0.8430 27.3328 260533 159.776
0.8431 27.3441 260810 160.101
0.8432 27.3548 261675 160.549
0.8433 27.3653 262361 161.07
0.8434 27.3768 263279 161.614
0.8435 27.3901 263933 162.099
0.8436 27.4037 264517 162.441
0.8437 27.4169 264521 162.565
0.8438 27.4298 264876 162.661
0.8439 27.4423 265019 163.161
0.8440 27.4548 265547 163.374
0.8441 27.4679 265984 163.78
0.8442 27.4795 266369 164.002
0.8443 27.4922 266533 164.277
0.8444 27.504 267256 164.722
0.8445 27.5173 267286 164.679
0.8446 27.5333 267621 164.993
0.8447 27.5446 268592 165.651
0.8448 27.5578 268620 165.744
0.8449 27.5696 268825 165.853
0.8450 27.5812 269206 166.163
0.8451 27.5933 269643 166.553
0.8452 27.6041 270172 166.844
0.8453 27.6148 271189 167.433
0.8454 27.6283 270838 167.453
0.8455 27.6428 271069 167.624
0.8456 27.6538 271565 168.007
0.8457 27.6651 271837 168.299
0.8458 27.6757 272422 168.692
0.8459 27.6878 272768 169.016
0.8460 27.7015 272429 168.875
0.8461 27.7137 273102 169.323
0.8462 27.7268 273707 169.707
0.8463 27.7394 274487 170.317
0.8464 27.7505 275114 170.594
0.8465 27.764 275870 171.169
0.8466 27.776 276114 171.388
0.8467 27.7882 276459 171.713
0.8468 27.8002 276718 171.974
0.8469 27.8115 277192 172.275
0.8470 27.8246 278300 173.001
0.8471 27.8382 278994 173.316
0.8472 27.8508 279620 173.82
0.8473 27.8651 279367 173.769
0.8474 27.8777 280000 174.202
0.8475 27.8871 281545 175.271
0.8476 27.8997 281801 175.531
0.8477 27.9124 282589 176.018
0.8478 27.9272 282868 176.237
0.8479 27.9407 283113 176.395
0.8480 27.9527 284276 177.155
0.8481 27.9667 284383 177.337
0.8482 27.9808 284820 177.694
0.8483 27.9935 284853 177.787
0.8484 28.0043 285683 178.258
0.8485 28.0171 286181 178.826
0.8486 28.0295 286111 178.75
0.8487 28.0423 286373 178.934
0.8488 28.0564 286789 179.258
0.8489 28.0666 287004 179.441
0.8490 28.0799 288477 180.259
0.8491 28.0924 289103 180.9
0.8492 28.105 289212 181.01
0.8493 28.1169 289526 181.262
0.8494 28.1326 289696 181.477
0.8495 28.1453 290439 181.946
0.8496 28.1575 290992 182.375
0.8497 28.1696 291630 182.839
0.8498 28.1835 292239 183.224
0.8499 28.1963 292538 183.587
0.8500 28.2112 292802 183.856
0.8501 28.2238 293265 184.13
0.8502 28.2361 293694 184.382
0.8503 28.2475 294150 184.93
0.8504 28.2615 295294 185.477
0.8505 28.2741 295148 185.584
0.8506 28.2878 295780 185.93
0.8507 28.3008 296330 186.403
0.8508 28.3133 297102 186.981
0.8509 28.3265 297659 187.337
0.8510 28.3378 298022 187.711
0.8511 28.3519 298145 187.841
0.8512 28.365 299501 188.6
0.8513 28.376 299934 189.071
0.8514 28.3876 300480 189.369
0.8515 28.3999 301361 189.942
0.8516 28.4146 301551 190.186
0.8517 28.4294 302030 190.512
0.8518 28.4413 303055 191.13
0.8519 28.4532 303012 191.353
0.8520 28.4665 303347 191.638
0.8521 28.4818 303382 191.875
0.8522 28.4976 304045 192.091
0.8523 28.5101 304196 192.27
0.8524 28.5245 305085 193.02
0.8525 28.5379 305682 193.366
0.8526 28.5477 306831 194.119
0.8527 28.5624 307097 194.359
0.8528 28.5744 307616 194.884
0.8529 28.587 308547 195.467
0.8530 28.6019 308912 195.682
0.8531 28.6142 309481 196.058
0.8532 28.6283 309663 196.292
0.8533 28.6415 310489 196.983
0.8534 28.6552 310341 196.898
0.8535 28.6691 310746 197.151
0.8536 28.6807 311138 197.614
0.8537 28.6951 311334 197.755
0.8538 28.7092 311764 198.251
0.8539 28.7229 312920 198.983
0.8540 28.7372 314032 199.732
0.8541 28.7509 314556 200.042
0.8542 28.7636 315547 200.723
0.8543 28.7777 316396 201.35
0.8544 28.7913 316621 201.483
0.8545 28.8045 316238 201.321
0.8546 28.8177 316913 201.864
0.8547 28.8307 317889 202.555
0.8548 28.8436 318353 202.831
0.8549 28.859 318634 203.193
0.8550 28.8738 318850 203.457
0.8551 28.8868 319854 204.049
0.8552 28.9005 320179 204.361
0.8553 28.9155 320734 204.708
0.8554 28.9291 320599 204.869
0.8555 28.9408 321095 205.198
0.8556 28.9564 320665 205.072
0.8557 28.9716 320946 205.143
0.8558 28.9857 321774 205.857
0.8559 28.9987 322378 206.403
0.8560 29.012 323605 207.133
0.8561 29.0252 323525 207.187
0.8562 29.037 324343 207.768
0.8563 29.0514 324211 207.738
0.8564 29.0636 325281 208.526
0.8565 29.0771 326278 209.212
0.8566 29.0924 327251 209.89
0.8567 29.1061 327691 210.101
0.8568 29.1194 327403 210.044
0.8569 29.1317 327528 210.308
0.8570 29.1439 328558 210.994
0.8571 29.1585 329221 211.562
0.8572 29.1695 330236 212.256
0.8573 29.1855 330112 212.153
0.8574 29.1978 330714 212.794
0.8575 29.212 331402 213.213
0.8576 29.2265 332468 213.831
0.8577 29.2388 332577 213.995
0.8578 29.2529 333165 214.559
0.8579 29.2684 333051 214.46
0.8580 29.2829 333356 214.905
0.8581 29.2962 334167 215.401
0.8582 29.3097 335609 216.352
0.8583 29.3248 335589 216.434
0.8584 29.3399 335903 216.788
0.8585 29.3527 337518 217.724
0.8586 29.3668 338058 218.308
0.8587 29.3811 338291 218.515
0.8588 29.3944 337751 218.276
0.8589 29.4102 337305 218.135
0.8590 29.4236 337737 218.542
0.8591 29.4354 339725 219.857
0.8592 29.4485 340557 220.454
0.8593 29.4641 340914 220.731
0.8594 29.479 342268 221.648
0.8595 29.4931 342242 221.604
0.8596 29.5072 342537 221.948
0.8597 29.5203 343319 222.542
0.8598 29.5342 344239 223.156
0.8599 29.5489 344084 223.312
0.8600 29.5653 344322 223.516
0.8601 29.5796 345113 224.037
0.8602 29.5964 345795 224.476
0.8603 29.6099 346544 225.073
0.8604 29.6227 346753 225.317
0.8605 29.6371 347445 225.783
0.8606 29.6517 347219 225.796
0.8607 29.6677 347808 226.25
0.8608 29.6836 347635 226.202
0.8609 29.7006 347327 226.191
0.8610 29.7132 348443 226.905
0.8611 29.7271 349267 227.701
0.8612 29.7405 350386 228.332
0.8613 29.7551 351129 228.912
0.8614 29.7695 351688 229.416
0.8615 29.7859 351542 229.411
0.8616 29.8005 352592 230.183
0.8617 29.8157 352514 230.142
0.8618 29.83 352893 230.699
0.8619 29.8439 353400 230.85
0.8620 29.8581 354162 231.4
0.8621 29.872 354757 232.014
0.8622 29.8863 354667 231.976
0.8623 29.9016 354924 232.283
0.8624 29.9156 356084 233.058
0.8625 29.9298 356470 233.442
0.8626 29.9431 356990 233.905
0.8627 29.9574 357440 234.248
0.8628 29.9737 357996 234.737
0.8629 29.9875 358394 235.107
0.8630 30.0031 358958 235.522
0.8631 30.0222 359523 235.915
0.8632 30.0374 360146 236.529
0.8633 30.0523 360394 236.773
0.8634 30.066 360763 236.985
0.8635 30.0814 361598 237.554
0.8636 30.0958 361916 237.875
0.8637 30.1113 363032 238.862
0.8638 30.1252 363764 239.369
0.8639 30.1387 364203 239.806
0.8640 30.1522 365326 240.588
0.8641 30.1651 365558 240.857
0.8642 30.1798 366661 241.421
0.8643 30.1968 367314 241.97
0.8644 30.2124 368306 242.752
0.8645 30.2284 368499 242.955
0.8646 30.2419 368813 243.196
0.8647 30.2579 369152 243.608
0.8648 30.2743 368765 243.565
0.8649 30.2899 369052 243.827
0.8650 30.3049 369745 244.392
0.8651 30.3193 370670 245.045
0.8652 30.335 371020 245.453
0.8653 30.3496 371092 245.396
0.8654 30.3646 372271 246.364
0.8655 30.3776 373662 247.383
0.8656 30.3937 373821 247.436
0.8657 30.409 374211 247.974
0.8658 30.4243 374012 247.776
0.8659 30.4397 374623 248.293
0.8660 30.4552 374661 248.486
0.8661 30.4705 374796 248.71
0.8662 30.4863 376217 249.698
0.8663 30.5038 377105 250.288
0.8664 30.5178 377595 250.738
0.8665 30.5312 378038 251.219
0.8666 30.5478 378803 251.629
0.8667 30.5623 379472 252.305
0.8668 30.5795 378889 251.977
0.8669 30.5947 379121 252.235
0.8670 30.6093 379867 252.943
0.8671 30.626 380606 253.39
0.8672 30.6429 381024 253.757
0.8673 30.6569 381023 254.039
0.8674 30.6721 381214 254.148
0.8675 30.6876 382284 255.068
0.8676 30.7018 383820 255.967
0.8677 30.718 384480 256.575
0.8678 30.7338 384681 256.727
0.8679 30.7492 385656 257.586
0.8680 30.7657 385450 257.43
0.8681 30.7797 386022 258.066
0.8682 30.7942 388142 259.327
0.8683 30.8104 387982 259.434
0.8684 30.8253 388535 259.854
0.8685 30.8415 388990 260.236
0.8686 30.8587 389197 260.514
0.8687 30.8766 389873 261.032
0.8688 30.8907 390911 261.658
0.8689 30.9087 391548 262.194
0.8690 30.9246 391903 262.454
0.8691 30.9394 392764 263.168
0.8692 30.9542 393619 263.565
0.8693 30.9682 393701 263.759
0.8694 30.9829 394487 264.43
0.8695 30.9978 394625 264.63
0.8696 31.013 394967 265.036
0.8697 31.0284 395286 265.328
0.8698 31.0434 396557 266.169
0.8699 31.0581 396922 266.597
0.8700 31.0745 396909 266.819
0.8701 31.0905 397234 267.074
0.8702 31.1046 398462 267.964
0.8703 31.1213 398177 267.936
0.8704 31.1368 398813 268.515
0.8705 31.1529 399202 268.991
0.8706 31.1685 399773 269.459
0.8707 31.1847 400684 270.147
0.8708 31.1997 401120 270.384
0.8709 31.2156 402146 271.134
0.8710 31.2343 402369 271.586
0.8711 31.2503 402808 271.875
0.8712 31.2645 403956 272.78
0.8713 31.2801 404723 273.38
0.8714 31.2959 406255 274.446
0.8715 31.3102 407097 275.11
0.8716 31.3274 407335 275.397
0.8717 31.3426 407918 275.97
0.8718 31.358 408180 276.162
0.8719 31.3758 409165 277.039
0.8720 31.3917 409095 277.067
0.8721 31.408 409955 277.69
0.8722 31.424 410522 278.245
0.8723 31.443 411219 278.715
0.8724 31.4582 411601 279.151
0.8725 31.4749 411901 279.571
0.8726 31.4913 412556 280.144
0.8727 31.5073 412911 280.423
0.8728 31.5249 413187 280.716
0.8729 31.5399 413370 280.964
0.8730 31.5576 414868 281.902
0.8731 31.5757 414760 282.062
0.8732 31.5915 414998 282.322
0.8733 31.6089 415227 282.61
0.8734 31.6269 416244 283.541
0.8735 31.6429 416776 283.789
0.8736 31.6578 418055 284.868
0.8737 31.6766 418627 285.572
0.8738 31.693 420150 286.394
0.8739 31.7117 419743 286.397
0.8740 31.728 420756 287.007
0.8741 31.7455 420939 287.19
0.8742 31.7632 421052 287.48
0.8743 31.7787 421455 288.091
0.8744 31.7952 422640 288.792
0.8745 31.8098 423644 289.481
0.8746 31.827 423554 289.567
0.8747 31.8435 424629 290.318
0.8748 31.8605 424921 290.75
0.8749 31.8761 426134 291.71
0.8750 31.8905 427610 292.798
0.8751 31.9077 428672 293.552
0.8752 31.9265 429448 294.111
0.8753 31.9444 429926 294.711
0.8754 31.9603 431125 295.521
0.8755 31.9762 430340 295.09
0.8756 31.9924 430939 295.833
0.8757 32.0071 431758 296.518
0.8758 32.0222 432371 296.948
0.8759 32.04 431798 296.664
0.8760 32.056 432690 297.424
0.8761 32.0721 432852 297.802
0.8762 32.0874 434201 298.801
0.8763 32.1005 435209 299.497
0.8764 32.1169 436221 300.219
0.8765 32.1324 437374 301.137
0.8766 32.1469 438610 302.12
0.8767 32.1653 437848 301.778
0.8768 32.1814 438721 302.375
0.8769 32.1991 439320 303.019
0.8770 32.2167 440066 303.653
0.8771 32.232 440658 304.174
0.8772 32.2488 441400 304.853
0.8773 32.2661 441540 304.966
0.8774 32.2845 441660 305.178
0.8775 32.3034 442134 305.711
0.8776 32.3216 443094 306.485
0.8777 32.3385 443228 306.734
0.8778 32.3569 444059 307.436
0.8779 32.3766 444297 307.823
0.8780 32.3946 444406 307.922
0.8781 32.4122 445144 308.525
0.8782 32.4295 445361 308.886
0.8783 32.4501 445229 308.968
0.8784 32.4665 445338 309.146
0.8785 32.485 445323 309.23
0.8786 32.5014 444774 309.222
0.8787 32.52 445320 309.591
0.8788 32.5391 444805 309.401
0.8789 32.5567 445532 309.996
0.8790 32.5745 446819 310.973
0.8791 32.5938 447323 311.476
0.8792 32.6112 447445 311.715
0.8793 32.6268 449310 313.024
0.8794 32.6435 450390 313.937
0.8795 32.6585 450801 314.376
0.8796 32.6762 451144 314.817
0.8797 32.6946 451083 314.759
0.8798 32.7141 451100 315.054
0.8799 32.7352 452039 315.741
0.8800 32.7538 451510 315.756
0.8801 32.7721 452662 316.445
0.8802 32.7874 453293 316.998
0.8803 32.8065 453080 317.089
0.8804 32.8251 453512 317.497
0.8805 32.842 454623 318.548
0.8806 32.8594 454699 318.629
0.8807 32.8763 456302 319.938
0.8808 32.894 456876 320.349
0.8809 32.9123 457151 320.794
0.8810 32.9273 458226 321.447
0.8811 32.9442 458682 321.907
0.8812 32.9608 459205 322.424
0.8813 32.9804 459212 322.736
0.8814 32.9971 460598 323.809
0.8815 33.0148 460905 323.893
0.8816 33.0316 461745 324.847
0.8817 33.0481 462832 325.768
0.8818 33.0667 463599 326.325
0.8819 33.0844 465036 327.502
0.8820 33.1038 465244 328.057
0.8821 33.1226 464736 327.969
0.8822 33.1396 464802 328.175
0.8823 33.1599 465094 328.602
0.8824 33.1771 465988 330.814
0.8825 33.1949 467008 330.193
0.8826 33.2148 467320 330.779
0.8827 33.2325 467453 331.276
0.8828 33.2521 467795 331.593
0.8829 33.2699 467859 331.785
0.8830 33.2861 467260 331.546
0.8831 33.3046 467793 332.033
0.8832 33.3235 468037 332.348
0.8833 33.3411 469368 333.416
0.8834 33.3591 470013 334.039
0.8835 33.3763 471098 334.992
0.8836 33.3956 471701 335.571
0.8837 33.4143 471648 335.628
0.8838 33.4336 471589 335.695
0.8839 33.4527 470956 335.472
0.8840 33.4716 472290 336.447
0.8841 33.4888 472668 336.924
0.8842 33.5077 473508 337.731
0.8843 33.5258 473589 337.999
0.8844 33.5427 474170 338.447
0.8845 33.5626 474792 339.017
0.8846 33.5782 475141 339.391
0.8847 33.5971 475695 340.034
0.8848 33.6167 475526 340.19
0.8849 33.6357 476473 340.855
0.8850 33.6546 476715 341.408
0.8851 33.6735 476960 341.653
0.8852 33.6913 477073 341.669
0.8853 33.7111 477401 342.055
0.8854 33.731 478836 343.343
0.8855 33.7491 479253 343.826
0.8856 33.7699 478781 343.424
0.8857 33.7885 480278 344.699
0.8858 33.8092 480345 344.953
0.8859 33.8277 480403 345.191
0.8860 33.8475 480610 345.458
0.8861 33.8673 480500 345.462
0.8862 33.8877 481815 346.559
0.8863 33.9078 481649 346.541
0.8864 33.9273 481297 346.562
0.8865 33.9471 481344 346.721
0.8866 33.9643 481643 347.231
0.8867 33.9825 482908 348.117
0.8868 34.0003 483488 348.669
0.8869 34.0216 483719 348.893
0.8870 34.0384 484491 349.841
0.8871 34.0595 484546 349.864
0.8872 34.0772 484560 350.159
0.8873 34.0954 485096 350.728
0.8874 34.1148 486380 351.744
0.8875 34.1336 486577 352.09
0.8876 34.1528 487171 352.629
0.8877 34.1729 486675 352.318
0.8878 34.1926 486377 352.543
0.8879 34.2125 488239 353.814
0.8880 34.2322 489095 354.453
0.8881 34.2506 489582 355.069
0.8882 34.269 490927 355.909
0.8883 34.2882 491189 356.507
0.8884 34.3084 491982 357.073
0.8885 34.3261 492747 357.992
0.8886 34.3458 492512 357.973
0.8887 34.364 492763 358.14
0.8888 34.3844 492647 358.234
0.8889 34.403 493932 359.314
0.8890 34.4235 495469 360.533
0.8891 34.4407 497258 361.974
0.8892 34.4602 497297 362.159
0.8893 34.4809 498042 362.838
0.8894 34.5008 497463 362.675
0.8895 34.5191 498874 363.837
0.8896 34.5406 497731 363.309
0.8897 34.5592 497080 362.906
0.8898 34.5804 497500 363.514
0.8899 34.5998 498347 364.198
0.8900 34.62 498891 364.644
0.8901 34.6386 498222 364.356
0.8902 34.6575 499690 365.724
0.8903 34.6766 499211 365.662
0.8904 34.6947 500981 366.874
0.8905 34.7155 500281 366.727
0.8906 34.7361 501202 367.402
0.8907 34.7555 502901 368.884
0.8908 34.7765 502867 368.988
0.8909 34.796 503945 369.837
0.8910 34.8183 503683 369.616
0.8911 34.8402 502683 369.308
0.8912 34.8598 503711 370.01
0.8913 34.8806 503933 370.466
0.8914 34.8998 504487 370.845
0.8915 34.9198 505837 372.196
0.8916 34.9399 507180 373.102
0.8917 34.9617 507496 373.96
0.8918 34.9825 506894 374.108
0.8919 34.9994 508142 375.802
0.8920 35.0219 509064 376.394
0.8921 35.0418 509004 377.088
0.8922 35.0631 508602 377.317
0.8923 35.0852 509421 378.436
0.8924 35.1059 510508 379.223
0.8925 35.1255 510633 379.843
0.8926 35.1448 510829 379.981
0.8927 35.1649 510130 380.294
0.8928 35.1867 509794 380.334
0.8929 35.2085 510244 380.563
0.8930 35.2276 509855 380.2
0.8931 35.248 510750 380.596
0.8932 35.2686 511454 381.65
0.8933 35.2888 513536 382.753
0.8934 35.3099 514166 383.483
0.8935 35.3311 514633 383.742
0.8936 35.3512 514365 383.621
0.8937 35.372 513979 383.429
0.8938 35.3936 513632 383.321
0.8939 35.4139 513981 383.777
0.8940 35.4335 514417 384.431
0.8941 35.4571 515389 385.082
0.8942 35.4779 515682 385.471
0.8943 35.4996 515186 385.481
0.8944 35.5205 515909 386.171
0.8945 35.541 515818 386.352
0.8946 35.5607 516630 386.897
0.8947 35.5829 517235 387.636
0.8948 35.6052 517411 388.01
0.8949 35.6242 517863 388.307
0.8950 35.644 517935 388.716
0.8951 35.6653 518279 389.123
0.8952 35.6836 518855 389.588
0.8953 35.7041 518586 389.918
0.8954 35.7261 519235 390.572
0.8955 35.7499 519971 391.326
0.8956 35.7716 520369 391.903
0.8957 35.7924 521351 392.893
0.8958 35.8117 521599 393.022
0.8959 35.8325 522652 393.607
0.8960 35.8563 522515 393.211
0.8961 35.882 521904 392.739
0.8962 35.9038 522075 392.892
0.8963 35.9265 521765 392.795
0.8964 35.9484 523049 393.772
0.8965 35.9683 523649 394.125
0.8966 35.9903 524100 394.557
0.8967 36.0131 525325 395.549
0.8968 36.0317 525765 395.616
0.8969 36.0533 525833 396.786
0.8970 36.0777 525397 396.197
0.8971 36.1001 525478 394.461
0.8972 36.1208 525564 394.689
0.8973 36.1409 526585 395.435
0.8974 36.1643 526135 397.029
0.8975 36.1858 526380 395.904
0.8976 36.2073 527422 396.363
0.8977 36.2299 527221 396.508
0.8978 36.2522 527073 396.492
0.8979 36.2743 527221 396.691
0.8980 36.296 527419 396.082
0.8981 36.3191 527953 395.865
0.8982 36.3398 528123 396.191
0.8983 36.3608 528740 396.738
0.8984 36.38 528199 396.762
0.8985 36.4 527933 396.767
0.8986 36.4245 527255 396.568
0.8987 36.4443 527050 396.588
0.8988 36.4669 528222 397.726
0.8989 36.4898 530034 399.143
0.8990 36.5133 529845 399.17
0.8991 36.5365 529973 399.412
0.8992 36.5574 530906 400.157
0.8993 36.5793 530905 400.378
0.8994 36.6014 531267 401.075
0.8995 36.6251 529993 400.294
0.8996 36.6468 531036 401.339
0.8997 36.6692 530298 401.027
0.8998 36.6935 528498 400.1
0.8999 36.7177 528571 400.526
0.9000 36.7422 528704 402.4
0.9001 36.7667 530860 404.49
0.9002 36.7892 531693 404.964
0.9003 36.8113 532449 405.666
0.9004 36.8324 532857 406.168
0.9005 36.8548 532830 406.392
0.9006 36.8783 532722 406.399
0.9007 36.9008 532317 406.47
0.9008 36.9234 533197 407.004
0.9009 36.9484 533139 407.406
0.9010 36.9739 532910 407.411
0.9011 36.9984 533720 408.154
0.9012 37.0224 533459 407.994
0.9013 37.0474 533624 408.35
0.9014 37.0712 534450 409.142
0.9015 37.0933 535355 410.123
0.9016 37.1187 534958 409.841
0.9017 37.1399 534680 409.86
0.9018 37.1631 533835 409.341
0.9019 37.1824 533208 409.22
0.9020 37.2064 533551 409.565
0.9021 37.2271 533867 410.022
0.9022 37.2497 532294 409.221
0.9023 37.2763 531856 408.949
0.9024 37.2994 532068 409.411
0.9025 37.3226 531522 409.249
0.9026 37.3463 532567 410.263
0.9027 37.3689 533176 410.926
0.9028 37.3919 532151 410.43
0.9029 37.4148 531733 410.197
0.9030 37.4365 533037 411.37
0.9031 37.4607 533116 411.459
0.9032 37.4848 533127 411.829
0.9033 37.509 532285 411.492
0.9034 37.5337 533305 412.406
0.9035 37.5582 533067 412.41
0.9036 37.5813 532761 412.543
0.9037 37.6046 532827 412.63
0.9038 37.6273 532871 412.899
0.9039 37.6481 533960 414.03
0.9040 37.6734 532426 413.084
0.9041 37.6973 533947 414.764
0.9042 37.7253 533545 414.557
0.9043 37.7512 533296 414.602
0.9044 37.7766 533556 415.005
0.9045 37.8018 534268 415.4
0.9046 37.8259 532886 414.996
0.9047 37.848 532968 415.222
0.9048 37.8721 533765 415.93
0.9049 37.8968 533327 415.801
0.9050 37.9205 533197 415.658
0.9051 37.9439 534311 416.738
0.9052 37.968 533632 416.446
0.9053 37.9896 535335 417.92
0.9054 38.013 535724 418.377
0.9055 38.037 536905 419.34
0.9056 38.0654 535040 418.182
0.9057 38.0922 534765 418.259
0.9058 38.117 534640 418.2
0.9059 38.141 533364 417.602
0.9060 38.1655 533357 417.948
0.9061 38.1911 532954 417.63
0.9062 38.2136 533644 418.44
0.9063 38.238 534323 419.088
0.9064 38.2625 534539 419.468
0.9065 38.2853 535390 420.255
0.9066 38.3092 536811 421.333
0.9067 38.3342 535201 423.325
0.9068 38.3587 534716 423.402
0.9069 38.3814 533945 421.813
0.9070 38.4046 535039 421.013
0.9071 38.4277 534918 421.078
0.9072 38.4527 535247 421.612
0.9073 38.4809 533559 421.08
0.9074 38.5097 531637 419.764
0.9075 38.5348 530446 419.072
0.9076 38.5599 531680 420.169
0.9077 38.5849 533248 421.228
0.9078 38.6089 533964 421.801
0.9079 38.6342 532451 420.947
0.9080 38.6621 532631 420.933
0.9081 38.6867 531673 420.286
0.9082 38.7093 533544 421.97
0.9083 38.7307 533481 422.142
0.9084 38.7568 533202 422.189
0.9085 38.7848 531916 421.495
0.9086 38.8101 532488 422.114
0.9087 38.8334 533258 422.766
0.9088 38.8619 530954 421.532
0.9089 38.8885 529949 421.783
0.9090 38.9139 530652 421.384
0.9091 38.9387 530061 421.333
0.9092 38.9642 531181 422.21
0.9093 38.9909 530655 422.056
0.9094 39.0174 531290 422.658
0.9095 39.0433 531028 422.749
0.9096 39.0701 531055 422.958
0.9097 39.0966 531315 423.223
0.9098 39.1205 531059 423.391
0.9099 39.1441 531546 423.86
0.9100 39.1707 530336 423.251
0.9101 39.1962 529341 422.539
0.9102 39.2252 529070 422.502
0.9103 39.2522 529037 422.688
0.9104 39.2805 529465 423.216
0.9105 39.3029 530004 423.719
0.9106 39.3294 529024 423.099
0.9107 39.3557 529699 423.923
0.9108 39.3821 529510 424.046
0.9109 39.4112 528727 423.805
0.9110 39.436 528762 424.038
0.9111 39.46 530288 425.296
0.9112 39.4885 529621 425.128
0.9113 39.5133 528633 424.44
0.9114 39.5409 527283 423.632
0.9115 39.5671 527567 423.994
0.9116 39.5913 526478 423.512
0.9117 39.617 527209 424.153
0.9118 39.6455 526977 424.129
0.9119 39.6728 525157 423.216
0.9120 39.697 524602 423.019
0.9121 39.7243 523062 422.084
0.9122 39.7512 523834 422.708
0.9123 39.7785 523526 422.698
0.9124 39.8045 524183 423.475
0.9125 39.8312 522940 422.666
0.9126 39.8599 523778 423.551
0.9127 39.8873 522792 423.001
0.9128 39.9129 524149 424.352
0.9129 39.9382 523640 424.131
0.9130 39.9644 522400 423.437
0.9131 39.9948 522720 423.61
0.9132 40.0209 521296 422.86
0.9133 40.0484 520121 422.203
0.9134 40.075 520393 422.732
0.9135 40.1006 519342 422.149
0.9136 40.1276 519576 422.47
0.9137 40.1589 518609 422.022
0.9138 40.1861 518985 422.424
0.9139 40.2135 520286 423.468
0.9140 40.2418 519687 423.357
0.9141 40.273 517990 422.264
0.9142 40.2995 518238 422.556
0.9143 40.3258 517624 422.301
0.9144 40.3538 517674 422.608
0.9145 40.3792 517673 422.735
0.9146 40.4053 517395 422.637
0.9147 40.431 516354 422.205
0.9148 40.4598 516703 422.476
0.9149 40.4861 515882 422.157
0.9150 40.5138 515423 421.969
0.9151 40.5411 515318 422.067
0.9152 40.5683 515567 422.38
0.9153 40.5943 515272 422.503
0.9154 40.6248 512689 420.792
0.9155 40.6549 513161 421.175
0.9156 40.6841 511889 420.579
0.9157 40.7134 513124 421.599
0.9158 40.7434 512843 421.63
0.9159 40.7726 511440 420.866
0.9160 40.8033 509578 419.469
0.9161 40.8305 509698 419.591
0.9162 40.8587 510231 420.144
0.9163 40.8866 509436 420.077
0.9164 40.9132 510547 420.966
0.9165 40.9376 510736 421.162
0.9166 40.9656 510388 421.046
0.9167 40.9927 510131 421.06
0.9168 41.0226 508479 420.311
0.9169 41.0516 508225 420.223
0.9170 41.0807 507739 420.043
0.9171 41.109 506964 419.485
0.9172 41.1419 505713 418.754
0.9173 41.1716 502863 416.797
0.9174 41.2007 503511 417.43
0.9175 41.2287 502268 416.738
0.9176 41.2577 502274 416.986
0.9177 41.2816 501575 416.638
0.9178 41.3103 501221 416.445
0.9179 41.3437 501297 416.727
0.9180 41.3722 502050 417.506
0.9181 41.3995 500808 416.839
0.9182 41.4283 501997 417.803
0.9183 41.4563 502806 418.636
0.9184 41.4864 501090 417.671
0.9185 41.5169 499735 416.691
0.9186 41.5504 498994 416.3
0.9187 41.5784 499347 416.667
0.9188 41.6074 498640 416.475
0.9189 41.6391 498415 416.254
0.9190 41.6663 497433 415.962
0.9191 41.6937 496440 415.204
0.9192 41.7219 495968 414.979
0.9193 41.7493 495785 414.86
0.9194 41.7783 495205 414.719
0.9195 41.8102 494066 414.047
0.9196 41.8391 495452 415.339
0.9197 41.8703 494353 414.754
0.9198 41.899 493059 413.812
0.9199 41.9327 492065 413.152
0.9200 41.9581 493089 414.326
0.9201 41.9931 492162 413.677
0.9202 42.0228 492505 414.147
0.9203 42.0541 492899 414.613
0.9204 42.087 491813 414.03
0.9205 42.1177 491331 413.581
0.9206 42.146 489418 412.376
0.9207 42.1755 487840 411.484
0.9208 42.2086 486785 410.636
0.9209 42.2387 487004 410.995
0.9210 42.2715 485378 410.041
0.9211 42.3043 484194 409.253
0.9212 42.3356 483070 408.45
0.9213 42.3634 482336 408.105
0.9214 42.3912 481300 407.466
0.9215 42.4219 480274 406.788
0.9216 42.4546 479855 406.805
0.9217 42.4859 478738 406.144
0.9218 42.5159 477142 404.947
0.9219 42.5461 476995 404.987
0.9220 42.5787 476390 404.845
0.9221 42.6103 475096 403.908
0.9222 42.6422 472889 402.375
0.9223 42.678 471773 401.617
0.9224 42.7106 470136 400.558
0.9225 42.743 470039 400.516
0.9226 42.7726 470160 400.773
0.9227 42.8043 470202 400.919
0.9228 42.8397 470524 401.506
0.9229 42.8673 469794 401
0.9230 42.8976 468201 400.034
0.9231 42.9277 466654 398.844
0.9232 42.9591 467060 399.51
0.9233 42.9937 464014 397.121
0.9234 43.0266 463665 397.089
0.9235 43.0576 464264 397.596
0.9236 43.0885 464440 397.981
0.9237 43.1196 464476 398.189
0.9238 43.1513 462197 396.546
0.9239 43.185 462004 396.49
0.9240 43.2141 462058 396.769
0.9241 43.248 459985 395.164
0.9242 43.282 456810 392.783
0.9243 43.3134 457519 393.603
0.9244 43.3467 455873 392.486
0.9245 43.3798 456091 395.81
0.9246 43.4116 457057 399.547
0.9247 43.4471 454695 401.457
0.9248 43.4771 454502 405.938
0.9249 43.5101 453891 408.524
0.9250 43.5456 451384 406.942
0.9251 43.5778 450620 406.419
0.9252 43.6119 449121 408.12
0.9253 43.6474 448287 409.417
0.9254 43.6762 447739 409.765
0.9255 43.706 446011 410.441
0.9256 43.739 445238 410.892
0.9257 43.7748 446160 411.58
0.9258 43.81 445341 410.746
0.9259 43.846 444354 407.328
0.9260 43.8795 443317 403.813
0.9261 43.9143 441636 399.87
0.9262 43.9464 441445 396.67
0.9263 43.977 441369 392.717
0.9264 44.0082 440590 391.404
0.9265 44.0412 440786 391.418
0.9266 44.071 441179 390.804
0.9267 44.1043 439055 387.753
0.9268 44.1388 437967 385.287
0.9269 44.1743 436056 383.129
0.9270 44.2091 435395 380.3
0.9271 44.2417 432479 377.873
0.9272 44.2746 431956 377.661
0.9273 44.3117 431789 377.49
0.9274 44.3444 431142 377.365
0.9275 44.3796 429524 376.087
0.9276 44.415 429015 375.651
0.9277 44.4479 427114 374.39
0.9278 44.4819 427077 374.375
0.9279 44.5152 425496 373.475
0.9280 44.5479 423982 372.242
0.9281 44.5804 423654 372.237
0.9282 44.6196 423009 371.651
0.9283 44.6583 422367 371.344
0.9284 44.6947 420366 369.864
0.9285 44.7302 418464 368.52
0.9286 44.767 417884 367.997
0.9287 44.8034 416986 367.396
0.9288 44.8366 415444 366.333
0.9289 44.8689 414196 365.377
0.9290 44.9026 411673 363.594
0.9291 44.9365 411050 363.092
0.9292 44.97 409741 362.385
0.9293 45.0026 410941 363.438
0.9294 45.0396 409303 362.295
0.9295 45.0736 408287 361.536
0.9296 45.11 408050 361.643
0.9297 45.1466 406683 360.485
0.9298 45.1823 406421 360.39
0.9299 45.2137 405071 359.486
0.9300 45.252 404609 359.038
0.9301 45.2868 401899 357.167
0.9302 45.3232 402141 357.395
0.9303 45.3623 401489 356.876
0.9304 45.4003 400298 356.057
0.9305 45.4339 399307 355.44
0.9306 45.473 396950 353.599
0.9307 45.5044 395930 352.832
0.9308 45.5453 394216 351.418
0.9309 45.5805 393994 351.605
0.9310 45.6209 391674 349.759
0.9311 45.6569 389961 348.386
0.9312 45.6909 388494 347.348
0.9313 45.7279 387845 347.019
0.9314 45.7656 387830 347.035
0.9315 45.7998 385190 344.895
0.9316 45.8352 383943 343.888
0.9317 45.8749 383181 343.488
0.9318 45.9111 381526 342.265
0.9319 45.9475 378998 340.347
0.9320 45.983 377498 339.227
0.9321 46.0208 375838 337.803
0.9322 46.0607 373509 336.068
0.9323 46.0971 372388 335.287
0.9324 46.1366 371232 334.393
0.9325 46.1749 370629 333.896
0.9326 46.2123 369713 333.21
0.9327 46.2534 368180 332.091
0.9328 46.2901 366587 330.847
0.9329 46.3264 365821 330.492
0.9330 46.3602 364674 329.478
0.9331 46.398 362867 328.19
0.9332 46.437 362053 327.603
0.9333 46.4776 360760 326.636
0.9334 46.5146 359669 325.818
0.9335 46.5554 358492 324.942
0.9336 46.5914 357073 323.678
0.9337 46.6309 354950 322.165
0.9338 46.6693 354366 321.799
0.9339 46.7062 353603 321.292
0.9340 46.7464 351705 319.829
0.9341 46.7862 350305 318.642
0.9342 46.8249 349545 318.01
0.9343 46.8627 348156 316.893
0.9344 46.9031 347701 316.575
0.9345 46.942 346279 315.569
0.9346 46.9798 345274 314.688
0.9347 47.0222 343500 313.311
0.9348 47.0602 342626 312.672
0.9349 47.099 342645 312.637
0.9350 47.1418 339796 310.453
0.9351 47.1818 337712 308.779
0.9352 47.2234 335751 307.101
0.9353 47.26 334545 306.222
0.9354 47.2961 333837 305.858
0.9355 47.335 333123 305.204
0.9356 47.3737 331299 303.776
0.9357 47.4162 329165 304.317
0.9358 47.4541 328918 304.072
0.9359 47.4938 327512 302.832
0.9360 47.5332 326975 302.558
0.9361 47.5751 324629 300.555
0.9362 47.6136 323561 299.949
0.9363 47.6527 322310 298.829
0.9364 47.6936 320588 297.318
0.9365 47.7346 318999 296.112
0.9366 47.7771 317846 295.111
0.9367 47.8171 317055 294.488
0.9368 47.8608 315581 293.474
0.9369 47.9018 314907 292.919
0.9370 47.944 314193 292.456
0.9371 47.9792 314443 292.478
0.9372 48.0159 312861 291.23
0.9373 48.0585 312319 290.81
0.9374 48.0985 310908 289.754
0.9375 48.1395 308480 285.871
0.9376 48.1781 308424 285.697
0.9377 48.2233 306647 284.188
0.9378 48.2671 305576 283.413
0.9379 48.3098 304027 282.096
0.9380 48.3494 301860 280.334
0.9381 48.3937 299287 278.048
0.9382 48.434 297588 276.574
0.9383 48.4697 296444 275.616
0.9384 48.513 295213 274.886
0.9385 48.5562 293846 273.675
0.9386 48.5953 291990 272.096
0.9387 48.6385 290134 270.629
0.9388 48.6794 289297 269.865
0.9389 48.7219 288425 269.195
0.9390 48.7644 288540 269.295
0.9391 48.8113 286205 267.229
0.9392 48.8512 284575 266.004
0.9393 48.896 283845 265.268
0.9394 48.9395 282279 263.926
0.9395 48.9811 280741 262.737
0.9396 49.0259 279599 261.796
0.9397 49.068 278895 261.038
0.9398 49.1111 277231 259.716
0.9399 49.1568 276122 258.864
0.9400 49.2012 275756 258.459
0.9401 49.2433 274553 257.517
0.9402 49.2841 272984 256.095
0.9403 49.3269 270339 253.943
0.9404 49.3713 268852 252.728
0.9405 49.4161 268679 252.573
0.9406 49.4593 267406 251.478
0.9407 49.5045 264690 249.199
0.9408 49.547 264460 248.978
0.9409 49.5885 263722 248.397
0.9410 49.636 262293 247.191
0.9411 49.68 261057 246.199
0.9412 49.7227 259242 244.459
0.9413 49.7659 257517 242.997
0.9414 49.8104 256604 242.156
0.9415 49.8549 254992 240.661
0.9416 49.9008 253744 240.649
0.9417 49.9465 252276 238.404
0.9418 49.9903 251290 237.519
0.9419 50.0337 250927 237.235
0.9420 50.0771 249273 235.661
0.9421 50.12 248375 235.043
0.9422 50.168 245791 233.786
0.9423 50.2155 243717 230.96
0.9424 50.256 243022 231.12
0.9425 50.3042 241354 228.97
0.9426 50.35 239386 227.351
0.9427 50.3946 238947 226.882
0.9428 50.4392 236490 225.721
0.9429 50.4835 234931 223.349
0.9430 50.5288 234188 222.848
0.9431 50.5728 233657 222.204
0.9432 50.6189 233226 221.806
0.9433 50.6665 232077 221.063
0.9434 50.7115 231116 219.936
0.9435 50.7587 229741 218.797
0.9436 50.8064 229000 218.104
0.9437 50.8556 226989 216.407
0.9438 50.9016 225516 215.023
0.9439 50.9502 224648 214.237
0.9440 50.9949 223209 212.953
0.9441 51.0403 222468 212.246
0.9442 51.0858 221700 211.602
0.9443 51.1347 219999 210.073
0.9444 51.181 218952 209.124
0.9445 51.2294 217046 207.622
0.9446 51.2783 215428 206.14
0.9447 51.3262 213325 204.279
0.9448 51.3768 211058 202.249
0.9449 51.4217 210309 201.654
0.9450 51.4725 209163 201.6
0.9451 51.5204 208590 200.087
0.9452 51.5682 207750 199.333
0.9453 51.6176 205576 198.127
0.9454 51.6662 204005 196.155
0.9455 51.7135 202931 195.147
0.9456 51.7594 202020 194.287
0.9457 51.8057 200537 193.096
0.9458 51.8565 198091 190.98
0.9459 51.908 197028 189.922
0.9460 51.9596 195603 188.704
0.9461 52.0081 194207 187.479
0.9462 52.0575 193314 186.574
0.9463 52.1074 192723 186.043
0.9464 52.1575 190713 184.26
0.9465 52.2098 189905 183.454
0.9466 52.2612 188145 181.872
0.9467 52.3127 186575 180.467
0.9468 52.3609 185107 179.251
0.9469 52.4094 184145 178.317
0.9470 52.4616 182590 176.948
0.9471 52.5129 181108 175.61
0.9472 52.5601 179710 174.401
0.9473 52.6098 178527 173.404
0.9474 52.6633 176956 171.987
0.9475 52.7134 175972 171.165
0.9476 52.7677 174396 169.702
0.9477 52.8167 173967 169.337
0.9478 52.8662 173007 168.445
0.9479 52.9161 171037 166.735
0.9480 52.9681 170047 165.733
0.9481 53.0168 169212 164.951
0.9482 53.0715 167539 163.452
0.9483 53.121 166570 162.571
0.9484 53.17 165486 161.669
0.9485 53.2186 164342 160.518
0.9486 53.2728 162782 159.206
0.9487 53.3263 162517 158.925
0.9488 53.379 160569 157.241
0.9489 53.4315 159874 156.505
0.9490 53.4835 158601 155.477
0.9491 53.5309 157353 154.252
0.9492 53.5899 155099 152.148
0.9493 53.6459 153433 150.67
0.9494 53.6997 152780 150.012
0.9495 53.7553 151208 148.532
0.9496 53.8076 149787 147.282
0.9497 53.8628 148035 145.805
0.9498 53.9164 146847 144.595
0.9499 53.969 145533 143.354
0.9500 54.0214 145028 142.902
0.9501 54.0715 143875 141.905
0.9502 54.1263 143274 141.37
0.9503 54.1788 142640 140.741
0.9504 54.2364 140775 139.002
0.9505 54.2894 139935 138.183
0.9506 54.3432 139003 137.309
0.9507 54.3958 138050 136.379
0.9508 54.4524 136698 135.228
0.9509 54.5093 134595 133.229
0.9510 54.5642 134094 132.749
0.9511 54.6187 132929 131.668
0.9512 54.6731 131703 130.587
0.9513 54.7309 130103 129.07
0.9514 54.7832 129476 128.493
0.9515 54.8385 128530 127.506
0.9516 54.8937 127773 126.895
0.9517 54.9495 126715 125.895
0.9518 55.0009 125650 124.869
0.9519 55.0544 124405 123.734
0.9520 55.1114 123132 122.497
0.9521 55.171 122428 121.735
0.9522 55.2298 121613 120.981
0.9523 55.2879 121059 120.472
0.9524 55.3449 120132 119.555
0.9525 55.4037 119068 118.532
0.9526 55.4621 117315 116.925
0.9527 55.5201 116812 116.359
0.9528 55.5769 115701 115.333
0.9529 55.6357 114396 114.164
0.9530 55.6933 113706 113.46
0.9531 55.7467 113016 112.819
0.9532 55.8065 111856 111.689
0.9533 55.8678 110477 110.326
0.9534 55.9254 109536 109.49
0.9535 55.983 108197 108.256
0.9536 56.0378 107038 107.126
0.9537 56.0966 106395 106.512
0.9538 56.1574 105247 105.362
0.9539 56.2151 104438 104.632
0.9540 56.2734 103086 103.334
0.9541 56.3335 101774 102.086
0.9542 56.3927 101011 101.367
0.9543 56.4533 100068 100.495
0.9544 56.5086 99142.3 99.5898
0.9545 56.5706 98064.6 98.5326
0.9546 56.6291 97301.1 97.7989
0.9547 56.6878 96425.5 96.9482
0.9548 56.7504 95366.6 95.9824
0.9549 56.8071 94566.4 95.1792
0.9550 56.8689 93027 93.6745
0.9551 56.9318 92266.4 92.9815
0.9552 56.9946 91655.7 92.4256
0.9553 57.0539 91177.5 91.8759
0.9554 57.1145 90190.6 90.8691
0.9555 57.1727 89115.3 89.8401
0.9556 57.2336 88238.7 89.0134
0.9557 57.2949 87651 88.4837
0.9558 57.3572 86341.7 87.324
0.9559 57.4217 85143.8 86.106
0.9560 57.4825 83919.7 84.9509
0.9561 57.5469 83296.8 84.3099
0.9562 57.612 82149.1 83.2028
0.9563 57.6742 81507.2 82.5244
0.9564 57.7345 80762 81.7132
0.9565 57.801 79533.3 80.5481
0.9566 57.8652 78813.4 79.8409
0.9567 57.9301 77817.5 78.9169
0.9568 57.9921 77026.3 78.1316
0.9569 58.0556 75898.4 77.05
0.9570 58.1153 75487.7 76.6047
0.9571 58.179 74675.5 75.8307
0.9572 58.2442 73909.3 74.9904
0.9573 58.3096 72611.8 73.8043
0.9574 58.3714 72155.7 73.3201
0.9575 58.4411 71443.6 72.61
0.9576 58.5054 70884.5 72.0281
0.9577 58.5693 69923.2 71.0449
0.9578 58.641 69027.9 70.1899
0.9579 58.7053 67964.5 69.1803
0.9580 58.7728 66964.8 68.1328
0.9581 58.8379 66267.9 67.4942
0.9582 58.9024 65568.8 66.7564
0.9583 58.9698 64280.1 65.5259
0.9584 59.0372 63565.4 64.8052
0.9585 59.1011 62936.2 64.1984
0.9586 59.1712 62122.9 63.4081
0.9587 59.2365 61759.4 62.9734
0.9588 59.3065 61137.9 62.3921
0.9589 59.3714 60336.6 61.573
0.9590 59.4412 59369.6 60.6186
0.9591 59.5143 58447.8 59.7389
0.9592 59.5795 58213.6 59.4482
0.9593 59.6464 57364.6 58.5659
0.9594 59.7113 56579 57.8948
0.9595 59.779 55817.1 57.0681
0.9596 59.8467 55275.7 56.4964
0.9597 59.9124 54392.7 55.6661
0.9598 59.9824 53940.2 55.2112
0.9599 60.0507 52966.6 54.2402
0.9600 60.1182 52577.5 53.811
0.9601 60.1874 51674.8 52.9542
0.9602 60.257 51076.3 52.3458
0.9603 60.3286 50258.7 51.6135
0.9604 60.4009 49711.1 51.0292
0.9605 60.4745 49242.2 50.5498
0.9606 60.5435 48627.2 49.915
0.9607 60.612 48022.6 49.3003
0.9608 60.6804 47703.7 48.9322
0.9609 60.7505 46948.6 48.216
0.9610 60.8191 46643.8 47.8861
0.9611 60.8957 45772.4 47.0282
0.9612 60.9659 45209 46.4149
0.9613 61.0389 44725.4 45.9665
0.9614 61.1101 44010.7 45.2459
0.9615 61.1839 43409.9 44.6205
0.9616 61.2544 43107.1 44.2502
0.9617 61.3276 42242.7 43.4961
0.9618 61.4061 41636.4 42.872
0.9619 61.4824 41041.8 42.2475
0.9620 61.5565 40562.3 41.7973
0.9621 61.6326 39883.3 41.0184
0.9622 61.7066 39115.3 40.2895
0.9623 61.7826 38570.6 39.6948
0.9624 61.8562 38412.2 39.544
0.9625 61.9272 38087.5 39.1704
0.9626 61.9972 37578.5 38.6685
0.9627 62.0695 37061.9 38.1139
0.9628 62.1447 36737.6 37.8122
0.9629 62.2231 35981.6 37.0755
0.9630 62.2957 35554 36.5942
0.9631 62.3705 35229 36.2976
0.9632 62.4464 34790.2 35.8706
0.9633 62.5227 34241.6 35.3084
0.9634 62.598 33785.5 34.8063
0.9635 62.6759 33254.8 34.2969
0.9636 62.7526 32870.2 33.8625
0.9637 62.8307 32295.9 33.2717
0.9638 62.9083 31798.1 32.8166
0.9639 62.9882 31436.8 32.4118
0.9640 63.0653 31018 31.9781
0.9641 63.1453 30555.5 31.4949
0.9642 63.2253 29793.4 30.7759
0.9643 63.3014 29507.3 30.4775
0.9644 63.3827 28987.9 29.9488
0.9645 63.4628 28624.8 29.6049
0.9646 63.5381 28123.1 29.0879
0.9647 63.6174 27664.5 28.5888
0.9648 63.6978 27289.6 28.1955
0.9649 63.7719 27042.5 27.9261
0.9650 63.8562 26888.1 27.7273
0.9651 63.9332 26318.7 27.2083
0.9652 64.0157 25938.1 26.7614
0.9653 64.0976 25705.6 26.4982
0.9654 64.1783 25243.7 26.0379
0.9655 64.2611 24725.1 25.5133
0.9656 64.3418 24398.5 25.1052
0.9657 64.4259 24156.6 24.8088
0.9658 64.5115 23597.6 24.2712
0.9659 64.5921 23083.9 23.7364
0.9660 64.673 22731.9 23.417
0.9661 64.751 22408.6 23.0631
0.9662 64.835 22108.4 22.736
0.9663 64.9238 21869.1 22.4843
0.9664 65.0073 21194.6 21.8352
0.9665 65.0887 20917.9 21.55
0.9666 65.1736 20430.8 21.0488
0.9667 65.2623 20053.1 20.6769
0.9668 65.3475 19604.1 20.2335
0.9669 65.4396 19285.8 19.9163
0.9670 65.5239 19049.4 19.6374
0.9671 65.6075 18697.9 19.2657
0.9672 65.6936 18590.4 19.121
0.9673 65.7814 18149.7 18.6787
0.9674 65.8688 17979 18.4427
0.9675 65.955 17888.8 18.3341
0.9676 66.041 17523.2 17.9653
0.9677 66.1274 17093.8 17.5506
0.9678 66.2206 16433.2 16.9663
0.9679 66.3125 16046.7 16.5667
0.9680 66.396 16111.8 16.5605
0.9681 66.487 15839.4 16.2717
0.9682 66.5738 15644.4 16.0988
0.9683 66.6587 15617.7 15.9865
0.9684 66.7434 15566.5 15.8812
0.9685 66.8298 15201.5 15.5468
0.9686 66.9184 14816.5 15.1923
0.9687 67.0076 14541.6 14.914
0.9688 67.0978 14166.3 14.5654
0.9689 67.1894 13896.4 14.2849
0.9690 67.278 13667.3 14.0529
0.9691 67.3708 13435.5 13.8268
0.9692 67.4641 13037.4 13.4281
0.9693 67.5605 12766 13.1322
0.9694 67.6508 12581.6 12.93
0.9695 67.7422 12545.3 12.8778
0.9696 67.8414 12311.3 12.6126
0.9697 67.9349 12051.2 12.3323
0.9698 68.0317 11714 11.9956
0.9699 68.1289 11498.6 11.7692
0.9700 68.2238 11426.5 11.6811
0.9701 68.3121 11201.9 11.4663
0.9702 68.4093 10985.5 11.2669
0.9703 68.5019 10802.5 11.0784
0.9704 68.5966 10635.9 10.8841
0.9705 68.6914 10574.5 10.7918
0.9706 68.791 10348.4 10.5598
0.9707 68.89 10202.5 10.3725
0.9708 68.978 9951.13 10.1416
0.9709 69.0766 9786.14 9.9581
0.9710 69.1776 9707.13 9.8303
0.9711 69.277 9462 9.5755
0.9712 69.3712 9394.39 9.4646
0.9713 69.4691 9385.87 9.416
0.9714 69.5685 9352.5 9.3823
0.9715 69.6703 8945.58 9.0214
0.9716 69.7771 8698.97 8.7278
0.9717 69.8775 8398.38 8.47
0.9718 69.9779 8152.24 8.2215
0.9719 70.0769 7971.84 8.0502
0.9720 70.1747 7797.29 7.9019
0.9721 70.2757 7662.58 7.7725
0.9722 70.3741 7497.87 7.5779
0.9723 70.4772 7290.27 7.3788
0.9724 70.5819 7182.33 7.2672
0.9725 70.6819 6900.25 6.9915
0.9726 70.7857 6601.79 6.737
0.9727 70.8955 6483.1 6.5972
0.9728 71.0007 6360.18 6.4592
0.9729 71.1064 6233.2 6.3006
0.9730 71.2129 6142.07 6.1981
0.9731 71.3161 5961.17 6.0103
0.9732 71.4276 5783.8 5.8507
0.9733 71.5428 5778.67 5.7842
0.9734 71.6452 5681.77 5.6791
0.9735 71.7499 5527.46 5.53
0.9736 71.8549 5532.65 5.5037
0.9737 71.9606 5450.53 5.4286
0.9738 72.0734 5375.25 5.3329
0.9739 72.1841 5301.16 5.247
0.9740 72.2961 5159.51 5.1023
0.9741 72.4028 4983.18 4.9551
0.9742 72.5102 4840.59 4.8131
0.9743 72.6196 4895.42 4.8302
0.9744 72.7276 4784.02 4.7349
0.9745 72.8359 4623.19 4.5832
0.9746 72.9455 4491.56 4.4583
0.9747 73.0568 4420.12 4.3478
0.9748 73.1636 4360.4 4.2893
0.9749 73.2845 4321.64 4.23
0.9750 73.399 4329.78 4.1821
0.9751 73.5136 4156.37 4.0354
0.9752 73.6313 4134.13 3.989
0.9753 73.7438 4022.25 3.871
0.9754 73.8646 3774.34 3.678
0.9755 73.9796 3705.77 3.5859
0.9756 74.0964 3599.72 3.4967
0.9757 74.2091 3534.63 3.3952
0.9758 74.3257 3452.86 3.3199
0.9759 74.4395 3364.54 3.2306
0.9760 74.558 3314.01 3.1704
0.9761 74.6787 3304.57 3.1507
0.9762 74.7959 3189.02 3.0378
0.9763 74.9145 3109.53 2.9479
0.9764 75.0333 3056.46 2.907
0.9765 75.1444 3183.23 2.978
0.9766 75.2638 3158.88 2.9283
0.9767 75.3916 2960.71 2.7931
0.9768 75.5173 2768.86 2.6665
0.9769 75.6405 2671.06 2.5817
0.9770 75.7688 2600.33 2.5026
0.9771 75.8929 2554.71 2.4446
0.9772 76.0118 2457.23 2.3349
0.9773 76.1375 2414.91 2.296
0.9774 76.2626 2425.25 2.2808
0.9775 76.3935 2369.75 2.211
0.9776 76.5247 2349.66 2.1804
0.9777 76.6583 2366.26 2.1552
0.9778 76.7906 2284.41 2.0855
0.9779 76.9222 2195.39 1.9929
0.9780 77.0521 2095 1.9167
0.9781 77.1779 2013.64 1.8403
0.9782 77.3091 1910.86 1.7531
0.9783 77.4319 1912.89 1.7415
0.9784 77.5615 1860.6 1.6945
0.9785 77.6937 2158.2 1.8012
0.9786 77.8306 1813.72 1.6251
0.9787 77.967 1783.97 1.5792
0.9788 78.1011 1736.34 1.5316
0.9789 78.2386 1690.76 1.4907
0.9790 78.3749 1682.31 1.4663
0.9791 78.5095 1653.63 1.4504
0.9792 78.6454 1587.42 1.3813
0.9793 78.782 1709.86 1.4389
0.9794 78.9165 1754.11 1.4542
0.9795 79.0563 1459.23 1.2768
0.9796 79.1977 1507.39 1.2811
0.9797 79.3403 1442.08 1.2268
0.9798 79.4787 1399.97 1.1802
0.9799 79.6246 1343.38 1.1262
0.9800 79.7724 1256.61 1.055
0.9801 79.9113 1221.52 1.0281
0.9802 80.0513 1197.96 0.9983
0.9803 80.2002 1181.68 0.9812
0.9804 80.3465 1180.03 0.9712
0.9805 80.495 1041.5 0.8711
0.9806 80.644 1010.21 0.8346
0.9807 80.7955 995.563 0.8243
0.9808 80.9416 944.502 0.7799
0.9809 81.0876 924.938 0.7571
0.9810 81.2333 930.301 0.7474
0.9811 81.3895 924.434 0.7311
0.9812 81.5384 935.122 0.7259
0.9813 81.6917 893.247 0.6856
0.9814 81.8412 832.262 0.6441
0.9815 81.9951 775.769 0.5982
0.9816 82.1452 735.768 0.5636
0.9817 82.2981 822.381 0.6075
0.9818 82.4508 836.916 0.6108
0.9819 82.606 836.975 0.6032
0.9820 82.7585 699.785 0.5142
0.9821 82.9175 672.044 0.4901
0.9822 83.0815 666.223 0.4822
0.9823 83.2381 654.741 0.4691
0.9824 83.393 613.737 0.4325
0.9825 83.5526 607.758 0.4228
0.9826 83.7168 585.996 0.4022
0.9827 83.8789 579.06 0.3918
0.9828 84.0465 559.379 0.3718
0.9829 84.2097 554.5 0.3738
0.9830 84.3763 531.959 0.3497
0.9831 84.537 512.736 0.3331
0.9832 84.7059 491.695 0.3094
0.9833 84.8727 467.968 0.292
0.9834 85.0456 468.022 0.2871
0.9835 85.2158 445.321 0.2628
0.9836 85.3925 442.423 0.2605
0.9837 85.5684 437.917 0.2535
0.9838 85.7347 440.27 0.257
0.9839 85.91 417.02 0.2353
0.9840 86.0823 409.569 0.2295
0.9841 86.2589 407.207 0.2294
0.9842 86.4401 379.191 0.2044
0.9843 86.6141 373.823 0.2013
0.9844 86.7935 353.808 0.1775
0.9845 86.9751 341.828 0.1675
0.9846 87.1552 321.106 0.1515
0.9847 87.3367 316.215 0.148
0.9848 87.5129 323.256 0.1546
0.9849 87.7021 313.633 0.1471
0.9850 87.8848 301.381 0.1373
0.9851 88.0751 285.073 0.1207
0.9852 88.2621 276.749 0.1137
0.9853 88.4535 259.284 0.0971
0.9854 88.6475 253.992 0.0954
0.9855 88.843 252.892 0.0932
0.9856 89.0318 258.931 0.0983
0.9857 89.2215 247.304 0.0874
0.9858 89.4182 245.19 0.0858
0.9859 89.6168 234.946 0.076
0.9860 89.8109 231.678 0.0746
0.9861 90.0083 224.98 0.0695
0.9862 90.214 219.785 0.0644
0.9863 90.4106 213.689 0.0598
0.9864 90.6122 205.916 0.0516
0.9865 90.8123 201.394 0.05
0.9866 91.0114 195.669 0.0453
0.9867 91.2139 194.378 0.0426
0.9868 91.4187 191.204 0.0409
0.9869 91.6269 197.397 0.0459
0.9870 91.835 197.351 0.0479
0.9871 92.0562 194.322 0.0468
0.9872 92.2647 184.775 0.0399
0.9873 92.4853 174.495 0.0296
0.9874 92.6997 171.879 0.0289
0.9875 92.9198 168.973 0.0266
0.9876 93.1368 167.52 0.0272
0.9877 93.3551 166.2 0.0267
0.9878 93.5826 165.419 0.0278
0.9879 93.81 162.261 0.0237
0.9880 94.0374 163.093 0.0242
0.9881 94.2612 157.389 0.0194
0.9882 94.4905 154.019 0.0169
0.9883 94.7233 150.265 0.0135
0.9884 94.9534 149.088 0.0141
0.9885 95.1967 146.656 0.0142
0.9886 95.4477 143.998 0.012
0.9887 95.687 142.746 0.0118
0.9888 95.9221 139.204 0.0102
0.9889 96.1588 138.019 0.0101
0.9890 96.3957 137.228 0.0099
0.9891 96.6326 136.327 0.0099
0.9892 96.8767 135.262 0.0094
0.9893 97.1214 134.825 0.0084
0.9894 97.3653 133.798 0.0086
0.9895 97.6148 132.789 0.0083
0.9896 97.8769 131.237 0.0074
0.9897 98.1398 130.919 0.0074
0.9898 98.4076 129.192 0.006
0.9899 98.6641 127.443 0.0065
0.9900 98.9204 126.412 0.0048
0.9901 99.1827 125.456 0.0051
0.9902 99.4541 125.11 0.0042
0.9903 99.7161 124.209 0.0031
0.9904 99.9876 123.225 0.0037
0.9905 100.268 122.28 0.0029
0.9906 100.543 122.005 0.0033
0.9907 100.828 121.307 0.0032
0.9908 101.114 120.998 0.0025
0.9909 101.404 120.15 0.0032
0.9910 101.686 119.586 0.0029
0.9911 101.988 119.112 0.0423
0.9912 102.299 118.621 0.0377
0.9913 102.595 118.365 0.0398
0.9914 102.894 117.768 0.038
0.9915 103.194 117.152 0.0416
0.9916 103.492 116.977 0.0413
0.9917 103.801 116.815 0.0414
0.9918 104.119 116.168 0.0456
0.9919 104.434 115.845 0.0491
0.9920 104.754 115.515 0.0455
0.9921 105.075 115.243 0.0362
0.9922 105.401 115.053 0.0504
0.9923 105.719 114.686 0.0402
0.9924 106.05 114.484 0.0454
0.9925 106.384 114.424 0.047
0.9926 106.717 114.117 0.0523
0.9927 107.046 114.061 0.0522
0.9928 107.39 114.201 0.0574
0.9929 107.743 114.179 0.0498
0.9930 108.094 114.166 0.0522
0.9931 108.445 113.883 0.0723
0.9932 108.804 113.947 0.0756
0.9933 109.165 114.029 0.0713
0.9934 109.53 113.931 0.0672
0.9935 109.894 113.96 0.078
0.9936 110.276 114.155 0.0763
0.9937 110.654 114.34 0.0774
0.9938 111.03 114.469 0.0771
0.9939 111.413 114.584 0.0746
0.9940 111.802 114.722 0.075
0.9941 112.199 114.867 0.0684
0.9942 112.62 114.962 0.0673
0.9943 113.007 115.266 0.0755
0.9944 113.402 115.51 0.0707
0.9945 113.802 115.684 0.073
0.9946 114.217 116.065 0.0727
0.9947 114.653 116.332 0.076
0.9948 115.087 116.739 0.0694
0.9949 115.515 117.022 0.0791
0.9950 115.95 117.328 0.0724
0.9951 116.393 117.631 0.0791
0.9952 116.836 118.068 0.0784
0.9953 117.294 118.438 0.0733
0.9954 117.752 118.761 0.0801
0.9955 118.23 119.062 0.0799
0.9956 118.709 119.496 0.0788
0.9957 119.186 119.839 0.0743
0.9958 119.667 120.172 0.0798
0.9959 120.159 120.621 0.0809
0.9960 120.673 121.079 0.0819
0.9961 121.188 121.584 0.0853
0.9962 121.707 122.06 0.0844
0.9963 122.238 122.557 0.0855
0.9964 122.761 123.069 0.0891
0.9965 123.3 123.55 0.0914
0.9966 123.856 124.097 0.0911
0.9967 124.411 124.606 0.0907
0.9968 124.972 125.105 0.0949
0.9969 125.545 125.679 0.0979
0.9970 126.121 126.194 0.1036
0.9971 126.7 126.774 0.1103
0.9972 127.302 127.363 0.1165
0.9973 127.924 127.973 0.1077
0.9974 128.54 128.577 0.1122
0.9975 129.181 129.206 0.1137
0.9976 129.826 129.838 0.1234
0.9977 130.481 130.493 0.1228
0.9978 131.149 131.149 0.1357
0.9979 131.823 131.823 0.1469
0.9980 132.505 132.505 0.1446
0.9981 133.209 133.209 0.1414
0.9982 133.93 133.93 0.1407
0.9983 134.667 134.667 0.1412
0.9984 135.41 135.41 0.1572
0.9985 136.166 136.166 0.1517
0.9986 136.93 136.93 0.1512
0.9987 137.721 137.721 0.1594
0.9988 138.536 138.536 0.1603
0.9989 139.357 139.357 0.1757
0.9990 140.215 140.215 0.1799
0.9991 141.094 141.094 0.1765
0.9992 141.987 141.987 0.1952
0.9993 142.894 142.894 0.2011
0.9994 143.839 143.839 0.2066
0.9995 144.784 144.784 0.2131
0.9996 145.767 145.767 0.2225
0.9997 146.789 146.789 0.2325
0.9998 147.83 147.83 0.2366
0.9999 148.904 148.904 0.1497
